g++ -Wno-write-strings  -c -march=native  -ggdb -DLINUX -Wall -fpermissive -std=gnu++98 account.cpp 
g++ -Wno-write-strings  -c -march=native  -ggdb -DLINUX -Wall -fpermissive -std=gnu++98 act.comm.cpp 
act.comm.cpp:29:20: warning: ‘rev_d’ initialized and declared ‘extern’
   29 | extern const char* rev_d[] = { "the south,", "the west,", "the north,",
      |                    ^~~~~
act.comm.cpp: In function ‘int static_it(OBJ_DATA*, char*, char*, bool, int)’:
act.comm.cpp:156:13: warning: variable ‘got_one’ set but not used [-Wunused-but-set-variable]
  156 |         int got_one = 0;
      |             ^~~~~~~
act.comm.cpp: In function ‘void heard_action(CHAR_DATA*, char*, char*, int, int)’:
act.comm.cpp:264:16: warning: format not a string literal and no format arguments [-Wformat-security]
  264 |         sprintf(buf3, flavour);
      |         ~~~~~~~^~~~~~~~~~~~~~~
act.comm.cpp: In function ‘void reformat_say_string(char*, char**, CHAR_DATA*)’:
act.comm.cpp:363:15: warning: variable ‘r’ set but not used [-Wunused-but-set-variable]
  363 |         char* r = '\0';
      |               ^
act.comm.cpp: In function ‘bool seen_hidde_emote(CHAR_DATA*, CHAR_DATA*, int)’:
act.comm.cpp:930:28: warning: cast to pointer from integer of different size [-Wint-to-pointer-cast]
  930 |                         && (CHAR_DATA *) af->a.spell.t == src) {
      |                            ^~~~~~~~~~~~~~~~~~~~~~~~~~~
act.comm.cpp: In function ‘void do_hemote(CHAR_DATA*, char*, int)’:
act.comm.cpp:1173:24: warning: format not a string literal and no format arguments [-Wformat-security]
 1173 |                 sprintf(copy, argument);
      |                 ~~~~~~~^~~~~~~~~~~~~~~~
act.comm.cpp: In function ‘void do_emote(CHAR_DATA*, char*, int)’:
act.comm.cpp:1434:24: warning: format not a string literal and no format arguments [-Wformat-security]
 1434 |                 sprintf(copy, argument);
      |                 ~~~~~~~^~~~~~~~~~~~~~~~
act.comm.cpp: In function ‘void do_temote(CHAR_DATA*, char*, int)’:
act.comm.cpp:1996:24: warning: format not a string literal and no format arguments [-Wformat-security]
 1996 |                 sprintf(copy, argument);
      |                 ~~~~~~~^~~~~~~~~~~~~~~~
act.comm.cpp: In function ‘void do_say(CHAR_DATA*, char*, int)’:
act.comm.cpp:2580:16: warning: format not a string literal and no format arguments [-Wformat-security]
 2580 |         sprintf(argument, new_string.c_str());
      |         ~~~~~~~^~~~~~~~~~~~~~~~~~~~~~~~~~~~~~
act.comm.cpp:2582:16: warning: format not a string literal and no format arguments [-Wformat-security]
 2582 |         sprintf(buf4, argument); /* The intended message, sent to the player. */
      |         ~~~~~~~^~~~~~~~~~~~~~~~
act.comm.cpp:2583:16: warning: format not a string literal and no format arguments [-Wformat-security]
 2583 |         sprintf(buf5, argument);
      |         ~~~~~~~^~~~~~~~~~~~~~~~
act.comm.cpp:2584:16: warning: format not a string literal and no format arguments [-Wformat-security]
 2584 |         sprintf(buf2, argument);
      |         ~~~~~~~^~~~~~~~~~~~~~~~
act.comm.cpp:2686:32: warning: format not a string literal and no format arguments [-Wformat-security]
 2686 |                         sprintf(buf2, argument);
      |                         ~~~~~~~^~~~~~~~~~~~~~~~
act.comm.cpp:2927:35: warning: format not a string literal and no format arguments [-Wformat-security]
 2927 |                 sprintf(argument, buf5);
      |                                   ^~~~
act.comm.cpp:2962:48: warning: format not a string literal and no format arguments [-Wformat-security]
 2962 |                                         sprintf(buf2, argument);
      |                                         ~~~~~~~^~~~~~~~~~~~~~~~
act.comm.cpp:3191:59: warning: format not a string literal and no format arguments [-Wformat-security]
 3191 |                                         sprintf(argument, buf5);
      |                                                           ^~~~
act.comm.cpp:2277:13: warning: variable ‘talked_to_another’ set but not used [-Wunused-but-set-variable]
 2277 |         int talked_to_another = 0, i = 0, key_e = 0;
      |             ^~~~~~~~~~~~~~~~~
g++ -Wno-write-strings  -c -march=native  -ggdb -DLINUX -Wall -fpermissive -std=gnu++98 act.informative.cpp 
act.comm.cpp: In function ‘void do_whisper(CHAR_DATA*, char*, int)’:
act.comm.cpp:4423:24: warning: format not a string literal and no format arguments [-Wformat-security]
 4423 |                 sprintf(buf2, p);
      |                 ~~~~~~~^~~~~~~~~
act.comm.cpp:4500:28: warning: format not a string literal and no format arguments [-Wformat-security]
 4500 |                 sprintf(p, buf3);
      |                            ^~~~
act.comm.cpp: In function ‘void do_shout(CHAR_DATA*, char*, int)’:
act.comm.cpp:4778:32: warning: format not a string literal and no format arguments [-Wformat-security]
 4778 |                 sprintf(voice, buf5);
      |                                ^~~~
act.comm.cpp:4801:16: warning: format not a string literal and no format arguments [-Wformat-security]
 4801 |         sprintf(buf4, argument); /* The intended message, sent to the player. */
      |         ~~~~~~~^~~~~~~~~~~~~~~~
act.comm.cpp:4847:24: warning: format not a string literal and no format arguments [-Wformat-security]
 4847 |                 sprintf(buf2, argument); /* Reset, for next listener. */
      |                 ~~~~~~~^~~~~~~~~~~~~~~~
act.comm.cpp:4955:40: warning: format not a string literal and no format arguments [-Wformat-security]
 4955 |                                 sprintf(buf2, argument); /* Reset. */
      |                                 ~~~~~~~^~~~~~~~~~~~~~~~
act.comm.cpp:5056:40: warning: format not a string literal and no format arguments [-Wformat-security]
 5056 |                                 sprintf(buf2, argument); /* Reset. */
      |                                 ~~~~~~~^~~~~~~~~~~~~~~~
act.comm.cpp:5066:38: warning: variable ‘deciphered’ set but not used [-Wunused-but-set-variable]
 5066 |                                 bool deciphered = false;
      |                                      ^~~~~~~~~~
act.comm.cpp: In function ‘void do_think(CHAR_DATA*, char*, int)’:
act.comm.cpp:721:67: warning: ‘%s’ directive writing up to 49151 bytes into a region of size 49140 [-Wformat-overflow=]
  721 |                                         sprintf(buf, "I don't see %s here.\n", key);
      |                                                                   ^~           ~~~
act.comm.cpp:721:48: note: ‘sprintf’ output between 20 and 49171 bytes into a destination of size 49152
  721 |                                         sprintf(buf, "I don't see %s here.\n", key);
      |                                         ~~~~~~~^~~~~~~~~~~~~~~~~~~~~~~~~~~~~~~~~~~~
act.comm.cpp:692:67: warning: ‘%s’ directive writing up to 49151 bytes into a region of size 49140 [-Wformat-overflow=]
  692 |                                         sprintf(buf, "I don't see %s here.\n", key);
      |                                                                   ^~           ~~~
act.comm.cpp:692:48: note: ‘sprintf’ output between 20 and 49171 bytes into a destination of size 49152
  692 |                                         sprintf(buf, "I don't see %s here.\n", key);
      |                                         ~~~~~~~^~~~~~~~~~~~~~~~~~~~~~~~~~~~~~~~~~~~
act.comm.cpp:779:33: warning: ‘, you thought: ’ directive writing 15 bytes into a region of size between 1 and 49152 [-Wformat-overflow=]
  779 |                 sprintf(buf, "%s, you thought: %s", feel, argument);
      |                                 ^~~~~~~~~~~~~~~
act.comm.cpp:779:24: note: ‘sprintf’ output 16 or more bytes (assuming 49167) into a destination of size 49152
  779 |                 sprintf(buf, "%s, you thought: %s", feel, argument);
      |                 ~~~~~~~^~~~~~~~~~~~~~~~~~~~~~~~~~~~~~~~~~~~~~~~~~~~
act.comm.cpp:780:47: warning: ‘%s’ directive writing up to 49151 bytes into a region of size 49139 [-Wformat-overflow=]
  780 |                 sprintf(buf1, "#6%s#0 thinks, %s, \"%s\"", GET_NAME(ch), feel,
      |                                               ^~                         ~~~~
act.comm.cpp:780:24: note: ‘sprintf’ output 18 or more bytes (assuming 49169) into a destination of size 49152
  780 |                 sprintf(buf1, "#6%s#0 thinks, %s, \"%s\"", GET_NAME(ch), feel,
      |                 ~~~~~~~^~~~~~~~~~~~~~~~~~~~~~~~~~~~~~~~~~~~~~~~~~~~~~~~~~~~~~~
  781 |                                 argument);
      |                                 ~~~~~~~~~
act.comm.cpp:786:57: warning: ‘%s’ directive writing up to 49151 bytes into a region of size 49129 [-Wformat-overflow=]
  786 |                 sprintf(buf2, "#6You hear #5%s#6 think, %s,\n   \"%s\"#0\n",
      |                                                         ^~
  787 |                                 char_short(ch), feel, p);
      |                                                 ~~~~     
act.comm.cpp:786:24: note: ‘sprintf’ output 34 or more bytes (assuming 49185) into a destination of size 49152
  786 |                 sprintf(buf2, "#6You hear #5%s#6 think, %s,\n   \"%s\"#0\n",
      |                 ~~~~~~~^~~~~~~~~~~~~~~~~~~~~~~~~~~~~~~~~~~~~~~~~~~~~~~~~~~~~
  787 |                                 char_short(ch), feel, p);
      |                                 ~~~~~~~~~~~~~~~~~~~~~~~~
act.comm.cpp: In function ‘void heard_action(CHAR_DATA*, char*, char*, int, int)’:
act.comm.cpp:286:67: warning: ‘%s’ directive writing up to 49151 bytes into a region of size 49150 [-Wformat-overflow=]
  286 |                                                 sprintf(buf, "%s, %s",
      |                                                                   ^~
  287 |                                                                 direction[rev_dir[waf->a.shadow.edge]], buf2);
      |                                                                                                         ~~~~
act.comm.cpp:286:56: note: ‘sprintf’ output 3 or more bytes (assuming 49154) into a destination of size 49152
  286 |                                                 sprintf(buf, "%s, %s",
      |                                                 ~~~~~~~^~~~~~~~~~~~~~~
  287 |                                                                 direction[rev_dir[waf->a.shadow.edge]], buf2);
      |                                                                 ~~~~~~~~~~~~~~~~~~~~~~~~~~~~~~~~~~~~~~~~~~~~~
act.comm.cpp:282:87: warning: ‘%s’ directive writing up to 49151 bytes into a region of size 49130 [-Wformat-overflow=]
  282 |                                                 sprintf(buf, "To the %s, you overhear %s %s.\n",
      |                                                                                       ^~
  283 |                                                                 direction[rev_dir[waf->a.shadow.edge]], buf3,
      |                                                                                                         ~~~~
act.comm.cpp:282:56: note: ‘sprintf’ output 26 or more bytes (assuming 98328) into a destination of size 49152
  282 |                                                 sprintf(buf, "To the %s, you overhear %s %s.\n",
      |                                                 ~~~~~~~^~~~~~~~~~~~~~~~~~~~~~~~~~~~~~~~~~~~~~~~~
  283 |                                                                 direction[rev_dir[waf->a.shadow.edge]], buf3,
      |                                                                 ~~~~~~~~~~~~~~~~~~~~~~~~~~~~~~~~~~~~~~~~~~~~~
  284 |                                                                 buf2);
      |                                                                 ~~~~~
act.comm.cpp: In function ‘void do_ask(CHAR_DATA*, char*, int)’:
act.comm.cpp:4524:44: warning: ‘%s’ directive writing up to 49151 bytes into a region of size 49139 [-Wformat-overflow=]
 4524 |                 sprintf(buf, "$n asks you '%s'", message);
      |                                            ^~    ~~~~~~~
act.comm.cpp:4524:24: note: ‘sprintf’ output between 15 and 49166 bytes into a destination of size 49152
 4524 |                 sprintf(buf, "$n asks you '%s'", message);
      |                 ~~~~~~~^~~~~~~~~~~~~~~~~~~~~~~~~~~~~~~~~~
act.comm.cpp: In function ‘void do_shout(CHAR_DATA*, char*, int)’:
act.comm.cpp:4779:34: warning: ‘%s’ directive writing up to 49151 bytes into a region of size 49150 [-Wformat-overflow=]
 4779 |                 sprintf(buf5, ", %s", voice);
      |                                  ^~   ~~~~~
act.comm.cpp:4779:24: note: ‘sprintf’ output between 3 and 49154 bytes into a destination of size 49152
 4779 |                 sprintf(buf5, ", %s", voice);
      |                 ~~~~~~~^~~~~~~~~~~~~~~~~~~~~
act.comm.cpp:4787:44: warning: ‘sprintf’ may write a terminating nul past the end of the destination [-Wformat-overflow=]
 4787 |                         sprintf(buf, "%s %s", target_key, argument);
      |                                            ^
act.comm.cpp:4787:32: note: ‘sprintf’ output 2 or more bytes (assuming 49153) into a destination of size 49152
 4787 |                         sprintf(buf, "%s %s", target_key, argument);
      |                         ~~~~~~~^~~~~~~~~~~~~~~~~~~~~~~~~~~~~~~~~~~~
act.comm.cpp:4765:67: warning: ‘%s’ directive writing up to 49151 bytes into a region of size 49140 [-Wformat-overflow=]
 4765 |                                         sprintf(buf, "I don't see %s here.\n", key);
      |                                                                   ^~           ~~~
act.comm.cpp:4765:48: note: ‘sprintf’ output between 20 and 49171 bytes into a destination of size 49152
 4765 |                                         sprintf(buf, "I don't see %s here.\n", key);
      |                                         ~~~~~~~^~~~~~~~~~~~~~~~~~~~~~~~~~~~~~~~~~~~
act.comm.cpp:4741:67: warning: ‘%s’ directive writing up to 49151 bytes into a region of size 49140 [-Wformat-overflow=]
 4741 |                                         sprintf(buf, "I don't see %s here.\n", key);
      |                                                                   ^~           ~~~
act.comm.cpp:4741:48: note: ‘sprintf’ output between 20 and 49171 bytes into a destination of size 49152
 4741 |                                         sprintf(buf, "I don't see %s here.\n", key);
      |                                         ~~~~~~~^~~~~~~~~~~~~~~~~~~~~~~~~~~~~~~~~~~~
act.comm.cpp:5095:79: warning: ‘%s’ directive writing up to 49151 bytes into a region of size 49136 [-Wformat-overflow=]
 5095 |                                                 sprintf(buf, "On the stage, $N%s shouts something,",
      |                                                                               ^~
 5096 |                                                                 buf3);
      |                                                                 ~~~~           
act.comm.cpp:5095:56: note: ‘sprintf’ output between 35 and 49186 bytes into a destination of size 49152
 5095 |                                                 sprintf(buf, "On the stage, $N%s shouts something,",
      |                                                 ~~~~~~~^~~~~~~~~~~~~~~~~~~~~~~~~~~~~~~~~~~~~~~~~~~~~
 5096 |                                                                 buf3);
      |                                                                 ~~~~~
act.comm.cpp:5099:88: warning: ‘,’ directive writing 1 byte into a region of size between 0 and 49151 [-Wformat-overflow=]
 5099 |                                                         sprintf(buf + strlen(buf), " %s,", voice);
      |                                                                                        ^
act.comm.cpp:5099:64: note: ‘sprintf’ output between 3 and 49154 bytes into a destination of size 49152
 5099 |                                                         sprintf(buf + strlen(buf), " %s,", voice);
      |                                                         ~~~~~~~^~~~~~~~~~~~~~~~~~~~~~~~~~~~~~~~~~
act.comm.cpp:5081:79: warning: ‘%s’ directive writing up to 49151 bytes into a region of size 49136 [-Wformat-overflow=]
 5081 |                                                 sprintf(buf, "On the stage, $N%s shouts,", buf3);
      |                                                                               ^~           ~~~~
act.comm.cpp:5081:56: note: ‘sprintf’ output between 25 and 49176 bytes into a destination of size 49152
 5081 |                                                 sprintf(buf, "On the stage, $N%s shouts,", buf3);
      |                                                 ~~~~~~~^~~~~~~~~~~~~~~~~~~~~~~~~~~~~~~~~~~~~~~~~
act.comm.cpp:5090:88: warning: ‘,’ directive writing 1 byte into a region of size between 0 and 49151 [-Wformat-overflow=]
 5090 |                                                         sprintf(buf + strlen(buf), " %s,", voice);
      |                                                                                        ^
act.comm.cpp:5090:64: note: ‘sprintf’ output between 3 and 49154 bytes into a destination of size 49152
 5090 |                                                         sprintf(buf + strlen(buf), " %s,", voice);
      |                                                         ~~~~~~~^~~~~~~~~~~~~~~~~~~~~~~~~~~~~~~~~~
act.comm.cpp:5113:53: warning: ‘%s’ directive writing up to 49151 bytes into a region of size 49148 [-Wformat-overflow=]
 5113 |                                 sprintf(buf3, "   \"%s\"\n", buf4);
      |                                                     ^~       ~~~~
act.comm.cpp:5113:40: note: ‘sprintf’ output between 7 and 49158 bytes into a destination of size 49152
 5113 |                                 sprintf(buf3, "   \"%s\"\n", buf4);
      |                                 ~~~~~~~^~~~~~~~~~~~~~~~~~~~~~~~~~~
act.comm.cpp:5045:76: warning: ‘%s’ directive writing up to 49151 bytes into a region of size 49148 [-Wformat-overflow=]
 5045 |                                                         sprintf(buf, "   \"%s\"\n", buf4);
      |                                                                            ^~       ~~~~
act.comm.cpp:5045:64: note: ‘sprintf’ output between 7 and 49158 bytes into a destination of size 49152
 5045 |                                                         sprintf(buf, "   \"%s\"\n", buf4);
      |                                                         ~~~~~~~^~~~~~~~~~~~~~~~~~~~~~~~~~
act.comm.cpp:5043:76: warning: ‘%s’ directive writing up to 49151 bytes into a region of size 49148 [-Wformat-overflow=]
 5043 |                                                         sprintf(buf, "   \"%s\"\n", buf4);
      |                                                                            ^~       ~~~~
act.comm.cpp:5043:64: note: ‘sprintf’ output between 7 and 49158 bytes into a destination of size 49152
 5043 |                                                         sprintf(buf, "   \"%s\"\n", buf4);
      |                                                         ~~~~~~~^~~~~~~~~~~~~~~~~~~~~~~~~~
act.comm.cpp:4944:76: warning: ‘%s’ directive writing up to 49151 bytes into a region of size 49148 [-Wformat-overflow=]
 4944 |                                                         sprintf(buf, "   \"%s\"\n", buf4);
      |                                                                            ^~       ~~~~
act.comm.cpp:4944:64: note: ‘sprintf’ output between 7 and 49158 bytes into a destination of size 49152
 4944 |                                                         sprintf(buf, "   \"%s\"\n", buf4);
      |                                                         ~~~~~~~^~~~~~~~~~~~~~~~~~~~~~~~~~
act.comm.cpp:4942:76: warning: ‘%s’ directive writing up to 49151 bytes into a region of size 49148 [-Wformat-overflow=]
 4942 |                                                         sprintf(buf, "   \"%s\"\n", buf4);
      |                                                                            ^~       ~~~~
act.comm.cpp:4942:64: note: ‘sprintf’ output between 7 and 49158 bytes into a destination of size 49152
 4942 |                                                         sprintf(buf, "   \"%s\"\n", buf4);
      |                                                         ~~~~~~~^~~~~~~~~~~~~~~~~~~~~~~~~~
act.comm.cpp:4820:48: warning: ‘%s’ directive writing up to 49151 bytes into a region of size 49143 [-Wformat-overflow=]
 4820 |                         sprintf(buf, "$N shouts%s,", buf5);
      |                                                ^~    ~~~~
act.comm.cpp:4820:32: note: ‘sprintf’ output between 11 and 49162 bytes into a destination of size 49152
 4820 |                         sprintf(buf, "$N shouts%s,", buf5);
      |                         ~~~~~~~^~~~~~~~~~~~~~~~~~~~~~~~~~~
act.comm.cpp:4818:48: warning: ‘%s’ directive writing up to 49151 bytes into a region of size 49143 [-Wformat-overflow=]
 4818 |                         sprintf(buf, "$N shouts%s,", /*skills[ch->speaks],*/buf5);
      |                                                ^~                           ~~~~
act.informative.cpp:8077:2: warning: "/*" within comment [-Wcomment]
 8077 |  /* Astronomy skill gives knowledge of more precise time
      |   
act.informative.cpp:8167:2: warning: "/*" within comment [-Wcomment]
 8167 |  /* Nimrod commented this out
      |   
act.informative.cpp:8230:2: warning: "/*" within comment [-Wcomment]
 8230 |  /*static char *strRelativeTime[] = {
      |   
act.comm.cpp:4818:32: note: ‘sprintf’ output between 11 and 49162 bytes into a destination of size 49152
 4818 |                         sprintf(buf, "$N shouts%s,", /*skills[ch->speaks],*/buf5);
      |                         ~~~~~~~^~~~~~~~~~~~~~~~~~~~~~~~~~~~~~~~~~~~~~~~~~~~~~~~~~
act.comm.cpp:4824:48: warning: ‘%s’ directive writing up to 49151 bytes into a region of size 49143 [-Wformat-overflow=]
 4824 |                         sprintf(buf, "$N shouts%s, in an unknown tongue,", buf5);
      |                                                ^~                          ~~~~
act.comm.cpp:4824:32: note: ‘sprintf’ output between 33 and 49184 bytes into a destination of size 49152
 4824 |                         sprintf(buf, "$N shouts%s, in an unknown tongue,", buf5);
      |                         ~~~~~~~^~~~~~~~~~~~~~~~~~~~~~~~~~~~~~~~~~~~~~~~~~~~~~~~~
act.comm.cpp:4838:52: warning: ‘%s’ directive writing up to 49151 bytes into a region of size 49148 [-Wformat-overflow=]
 4838 |                                 sprintf(buf, "   \"%s\"\n", buf4);
      |                                                    ^~       ~~~~
act.comm.cpp:4838:40: note: ‘sprintf’ output between 7 and 49158 bytes into a destination of size 49152
 4838 |                                 sprintf(buf, "   \"%s\"\n", buf4);
      |                                 ~~~~~~~^~~~~~~~~~~~~~~~~~~~~~~~~~
act.comm.cpp:4809:56: warning: ‘%s’ directive writing up to 49151 bytes into a region of size 49143 [-Wformat-overflow=]
 4809 |                                 sprintf(buf, "You shout%s,", buf5);
      |                                                        ^~    ~~~~
act.comm.cpp:4809:40: note: ‘sprintf’ output between 11 and 49162 bytes into a destination of size 49152
 4809 |                                 sprintf(buf, "You shout%s,", buf5);
      |                                 ~~~~~~~^~~~~~~~~~~~~~~~~~~~~~~~~~~
act.comm.cpp:4807:56: warning: ‘%s’ directive writing up to 49151 bytes into a region of size 49143 [-Wformat-overflow=]
 4807 |                                 sprintf(buf, "You shout%s,", /*skills[ch->speaks],*/buf5);
      |                                                        ^~                           ~~~~
act.comm.cpp:4807:40: note: ‘sprintf’ output between 11 and 49162 bytes into a destination of size 49152
 4807 |                                 sprintf(buf, "You shout%s,", /*skills[ch->speaks],*/buf5);
      |                                 ~~~~~~~^~~~~~~~~~~~~~~~~~~~~~~~~~~~~~~~~~~~~~~~~~~~~~~~~~
act.comm.cpp:4811:45: warning: ‘%s’ directive writing up to 49151 bytes into a region of size 49148 [-Wformat-overflow=]
 4811 |                         sprintf(buf2, "   \"%s\"", buf4);
      |                                             ^~     ~~~~
act.comm.cpp:4811:32: note: ‘sprintf’ output between 6 and 49157 bytes into a destination of size 49152
 4811 |                         sprintf(buf2, "   \"%s\"", buf4);
      |                         ~~~~~~~^~~~~~~~~~~~~~~~~~~~~~~~~
act.comm.cpp: In function ‘void do_emote(CHAR_DATA*, char*, int)’:
act.comm.cpp:1468:70: warning: ‘%s’ directive writing up to 49151 bytes into a region of size 49138 [-Wformat-overflow=]
 1468 |                                         sprintf(buf2, "On the stage, %s", buf);
      |                                                                      ^~   ~~~
act.comm.cpp:1468:48: note: ‘sprintf’ output between 15 and 49166 bytes into a destination of size 49152
 1468 |                                         sprintf(buf2, "On the stage, %s", buf);
      |                                         ~~~~~~~^~~~~~~~~~~~~~~~~~~~~~~~~~~~~~~
act.comm.cpp:1720:75: warning: ‘$p’ directive writing 2 bytes into a region of size between 1 and 49152 [-Wformat-overflow=]
 1720 |                                                         sprintf(buf, "%s%s$p%s says in a %s,", buf6,
      |                                                                           ^~
act.comm.cpp:1720:64: note: ‘sprintf’ output 25 or more bytes (assuming 98327) into a destination of size 49152
 1720 |                                                         sprintf(buf, "%s%s$p%s says in a %s,", buf6,
      |                                                         ~~~~~~~^~~~~~~~~~~~~~~~~~~~~~~~~~~~~~~~~~~~~
 1721 |                                                                         statics[static_index], buf5,
      |                                                                         ~~~~~~~~~~~~~~~~~~~~~~~~~~~~
 1722 |                                                                         (GET_SEX (ch) == SEX_MALE ?
      |                                                                         ~~~~~~~~~~~~~~~~~~~~~~~~~~~
 1723 |                                                                                         "male voice" : "female voice"));
      |                                                                                         ~~~~~~~~~~~~~~~~~~~~~~~~~~~~~~~
act.comm.cpp:1711:75: warning: ‘$p’ directive writing 2 bytes into a region of size between 1 and 49152 [-Wformat-overflow=]
 1711 |                                                         sprintf(buf, "%s%s$p%s says something in a %s,",
      |                                                                           ^~
act.comm.cpp:1711:64: note: ‘sprintf’ output 35 or more bytes (assuming 98337) into a destination of size 49152
 1711 |                                                         sprintf(buf, "%s%s$p%s says something in a %s,",
      |                                                         ~~~~~~~^~~~~~~~~~~~~~~~~~~~~~~~~~~~~~~~~~~~~~~~~
 1712 |                                                                         buf6, statics[static_index], buf5,
      |                                                                         ~~~~~~~~~~~~~~~~~~~~~~~~~~~~~~~~~~
 1713 |                                                                         (GET_SEX (ch) == SEX_MALE ?
      |                                                                         ~~~~~~~~~~~~~~~~~~~~~~~~~~~
 1714 |                                                                                         "male voice" : "female voice"));
      |                                                                                         ~~~~~~~~~~~~~~~~~~~~~~~~~~~~~~~
act.comm.cpp:1704:75: warning: ‘$p’ directive writing 2 bytes into a region of size between 1 and 49152 [-Wformat-overflow=]
 1704 |                                                         sprintf(buf, "%s%s$p%s says something,", buf6,
      |                                                                           ^~
act.comm.cpp:1704:64: note: ‘sprintf’ output 19 or more bytes (assuming 98321) into a destination of size 49152
 1704 |                                                         sprintf(buf, "%s%s$p%s says something,", buf6,
      |                                                         ~~~~~~~^~~~~~~~~~~~~~~~~~~~~~~~~~~~~~~~~~~~~~~
 1705 |                                                                         statics[static_index], buf5);
      |                                                                         ~~~~~~~~~~~~~~~~~~~~~~~~~~~~
act.comm.cpp:1694:75: warning: ‘$p’ directive writing 2 bytes into a region of size between 1 and 49152 [-Wformat-overflow=]
 1694 |                                                         sprintf(buf, "%s%s$p%s says in a %s,", buf6,
      |                                                                           ^~
act.comm.cpp:1694:64: note: ‘sprintf’ output 25 or more bytes (assuming 98327) into a destination of size 49152
 1694 |                                                         sprintf(buf, "%s%s$p%s says in a %s,", buf6,
      |                                                         ~~~~~~~^~~~~~~~~~~~~~~~~~~~~~~~~~~~~~~~~~~~~
 1695 |                                                                         statics[static_index], buf5,
      |                                                                         ~~~~~~~~~~~~~~~~~~~~~~~~~~~~
 1696 |                                                                         (GET_SEX (ch) == SEX_MALE ?
      |                                                                         ~~~~~~~~~~~~~~~~~~~~~~~~~~~
 1697 |                                                                                         "male voice" : "female voice"));
      |                                                                                         ~~~~~~~~~~~~~~~~~~~~~~~~~~~~~~~
act.comm.cpp:1731:76: warning: ‘%s’ directive writing up to 49151 bytes into a region of size 49148 [-Wformat-overflow=]
 1731 |                                                         sprintf(buf, "   \"%s\"\n", buf4);
      |                                                                            ^~       ~~~~
act.comm.cpp:1731:64: note: ‘sprintf’ output between 7 and 49158 bytes into a destination of size 49152
 1731 |                                                         sprintf(buf, "   \"%s\"\n", buf4);
      |                                                         ~~~~~~~^~~~~~~~~~~~~~~~~~~~~~~~~~
act.comm.cpp: In function ‘void do_say(CHAR_DATA*, char*, int)’:
act.comm.cpp:2456:36: warning: ‘sprintf’ may write a terminating nul past the end of the destination [-Wformat-overflow=]
 2456 |                 sprintf(buf, "%s %s", target_key, argument);
      |                                    ^
act.comm.cpp:2456:24: note: ‘sprintf’ output 2 or more bytes (assuming 49153) into a destination of size 49152
 2456 |                 sprintf(buf, "%s %s", target_key, argument);
      |                 ~~~~~~~^~~~~~~~~~~~~~~~~~~~~~~~~~~~~~~~~~~~
act.comm.cpp:2446:44: warning: ‘sprintf’ may write a terminating nul past the end of the destination [-Wformat-overflow=]
 2446 |                         sprintf(buf, "%s %s", target_key, argument);
      |                                            ^
act.comm.cpp:2446:32: note: ‘sprintf’ output 2 or more bytes (assuming 49153) into a destination of size 49152
 2446 |                         sprintf(buf, "%s %s", target_key, argument);
      |                         ~~~~~~~^~~~~~~~~~~~~~~~~~~~~~~~~~~~~~~~~~~~
act.comm.cpp:2425:67: warning: ‘%s’ directive writing up to 49151 bytes into a region of size 49140 [-Wformat-overflow=]
 2425 |                                         sprintf(buf, "I don't see %s here.\n", key);
      |                                                                   ^~           ~~~
act.comm.cpp:2425:48: note: ‘sprintf’ output between 20 and 49171 bytes into a destination of size 49152
 2425 |                                         sprintf(buf, "I don't see %s here.\n", key);
      |                                         ~~~~~~~^~~~~~~~~~~~~~~~~~~~~~~~~~~~~~~~~~~~
act.comm.cpp:2401:67: warning: ‘%s’ directive writing up to 49151 bytes into a region of size 49140 [-Wformat-overflow=]
 2401 |                                         sprintf(buf, "I don't see %s here.\n", key);
      |                                                                   ^~           ~~~
act.comm.cpp:2401:48: note: ‘sprintf’ output between 20 and 49171 bytes into a destination of size 49152
 2401 |                                         sprintf(buf, "I don't see %s here.\n", key);
      |                                         ~~~~~~~^~~~~~~~~~~~~~~~~~~~~~~~~~~~~~~~~~~~
act.comm.cpp:3280:61: warning: ‘%s’ directive writing up to 49151 bytes into a region of size 49142 [-Wformat-overflow=]
 3280 |                                 sprintf(buf, "You %s,\n   \"%s\"\n", utters[cmd], buf4);
      |                                                             ^~                    ~~~~
act.comm.cpp:3280:40: note: ‘sprintf’ output 13 or more bytes (assuming 49164) into a destination of size 49152
 3280 |                                 sprintf(buf, "You %s,\n   \"%s\"\n", utters[cmd], buf4);
      |                                 ~~~~~~~^~~~~~~~~~~~~~~~~~~~~~~~~~~~~~~~~~~~~~~~~~~~~~~~
act.comm.cpp:3277:61: warning: ‘%s’ directive writing up to 49151 bytes into a region of size 49142 [-Wformat-overflow=]
 3277 |                                 sprintf(buf, "You %s,\n   \"%s\"\n", utters[cmd], // skills[ch->speaks],
      |                                                             ^~
 3278 |                                                 buf4);
      |                                                 ~~~~         
act.comm.cpp:3277:40: note: ‘sprintf’ output 13 or more bytes (assuming 49164) into a destination of size 49152
 3277 |                                 sprintf(buf, "You %s,\n   \"%s\"\n", utters[cmd], // skills[ch->speaks],
      |                                 ~~~~~~~^~~~~~~~~~~~~~~~~~~~~~~~~~~~~~~~~~~~~~~~~~~~~~~~~~~~~~~~~~~~~~~~~
 3278 |                                                 buf4);
      |                                                 ~~~~~
act.comm.cpp:3273:55: warning: ‘%s’ directive writing up to 49151 bytes into a region of size 49146 [-Wformat-overflow=]
 3273 |                                 sprintf(buf, "You %s, %s,\n   \"%s\"\n", utters[cmd], voice,
      |                                                       ^~                              ~~~~~
act.comm.cpp:3273:40: note: ‘sprintf’ output 15 or more bytes (assuming 98317) into a destination of size 49152
 3273 |                                 sprintf(buf, "You %s, %s,\n   \"%s\"\n", utters[cmd], voice,
      |                                 ~~~~~~~^~~~~~~~~~~~~~~~~~~~~~~~~~~~~~~~~~~~~~~~~~~~~~~~~~~~~
 3274 |                                                 buf4);
      |                                                 ~~~~~
act.comm.cpp:3270:55: warning: ‘%s’ directive writing up to 49151 bytes into a region of size 49146 [-Wformat-overflow=]
 3270 |                                 sprintf(buf, "You %s, %s,\n   \"%s\"\n", utters[cmd], //skills[ch->speaks],
      |                                                       ^~
 3271 |                                                 voice, buf4);
      |                                                 ~~~~~  
act.comm.cpp:3270:40: note: ‘sprintf’ output 15 or more bytes (assuming 98317) into a destination of size 49152
 3270 |                                 sprintf(buf, "You %s, %s,\n   \"%s\"\n", utters[cmd], //skills[ch->speaks],
      |                                 ~~~~~~~^~~~~~~~~~~~~~~~~~~~~~~~~~~~~~~~~~~~~~~~~~~~~~~~~~~~~~~~~~~~~~~~~~~~
 3271 |                                                 voice, buf4);
      |                                                 ~~~~~~~~~~~~
act.comm.cpp:3257:74: warning: ‘%s’ directive writing up to 49151 bytes into a region of size 49131 [-Wformat-overflow=]
 3257 |                                 sprintf(buf, "You %s in to #2%s#0,\n   \"%s\"\n", utters[cmd],
      |                                                                          ^~
 3258 |                                                 obj_short_desc(radio), buf4);
      |                                                                        ~~~~
act.comm.cpp:3257:40: note: ‘sprintf’ output 24 or more bytes (assuming 49175) into a destination of size 49152
 3257 |                                 sprintf(buf, "You %s in to #2%s#0,\n   \"%s\"\n", utters[cmd],
      |                                 ~~~~~~~^~~~~~~~~~~~~~~~~~~~~~~~~~~~~~~~~~~~~~~~~~~~~~~~~~~~~~~
 3258 |                                                 obj_short_desc(radio), buf4);
      |                                                 ~~~~~~~~~~~~~~~~~~~~~~~~~~~~
act.comm.cpp:3253:74: warning: ‘%s’ directive writing up to 49151 bytes into a region of size 49131 [-Wformat-overflow=]
 3253 |                                 sprintf(buf, "You %s in to #2%s#0,\n   \"%s\"\n", utters[cmd],
      |                                                                          ^~
 3254 |                                                 obj_short_desc(radio), // skills[ch->speaks],
 3255 |                                                 buf4);
      |                                                 ~~~~                      
act.comm.cpp:3253:40: note: ‘sprintf’ output 24 or more bytes (assuming 49175) into a destination of size 49152
 3253 |                                 sprintf(buf, "You %s in to #2%s#0,\n   \"%s\"\n", utters[cmd],
      |                                 ~~~~~~~^~~~~~~~~~~~~~~~~~~~~~~~~~~~~~~~~~~~~~~~~~~~~~~~~~~~~~~
 3254 |                                                 obj_short_desc(radio), // skills[ch->speaks],
      |                                                 ~~~~~~~~~~~~~~~~~~~~~~~~~~~~~~~~~~~~~~~~~~~~~
 3255 |                                                 buf4);
      |                                                 ~~~~~
act.comm.cpp:3248:68: warning: ‘%s’ directive writing up to 49151 bytes into a region of size 49135 [-Wformat-overflow=]
 3248 |                                 sprintf(buf, "You %s in to #2%s#0, %s,\n   \"%s\"\n",
      |                                                                    ^~
 3249 |                                                 utters[cmd], obj_short_desc(radio), voice, buf4);
      |                                                                                     ~~~~~
act.comm.cpp:3248:40: note: ‘sprintf’ output 26 or more bytes (assuming 98328) into a destination of size 49152
 3248 |                                 sprintf(buf, "You %s in to #2%s#0, %s,\n   \"%s\"\n",
      |                                 ~~~~~~~^~~~~~~~~~~~~~~~~~~~~~~~~~~~~~~~~~~~~~~~~~~~~~
 3249 |                                                 utters[cmd], obj_short_desc(radio), voice, buf4);
      |                                                 ~~~~~~~~~~~~~~~~~~~~~~~~~~~~~~~~~~~~~~~~~~~~~~~~
act.comm.cpp:3244:68: warning: ‘%s’ directive writing up to 49151 bytes into a region of size 49135 [-Wformat-overflow=]
 3244 |                                 sprintf(buf, "You %s in to #2%s#0, %s,\n   \"%s\"\n",
      |                                                                    ^~
 3245 |                                                 utters[cmd], obj_short_desc(radio), //skills[ch->speaks],
 3246 |                                                 voice, buf4);
      |                                                 ~~~~~               
act.comm.cpp:3244:40: note: ‘sprintf’ output 26 or more bytes (assuming 98328) into a destination of size 49152
 3244 |                                 sprintf(buf, "You %s in to #2%s#0, %s,\n   \"%s\"\n",
      |                                 ~~~~~~~^~~~~~~~~~~~~~~~~~~~~~~~~~~~~~~~~~~~~~~~~~~~~~
 3245 |                                                 utters[cmd], obj_short_desc(radio), //skills[ch->speaks],
      |                                                 ~~~~~~~~~~~~~~~~~~~~~~~~~~~~~~~~~~~~~~~~~~~~~~~~~~~~~~~~~
 3246 |                                                 voice, buf4);
      |                                                 ~~~~~~~~~~~~
act.comm.cpp:3236:68: warning: ‘%s’ directive writing up to 49151 bytes into a region of size 49137 [-Wformat-overflow=]
 3236 |                                 sprintf(buf, "You %s #5%s#0,\n   \"%s\"\n", utters[cmd],
      |                                                                    ^~
 3237 |                                                 char_short(target), buf4);
      |                                                                     ~~~~
act.comm.cpp:3236:40: note: ‘sprintf’ output 18 or more bytes (assuming 49169) into a destination of size 49152
 3236 |                                 sprintf(buf, "You %s #5%s#0,\n   \"%s\"\n", utters[cmd],
      |                                 ~~~~~~~^~~~~~~~~~~~~~~~~~~~~~~~~~~~~~~~~~~~~~~~~~~~~~~~~
 3237 |                                                 char_short(target), buf4);
      |                                                 ~~~~~~~~~~~~~~~~~~~~~~~~~
act.comm.cpp:3232:68: warning: ‘%s’ directive writing up to 49151 bytes into a region of size 49137 [-Wformat-overflow=]
 3232 |                                 sprintf(buf, "You %s #5%s#0,\n   \"%s\"\n", utters[cmd],
      |                                                                    ^~
 3233 |                                                 char_short(target), // skills[ch->speaks],
 3234 |                                                 buf4);
      |                                                 ~~~~                
act.comm.cpp:3232:40: note: ‘sprintf’ output 18 or more bytes (assuming 49169) into a destination of size 49152
 3232 |                                 sprintf(buf, "You %s #5%s#0,\n   \"%s\"\n", utters[cmd],
      |                                 ~~~~~~~^~~~~~~~~~~~~~~~~~~~~~~~~~~~~~~~~~~~~~~~~~~~~~~~~
 3233 |                                                 char_short(target), // skills[ch->speaks],
      |                                                 ~~~~~~~~~~~~~~~~~~~~~~~~~~~~~~~~~~~~~~~~~~
 3234 |                                                 buf4);
      |                                                 ~~~~~
act.comm.cpp:3228:62: warning: ‘%s’ directive writing up to 49151 bytes into a region of size 49141 [-Wformat-overflow=]
 3228 |                                 sprintf(buf, "You %s #5%s#0, %s,\n   \"%s\"\n", utters[cmd],
      |                                                              ^~
 3229 |                                                 char_short(target), voice, buf4);
      |                                                                     ~~~~~
act.comm.cpp:3228:40: note: ‘sprintf’ output 20 or more bytes (assuming 98322) into a destination of size 49152
 3228 |                                 sprintf(buf, "You %s #5%s#0, %s,\n   \"%s\"\n", utters[cmd],
      |                                 ~~~~~~~^~~~~~~~~~~~~~~~~~~~~~~~~~~~~~~~~~~~~~~~~~~~~~~~~~~~~
 3229 |                                                 char_short(target), voice, buf4);
      |                                                 ~~~~~~~~~~~~~~~~~~~~~~~~~~~~~~~~
act.comm.cpp:3224:62: warning: ‘%s’ directive writing up to 49151 bytes into a region of size 49141 [-Wformat-overflow=]
 3224 |                                 sprintf(buf, "You %s #5%s#0, %s,\n   \"%s\"\n", utters[cmd],
      |                                                              ^~
 3225 |                                                 char_short(target), //skills[ch->speaks],
 3226 |                                                 voice, buf4);
      |                                                 ~~~~~         
act.comm.cpp:3224:40: note: ‘sprintf’ output 20 or more bytes (assuming 98322) into a destination of size 49152
 3224 |                                 sprintf(buf, "You %s #5%s#0, %s,\n   \"%s\"\n", utters[cmd],
      |                                 ~~~~~~~^~~~~~~~~~~~~~~~~~~~~~~~~~~~~~~~~~~~~~~~~~~~~~~~~~~~~
 3225 |                                                 char_short(target), //skills[ch->speaks],
      |                                                 ~~~~~~~~~~~~~~~~~~~~~~~~~~~~~~~~~~~~~~~~~
 3226 |                                                 voice, buf4);
      |                                                 ~~~~~~~~~~~~
act.comm.cpp:3787:67: warning: ‘$p’ directive writing 2 bytes into a region of size between 1 and 49152 [-Wformat-overflow=]
 3787 |                                                 sprintf(buf, "%s%s$p%s %ss in a %s,", buf6,
      |                                                                   ^~
act.comm.cpp:3787:56: note: ‘sprintf’ output 22 or more bytes (assuming 98324) into a destination of size 49152
 3787 |                                                 sprintf(buf, "%s%s$p%s %ss in a %s,", buf6,
      |                                                 ~~~~~~~^~~~~~~~~~~~~~~~~~~~~~~~~~~~~~~~~~~~
 3788 |                                                                 statics[static_index], buf5, utters[cmd],
      |                                                                 ~~~~~~~~~~~~~~~~~~~~~~~~~~~~~~~~~~~~~~~~~
 3789 |                                                                 (GET_SEX (ch) == SEX_MALE ?
      |                                                                 ~~~~~~~~~~~~~~~~~~~~~~~~~~~
 3790 |                                                                                 "male voice" : "female voice"));
      |                                                                                 ~~~~~~~~~~~~~~~~~~~~~~~~~~~~~~~
act.comm.cpp:3783:67: warning: ‘$p’ directive writing 2 bytes into a region of size between 1 and 49152 [-Wformat-overflow=]
 3783 |                                                 sprintf(buf, "%s%s$p%s %ss, %s,", buf6,
      |                                                                   ^~
act.comm.cpp:3783:56: note: ‘sprintf’ output 8 or more bytes (assuming 147461) into a destination of size 49152
 3783 |                                                 sprintf(buf, "%s%s$p%s %ss, %s,", buf6,
      |                                                 ~~~~~~~^~~~~~~~~~~~~~~~~~~~~~~~~~~~~~~~
 3784 |                                                                 statics[static_index], buf5, utters[cmd],
      |                                                                 ~~~~~~~~~~~~~~~~~~~~~~~~~~~~~~~~~~~~~~~~~
 3785 |                                                                 voice);
      |                                                                 ~~~~~~
act.comm.cpp:3773:67: warning: ‘$p’ directive writing 2 bytes into a region of size between 1 and 49152 [-Wformat-overflow=]
 3773 |                                                 sprintf(buf, "%s%s$p%s %ss something in a %s,", buf6,
      |                                                                   ^~
act.comm.cpp:3773:56: note: ‘sprintf’ output 32 or more bytes (assuming 98334) into a destination of size 49152
 3773 |                                                 sprintf(buf, "%s%s$p%s %ss something in a %s,", buf6,
      |                                                 ~~~~~~~^~~~~~~~~~~~~~~~~~~~~~~~~~~~~~~~~~~~~~~~~~~~~~
 3774 |                                                                 statics[static_index], buf5, utters[cmd],
      |                                                                 ~~~~~~~~~~~~~~~~~~~~~~~~~~~~~~~~~~~~~~~~~
 3775 |                                                                 (GET_SEX (ch) == SEX_MALE ?
      |                                                                 ~~~~~~~~~~~~~~~~~~~~~~~~~~~
 3776 |                                                                                 "male voice" : "female voice"));
      |                                                                                 ~~~~~~~~~~~~~~~~~~~~~~~~~~~~~~~
act.comm.cpp:3769:67: warning: ‘$p’ directive writing 2 bytes into a region of size between 1 and 49152 [-Wformat-overflow=]
 3769 |                                                 sprintf(buf, "%s%s$p%s %ss something %s,", buf6,
      |                                                                   ^~
act.comm.cpp:3769:56: note: ‘sprintf’ output 17 or more bytes (assuming 147470) into a destination of size 49152
 3769 |                                                 sprintf(buf, "%s%s$p%s %ss something %s,", buf6,
      |                                                 ~~~~~~~^~~~~~~~~~~~~~~~~~~~~~~~~~~~~~~~~~~~~~~~~
 3770 |                                                                 statics[static_index], buf5, utters[cmd],
      |                                                                 ~~~~~~~~~~~~~~~~~~~~~~~~~~~~~~~~~~~~~~~~~
 3771 |                                                                 voice);
      |                                                                 ~~~~~~
act.comm.cpp:3761:59: warning: ‘$p’ directive writing 2 bytes into a region of size between 1 and 49152 [-Wformat-overflow=]
 3761 |                                         sprintf(buf, "%s%s$p%s says something,", buf6,
      |                                                           ^~
act.comm.cpp:3761:48: note: ‘sprintf’ output 19 or more bytes (assuming 98321) into a destination of size 49152
 3761 |                                         sprintf(buf, "%s%s$p%s says something,", buf6,
      |                                         ~~~~~~~^~~~~~~~~~~~~~~~~~~~~~~~~~~~~~~~~~~~~~~
 3762 |                                                         statics[static_index], buf5);
      |                                                         ~~~~~~~~~~~~~~~~~~~~~~~~~~~~
act.comm.cpp:3752:67: warning: ‘$p’ directive writing 2 bytes into a region of size between 1 and 49152 [-Wformat-overflow=]
 3752 |                                                 sprintf(buf, "%s%s$p%s %ss in a %s,", buf6,
      |                                                                   ^~
act.comm.cpp:3752:56: note: ‘sprintf’ output 22 or more bytes (assuming 98324) into a destination of size 49152
 3752 |                                                 sprintf(buf, "%s%s$p%s %ss in a %s,", buf6,
      |                                                 ~~~~~~~^~~~~~~~~~~~~~~~~~~~~~~~~~~~~~~~~~~~
 3753 |                                                                 statics[static_index], buf5, utters[cmd],
      |                                                                 ~~~~~~~~~~~~~~~~~~~~~~~~~~~~~~~~~~~~~~~~~
 3754 |                                                                 (GET_SEX (ch) == SEX_MALE ?
      |                                                                 ~~~~~~~~~~~~~~~~~~~~~~~~~~~
 3755 |                                                                                 "male voice" : "female voice"));
      |                                                                                 ~~~~~~~~~~~~~~~~~~~~~~~~~~~~~~~
act.comm.cpp:3748:67: warning: ‘$p’ directive writing 2 bytes into a region of size between 1 and 49152 [-Wformat-overflow=]
 3748 |                                                 sprintf(buf, "%s%s$p%s %ss, %s,", buf6,
      |                                                                   ^~
act.comm.cpp:3748:56: note: ‘sprintf’ output 8 or more bytes (assuming 147461) into a destination of size 49152
 3748 |                                                 sprintf(buf, "%s%s$p%s %ss, %s,", buf6,
      |                                                 ~~~~~~~^~~~~~~~~~~~~~~~~~~~~~~~~~~~~~~~
 3749 |                                                                 statics[static_index], buf5, utters[cmd],
      |                                                                 ~~~~~~~~~~~~~~~~~~~~~~~~~~~~~~~~~~~~~~~~~
 3750 |                                                                 voice);
      |                                                                 ~~~~~~
act.comm.cpp:3798:60: warning: ‘%s’ directive writing up to 49151 bytes into a region of size 49148 [-Wformat-overflow=]
 3798 |                                         sprintf(buf, "   \"%s\"\n", bufScrambled);
      |                                                            ^~       ~~~~~~~~~~~~
act.comm.cpp:3798:48: note: ‘sprintf’ output between 7 and 49158 bytes into a destination of size 49152
 3798 |                                         sprintf(buf, "   \"%s\"\n", bufScrambled);
      |                                         ~~~~~~~^~~~~~~~~~~~~~~~~~~~~~~~~~~~~~~~~~
act.comm.cpp:3847:79: warning: ‘%s’ directive writing up to 49151 bytes into a region of size 49136 [-Wformat-overflow=]
 3847 |                                                 sprintf(buf, "On the stage, $N%s %ss something,", buf3,
      |                                                                               ^~                  ~~~~
act.comm.cpp:3847:56: note: ‘sprintf’ output 30 or more bytes (assuming 49181) into a destination of size 49152
 3847 |                                                 sprintf(buf, "On the stage, $N%s %ss something,", buf3,
      |                                                 ~~~~~~~^~~~~~~~~~~~~~~~~~~~~~~~~~~~~~~~~~~~~~~~~~~~~~~~
 3848 |                                                                 utters[cmd]);
      |                                                                 ~~~~~~~~~~~~
act.comm.cpp:3851:88: warning: ‘,’ directive writing 1 byte into a region of size between 0 and 49151 [-Wformat-overflow=]
 3851 |                                                         sprintf(buf + strlen(buf), " %s,", voice);
      |                                                                                        ^
act.comm.cpp:3851:64: note: ‘sprintf’ output between 3 and 49154 bytes into a destination of size 49152
 3851 |                                                         sprintf(buf + strlen(buf), " %s,", voice);
      |                                                         ~~~~~~~^~~~~~~~~~~~~~~~~~~~~~~~~~~~~~~~~~
act.comm.cpp:3832:79: warning: ‘%s’ directive writing up to 49151 bytes into a region of size 49136 [-Wformat-overflow=]
 3832 |                                                 sprintf(buf, "On the stage, $N%s %ss,", buf3,
      |                                                                               ^~        ~~~~
act.comm.cpp:3832:56: note: ‘sprintf’ output 20 or more bytes (assuming 49171) into a destination of size 49152
 3832 |                                                 sprintf(buf, "On the stage, $N%s %ss,", buf3,
      |                                                 ~~~~~~~^~~~~~~~~~~~~~~~~~~~~~~~~~~~~~~~~~~~~~
 3833 |                                                                 utters[cmd]);
      |                                                                 ~~~~~~~~~~~~
act.comm.cpp:3842:88: warning: ‘,’ directive writing 1 byte into a region of size between 0 and 49151 [-Wformat-overflow=]
 3842 |                                                         sprintf(buf + strlen(buf), " %s,", voice);
      |                                                                                        ^
act.comm.cpp:3842:64: note: ‘sprintf’ output between 3 and 49154 bytes into a destination of size 49152
 3842 |                                                         sprintf(buf + strlen(buf), " %s,", voice);
      |                                                         ~~~~~~~^~~~~~~~~~~~~~~~~~~~~~~~~~~~~~~~~~
act.comm.cpp:3865:53: warning: ‘%s’ directive writing up to 49151 bytes into a region of size 49148 [-Wformat-overflow=]
 3865 |                                 sprintf(buf3, "   \"%s\"\n", buf4);
      |                                                     ^~       ~~~~
act.comm.cpp:3865:40: note: ‘sprintf’ output between 7 and 49158 bytes into a destination of size 49152
 3865 |                                 sprintf(buf3, "   \"%s\"\n", buf4);
      |                                 ~~~~~~~^~~~~~~~~~~~~~~~~~~~~~~~~~~
act.comm.cpp:3529:75: warning: ‘$p’ directive writing 2 bytes into a region of size between 1 and 49152 [-Wformat-overflow=]
 3529 |                                                         sprintf(buf, "%s%s$p%s %ss in a %s,", buf6,
      |                                                                           ^~
act.comm.cpp:3529:64: note: ‘sprintf’ output 22 or more bytes (assuming 98324) into a destination of size 49152
 3529 |                                                         sprintf(buf, "%s%s$p%s %ss in a %s,", buf6,
      |                                                         ~~~~~~~^~~~~~~~~~~~~~~~~~~~~~~~~~~~~~~~~~~~
 3530 |                                                                         statics[static_index], buf5, utters[cmd],
      |                                                                         ~~~~~~~~~~~~~~~~~~~~~~~~~~~~~~~~~~~~~~~~~
 3531 |                                                                         (GET_SEX (ch) == SEX_MALE ?
      |                                                                         ~~~~~~~~~~~~~~~~~~~~~~~~~~~
 3532 |                                                                                         "male voice" : "female voice"));
      |                                                                                         ~~~~~~~~~~~~~~~~~~~~~~~~~~~~~~~
act.comm.cpp:3525:75: warning: ‘$p’ directive writing 2 bytes into a region of size between 1 and 49152 [-Wformat-overflow=]
 3525 |                                                         sprintf(buf, "%s%s$p%s %ss, %s,", buf6,
      |                                                                           ^~
act.comm.cpp:3525:64: note: ‘sprintf’ output 8 or more bytes (assuming 147461) into a destination of size 49152
 3525 |                                                         sprintf(buf, "%s%s$p%s %ss, %s,", buf6,
      |                                                         ~~~~~~~^~~~~~~~~~~~~~~~~~~~~~~~~~~~~~~~
 3526 |                                                                         statics[static_index], buf5, utters[cmd],
      |                                                                         ~~~~~~~~~~~~~~~~~~~~~~~~~~~~~~~~~~~~~~~~~
 3527 |                                                                         voice);
      |                                                                         ~~~~~~
act.comm.cpp:3514:75: warning: ‘$p’ directive writing 2 bytes into a region of size between 1 and 49152 [-Wformat-overflow=]
 3514 |                                                         sprintf(buf, "%s%s$p%s %ss something in a %s,",
      |                                                                           ^~
act.comm.cpp:3514:64: note: ‘sprintf’ output 32 or more bytes (assuming 98334) into a destination of size 49152
 3514 |                                                         sprintf(buf, "%s%s$p%s %ss something in a %s,",
      |                                                         ~~~~~~~^~~~~~~~~~~~~~~~~~~~~~~~~~~~~~~~~~~~~~~~
 3515 |                                                                         buf6, statics[static_index], buf5,
      |                                                                         ~~~~~~~~~~~~~~~~~~~~~~~~~~~~~~~~~~
 3516 |                                                                         utters[cmd],
      |                                                                         ~~~~~~~~~~~~
 3517 |                                                                         (GET_SEX (ch) == SEX_MALE ?
      |                                                                         ~~~~~~~~~~~~~~~~~~~~~~~~~~~
 3518 |                                                                                         "male voice" : "female voice"));
      |                                                                                         ~~~~~~~~~~~~~~~~~~~~~~~~~~~~~~~
act.comm.cpp:3510:75: warning: ‘$p’ directive writing 2 bytes into a region of size between 1 and 49152 [-Wformat-overflow=]
 3510 |                                                         sprintf(buf, "%s%s$p%s %ss something %s,", buf6,
      |                                                                           ^~
act.comm.cpp:3510:64: note: ‘sprintf’ output 17 or more bytes (assuming 147470) into a destination of size 49152
 3510 |                                                         sprintf(buf, "%s%s$p%s %ss something %s,", buf6,
      |                                                         ~~~~~~~^~~~~~~~~~~~~~~~~~~~~~~~~~~~~~~~~~~~~~~~~
 3511 |                                                                         statics[static_index], buf5, utters[cmd],
      |                                                                         ~~~~~~~~~~~~~~~~~~~~~~~~~~~~~~~~~~~~~~~~~
 3512 |                                                                         voice);
      |                                                                         ~~~~~~
act.comm.cpp:3502:67: warning: ‘$p’ directive writing 2 bytes into a region of size between 1 and 49152 [-Wformat-overflow=]
 3502 |                                                 sprintf(buf, "%s%s$p%s says something,", buf6,
      |                                                                   ^~
act.comm.cpp:3502:56: note: ‘sprintf’ output 19 or more bytes (assuming 98321) into a destination of size 49152
 3502 |                                                 sprintf(buf, "%s%s$p%s says something,", buf6,
      |                                                 ~~~~~~~^~~~~~~~~~~~~~~~~~~~~~~~~~~~~~~~~~~~~~~
 3503 |                                                                 statics[static_index], buf5);
      |                                                                 ~~~~~~~~~~~~~~~~~~~~~~~~~~~~
act.comm.cpp:3492:75: warning: ‘$p’ directive writing 2 bytes into a region of size between 1 and 49152 [-Wformat-overflow=]
 3492 |                                                         sprintf(buf, "%s%s$p%s %ss in a %s,", buf6,
      |                                                                           ^~
act.comm.cpp:3492:64: note: ‘sprintf’ output 22 or more bytes (assuming 98324) into a destination of size 49152
 3492 |                                                         sprintf(buf, "%s%s$p%s %ss in a %s,", buf6,
      |                                                         ~~~~~~~^~~~~~~~~~~~~~~~~~~~~~~~~~~~~~~~~~~~
 3493 |                                                                         statics[static_index], buf5, utters[cmd],
      |                                                                         ~~~~~~~~~~~~~~~~~~~~~~~~~~~~~~~~~~~~~~~~~
 3494 |                                                                         (GET_SEX (ch) == SEX_MALE ?
      |                                                                         ~~~~~~~~~~~~~~~~~~~~~~~~~~~
 3495 |                                                                                         "male voice" : "female voice"));
      |                                                                                         ~~~~~~~~~~~~~~~~~~~~~~~~~~~~~~~
act.comm.cpp:3488:75: warning: ‘$p’ directive writing 2 bytes into a region of size between 1 and 49152 [-Wformat-overflow=]
 3488 |                                                         sprintf(buf, "%s%s$p%s %ss, %s,", buf6,
      |                                                                           ^~
act.comm.cpp:3488:64: note: ‘sprintf’ output 8 or more bytes (assuming 147461) into a destination of size 49152
 3488 |                                                         sprintf(buf, "%s%s$p%s %ss, %s,", buf6,
      |                                                         ~~~~~~~^~~~~~~~~~~~~~~~~~~~~~~~~~~~~~~~
 3489 |                                                                         statics[static_index], buf5, utters[cmd],
      |                                                                         ~~~~~~~~~~~~~~~~~~~~~~~~~~~~~~~~~~~~~~~~~
 3490 |                                                                         voice);
      |                                                                         ~~~~~~
act.comm.cpp:3540:68: warning: ‘%s’ directive writing up to 49151 bytes into a region of size 49148 [-Wformat-overflow=]
 3540 |                                                 sprintf(buf, "   \"%s\"\n", buf4);
      |                                                                    ^~       ~~~~
act.comm.cpp:3540:56: note: ‘sprintf’ output between 7 and 49158 bytes into a destination of size 49152
 3540 |                                                 sprintf(buf, "   \"%s\"\n", buf4);
      |                                                 ~~~~~~~^~~~~~~~~~~~~~~~~~~~~~~~~~
act.comm.cpp:3150:100: warning: ‘%s’ directive writing up to 49151 bytes into a region of size 49128 [-Wformat-overflow=]
 3150 |                                                                         "To the %s, you overhear $N%s %s something,",
      |                                                                                                    ^~
 3151 |                                                                         direction[rev_dir[waf->a.shadow.edge]],
 3152 |                                                                         buf3, utters[cmd]/*,
      |                                                                         ~~~~                        
act.comm.cpp:3149:64: note: ‘sprintf’ output 37 or more bytes (assuming 49188) into a destination of size 49152
 3149 |                                                         sprintf(buf,
      |                                                         ~~~~~~~^~~~~
 3150 |                                                                         "To the %s, you overhear $N%s %s something,",
      |                                                                         ~~~~~~~~~~~~~~~~~~~~~~~~~~~~~~~~~~~~~~~~~~~~~
 3151 |                                                                         direction[rev_dir[waf->a.shadow.edge]],
      |                                                                         ~~~~~~~~~~~~~~~~~~~~~~~~~~~~~~~~~~~~~~~
 3152 |                                                                         buf3, utters[cmd]/*,
      |                                                                         ~~~~~~~~~~~~~~~~~~~~
 3153 |                                                                          (tch->skills[ch->speaks] || tongues) ?
      |                                                                          ~~~~~~~~~~~~~~~~~~~~~~~~~~~~~~~~~~~~~~
 3154 |                                                                          skills[ch->speaks] : "an unknown tongue"*/);
      |                                                                          ~~~~~~~~~~~~~~~~~~~~~~~~~~~~~~~~~~~~~~~~~~~
act.comm.cpp:3156:96: warning: ‘,’ directive writing 1 byte into a region of size between 0 and 49151 [-Wformat-overflow=]
 3156 |                                                                 sprintf(buf + strlen(buf), " %s,", voice);
      |                                                                                                ^
act.comm.cpp:3156:72: note: ‘sprintf’ output between 3 and 49154 bytes into a destination of size 49152
 3156 |                                                                 sprintf(buf + strlen(buf), " %s,", voice);
      |                                                                 ~~~~~~~^~~~~~~~~~~~~~~~~~~~~~~~~~~~~~~~~~
act.comm.cpp:3164:100: warning: ‘%s’ directive writing up to 49151 bytes into a region of size 49128 [-Wformat-overflow=]
 3164 |                                                                         "To the %s, you overhear $N%s %s something,",
      |                                                                                                    ^~
 3165 |                                                                         direction[rev_dir[waf->a.shadow.edge]],
 3166 |                                                                         buf3, utters[cmd]/*,
      |                                                                         ~~~~                        
act.comm.cpp:3163:64: note: ‘sprintf’ output 37 or more bytes (assuming 49188) into a destination of size 49152
 3163 |                                                         sprintf(buf,
      |                                                         ~~~~~~~^~~~~
 3164 |                                                                         "To the %s, you overhear $N%s %s something,",
      |                                                                         ~~~~~~~~~~~~~~~~~~~~~~~~~~~~~~~~~~~~~~~~~~~~~
 3165 |                                                                         direction[rev_dir[waf->a.shadow.edge]],
      |                                                                         ~~~~~~~~~~~~~~~~~~~~~~~~~~~~~~~~~~~~~~~
 3166 |                                                                         buf3, utters[cmd]/*,
      |                                                                         ~~~~~~~~~~~~~~~~~~~~
 3167 |                                                                          (tch->skills[ch->speaks] || tongues) ?
      |                                                                          ~~~~~~~~~~~~~~~~~~~~~~~~~~~~~~~~~~~~~~
 3168 |                                                                          skills[ch->speaks] : "an unknown tongue"*/);
      |                                                                          ~~~~~~~~~~~~~~~~~~~~~~~~~~~~~~~~~~~~~~~~~~~
act.comm.cpp:3170:96: warning: ‘,’ directive writing 1 byte into a region of size between 0 and 49151 [-Wformat-overflow=]
 3170 |                                                                 sprintf(buf + strlen(buf), " %s,", voice);
      |                                                                                                ^
act.comm.cpp:3170:72: note: ‘sprintf’ output between 3 and 49154 bytes into a destination of size 49152
 3170 |                                                                 sprintf(buf + strlen(buf), " %s,", voice);
      |                                                                 ~~~~~~~^~~~~~~~~~~~~~~~~~~~~~~~~~~~~~~~~~
act.comm.cpp:3176:97: warning: ‘%s’ directive writing up to 49151 bytes into a region of size 49128 [-Wformat-overflow=]
 3176 |                                                         sprintf(buf, "To the %s, you overhear $N%s %s,",
      |                                                                                                 ^~
 3177 |                                                                         direction[rev_dir[waf->a.shadow.edge]],
 3178 |                                                                         buf3, utters[cmd]);
      |                                                                         ~~~~                     
act.comm.cpp:3176:64: note: ‘sprintf’ output 27 or more bytes (assuming 49178) into a destination of size 49152
 3176 |                                                         sprintf(buf, "To the %s, you overhear $N%s %s,",
      |                                                         ~~~~~~~^~~~~~~~~~~~~~~~~~~~~~~~~~~~~~~~~~~~~~~~~
 3177 |                                                                         direction[rev_dir[waf->a.shadow.edge]],
      |                                                                         ~~~~~~~~~~~~~~~~~~~~~~~~~~~~~~~~~~~~~~~
 3178 |                                                                         buf3, utters[cmd]);
      |                                                                         ~~~~~~~~~~~~~~~~~~
act.comm.cpp:3135:97: warning: ‘%s’ directive writing up to 49151 bytes into a region of size 49128 [-Wformat-overflow=]
 3135 |                                                         sprintf(buf, "To the %s, you overhear $N%s %s,",
      |                                                                                                 ^~
 3136 |                                                                         direction[rev_dir[waf->a.shadow.edge]],
 3137 |                                                                         buf3, utters[cmd]/*,
      |                                                                         ~~~~                     
act.comm.cpp:3135:64: note: ‘sprintf’ output 27 or more bytes (assuming 49178) into a destination of size 49152
 3135 |                                                         sprintf(buf, "To the %s, you overhear $N%s %s,",
      |                                                         ~~~~~~~^~~~~~~~~~~~~~~~~~~~~~~~~~~~~~~~~~~~~~~~~
 3136 |                                                                         direction[rev_dir[waf->a.shadow.edge]],
      |                                                                         ~~~~~~~~~~~~~~~~~~~~~~~~~~~~~~~~~~~~~~~
 3137 |                                                                         buf3, utters[cmd]/*,
      |                                                                         ~~~~~~~~~~~~~~~~~~~~
 3138 |                                                                          (tch->skills[ch->speaks] || tongues) ?
      |                                                                          ~~~~~~~~~~~~~~~~~~~~~~~~~~~~~~~~~~~~~~
 3139 |                                                                          skills[ch->speaks] : "an unknown tongue"*/);
      |                                                                          ~~~~~~~~~~~~~~~~~~~~~~~~~~~~~~~~~~~~~~~~~~~
act.comm.cpp:3146:96: warning: ‘,’ directive writing 1 byte into a region of size between 0 and 49151 [-Wformat-overflow=]
 3146 |                                                                 sprintf(buf + strlen(buf), " %s,", voice);
      |                                                                                                ^
act.comm.cpp:3146:72: note: ‘sprintf’ output between 3 and 49154 bytes into a destination of size 49152
 3146 |                                                                 sprintf(buf + strlen(buf), " %s,", voice);
      |                                                                 ~~~~~~~^~~~~~~~~~~~~~~~~~~~~~~~~~~~~~~~~~
act.comm.cpp:3093:100: warning: ‘%s’ directive writing up to 49151 bytes into a region of size 49128 [-Wformat-overflow=]
 3093 |                                                                         "To the %s, you overhear $N%s %s something in to $p,",
      |                                                                                                    ^~
 3094 |                                                                         direction[rev_dir[waf->a.shadow.edge]],
 3095 |                                                                         buf3, utters[cmd]/*, (tch->skills[ch->speaks] || tongues) ?
      |                                                                         ~~~~                        
act.comm.cpp:3092:64: note: ‘sprintf’ output 46 or more bytes (assuming 49197) into a destination of size 49152
 3092 |                                                         sprintf(buf,
      |                                                         ~~~~~~~^~~~~
 3093 |                                                                         "To the %s, you overhear $N%s %s something in to $p,",
      |                                                                         ~~~~~~~~~~~~~~~~~~~~~~~~~~~~~~~~~~~~~~~~~~~~~~~~~~~~~~
 3094 |                                                                         direction[rev_dir[waf->a.shadow.edge]],
      |                                                                         ~~~~~~~~~~~~~~~~~~~~~~~~~~~~~~~~~~~~~~~
 3095 |                                                                         buf3, utters[cmd]/*, (tch->skills[ch->speaks] || tongues) ?
      |                                                                         ~~~~~~~~~~~~~~~~~~~~~~~~~~~~~~~~~~~~~~~~~~~~~~~~~~~~~~~~~~~
 3096 |                                                                          skills[ch->speaks] : "an unknown tongue"*/);
      |                                                                          ~~~~~~~~~~~~~~~~~~~~~~~~~~~~~~~~~~~~~~~~~~~
act.comm.cpp:3098:96: warning: ‘,’ directive writing 1 byte into a region of size between 0 and 49151 [-Wformat-overflow=]
 3098 |                                                                 sprintf(buf + strlen(buf), " %s,", voice);
      |                                                                                                ^
act.comm.cpp:3098:72: note: ‘sprintf’ output between 3 and 49154 bytes into a destination of size 49152
 3098 |                                                                 sprintf(buf + strlen(buf), " %s,", voice);
      |                                                                 ~~~~~~~^~~~~~~~~~~~~~~~~~~~~~~~~~~~~~~~~~
act.comm.cpp:3106:100: warning: ‘%s’ directive writing up to 49151 bytes into a region of size 49128 [-Wformat-overflow=]
 3106 |                                                                         "To the %s, you overhear $N%s %s something in to $p,",
      |                                                                                                    ^~
 3107 |                                                                         direction[rev_dir[waf->a.shadow.edge]],
 3108 |                                                                         buf3, utters[cmd]/*, (tch->skills[ch->speaks] || tongues) ?
      |                                                                         ~~~~                        
act.comm.cpp:3105:64: note: ‘sprintf’ output 46 or more bytes (assuming 49197) into a destination of size 49152
 3105 |                                                         sprintf(buf,
      |                                                         ~~~~~~~^~~~~
 3106 |                                                                         "To the %s, you overhear $N%s %s something in to $p,",
      |                                                                         ~~~~~~~~~~~~~~~~~~~~~~~~~~~~~~~~~~~~~~~~~~~~~~~~~~~~~~
 3107 |                                                                         direction[rev_dir[waf->a.shadow.edge]],
      |                                                                         ~~~~~~~~~~~~~~~~~~~~~~~~~~~~~~~~~~~~~~~
 3108 |                                                                         buf3, utters[cmd]/*, (tch->skills[ch->speaks] || tongues) ?
      |                                                                         ~~~~~~~~~~~~~~~~~~~~~~~~~~~~~~~~~~~~~~~~~~~~~~~~~~~~~~~~~~~
 3109 |                                                                          skills[ch->speaks] : "an unknown tongue"*/);
      |                                                                          ~~~~~~~~~~~~~~~~~~~~~~~~~~~~~~~~~~~~~~~~~~~
act.comm.cpp:3111:96: warning: ‘,’ directive writing 1 byte into a region of size between 0 and 49151 [-Wformat-overflow=]
 3111 |                                                                 sprintf(buf + strlen(buf), " %s,", voice);
      |                                                                                                ^
act.comm.cpp:3111:72: note: ‘sprintf’ output between 3 and 49154 bytes into a destination of size 49152
 3111 |                                                                 sprintf(buf + strlen(buf), " %s,", voice);
      |                                                                 ~~~~~~~^~~~~~~~~~~~~~~~~~~~~~~~~~~~~~~~~~
act.comm.cpp:3118:100: warning: ‘%s’ directive writing up to 49151 bytes into a region of size 49128 [-Wformat-overflow=]
 3118 |                                                                         "To the %s, you overhear $N%s %s in to $p,",
      |                                                                                                    ^~
 3119 |                                                                         direction[rev_dir[waf->a.shadow.edge]],
 3120 |                                                                         buf3, utters[cmd]);
      |                                                                         ~~~~                        
act.comm.cpp:3117:64: note: ‘sprintf’ output 36 or more bytes (assuming 49187) into a destination of size 49152
 3117 |                                                         sprintf(buf,
      |                                                         ~~~~~~~^~~~~
 3118 |                                                                         "To the %s, you overhear $N%s %s in to $p,",
      |                                                                         ~~~~~~~~~~~~~~~~~~~~~~~~~~~~~~~~~~~~~~~~~~~~
 3119 |                                                                         direction[rev_dir[waf->a.shadow.edge]],
      |                                                                         ~~~~~~~~~~~~~~~~~~~~~~~~~~~~~~~~~~~~~~~
 3120 |                                                                         buf3, utters[cmd]);
      |                                                                         ~~~~~~~~~~~~~~~~~~
act.comm.cpp:3079:100: warning: ‘%s’ directive writing up to 49151 bytes into a region of size 49128 [-Wformat-overflow=]
 3079 |                                                                         "To the %s, you overhear $N%s %s in to $p,",
      |                                                                                                    ^~
 3080 |                                                                         direction[rev_dir[waf->a.shadow.edge]],
 3081 |                                                                         buf3, utters[cmd]/*, (tch->skills[ch->speaks] || tongues) ?
      |                                                                         ~~~~                        
act.comm.cpp:3078:64: note: ‘sprintf’ output 36 or more bytes (assuming 49187) into a destination of size 49152
 3078 |                                                         sprintf(buf,
      |                                                         ~~~~~~~^~~~~
 3079 |                                                                         "To the %s, you overhear $N%s %s in to $p,",
      |                                                                         ~~~~~~~~~~~~~~~~~~~~~~~~~~~~~~~~~~~~~~~~~~~~
 3080 |                                                                         direction[rev_dir[waf->a.shadow.edge]],
      |                                                                         ~~~~~~~~~~~~~~~~~~~~~~~~~~~~~~~~~~~~~~~
 3081 |                                                                         buf3, utters[cmd]/*, (tch->skills[ch->speaks] || tongues) ?
      |                                                                         ~~~~~~~~~~~~~~~~~~~~~~~~~~~~~~~~~~~~~~~~~~~~~~~~~~~~~~~~~~~
 3082 |                                                                          skills[ch->speaks] : "an unknown tongue"*/);
      |                                                                          ~~~~~~~~~~~~~~~~~~~~~~~~~~~~~~~~~~~~~~~~~~~
act.comm.cpp:3089:96: warning: ‘,’ directive writing 1 byte into a region of size between 0 and 49151 [-Wformat-overflow=]
 3089 |                                                                 sprintf(buf + strlen(buf), " %s,", voice);
      |                                                                                                ^
act.comm.cpp:3089:72: note: ‘sprintf’ output between 3 and 49154 bytes into a destination of size 49152
 3089 |                                                                 sprintf(buf + strlen(buf), " %s,", voice);
      |                                                                 ~~~~~~~^~~~~~~~~~~~~~~~~~~~~~~~~~~~~~~~~~
act.comm.cpp:3040:100: warning: ‘%s’ directive writing up to 49151 bytes into a region of size 49128 [-Wformat-overflow=]
 3040 |                                                                         "To the %s, you overhear $N%s %s %s something",
      |                                                                                                    ^~
 3041 |                                                                         direction[rev_dir[waf->a.shadow.edge]],
 3042 |                                                                         buf3, utters[cmd], char_short(target)/*,
      |                                                                         ~~~~                        
act.comm.cpp:3039:64: note: ‘sprintf’ output 37 or more bytes (assuming 49188) into a destination of size 49152
 3039 |                                                         sprintf(buf,
      |                                                         ~~~~~~~^~~~~
 3040 |                                                                         "To the %s, you overhear $N%s %s %s something",
      |                                                                         ~~~~~~~~~~~~~~~~~~~~~~~~~~~~~~~~~~~~~~~~~~~~~~~
 3041 |                                                                         direction[rev_dir[waf->a.shadow.edge]],
      |                                                                         ~~~~~~~~~~~~~~~~~~~~~~~~~~~~~~~~~~~~~~~
 3042 |                                                                         buf3, utters[cmd], char_short(target)/*,
      |                                                                         ~~~~~~~~~~~~~~~~~~~~~~~~~~~~~~~~~~~~~~~~
 3043 |                                                                          (tch->skills[ch->speaks] || tongues) ?
      |                                                                          ~~~~~~~~~~~~~~~~~~~~~~~~~~~~~~~~~~~~~~
 3044 |                                                                          skills[ch->speaks] : "an unknown tongue"*/);
      |                                                                          ~~~~~~~~~~~~~~~~~~~~~~~~~~~~~~~~~~~~~~~~~~~
act.comm.cpp:3046:96: warning: ‘,’ directive writing 1 byte into a region of size between 0 and 49151 [-Wformat-overflow=]
 3046 |                                                                 sprintf(buf + strlen(buf), " %s,", voice);
      |                                                                                                ^
act.comm.cpp:3046:72: note: ‘sprintf’ output between 3 and 49154 bytes into a destination of size 49152
 3046 |                                                                 sprintf(buf + strlen(buf), " %s,", voice);
      |                                                                 ~~~~~~~^~~~~~~~~~~~~~~~~~~~~~~~~~~~~~~~~~
act.comm.cpp:3054:100: warning: ‘%s’ directive writing up to 49151 bytes into a region of size 49128 [-Wformat-overflow=]
 3054 |                                                                         "To the %s, you overhear $N%s %s %s something",
      |                                                                                                    ^~
 3055 |                                                                         direction[rev_dir[waf->a.shadow.edge]],
 3056 |                                                                         buf3, utters[cmd], char_short(target)/*,
      |                                                                         ~~~~                        
act.comm.cpp:3053:64: note: ‘sprintf’ output 37 or more bytes (assuming 49188) into a destination of size 49152
 3053 |                                                         sprintf(buf,
      |                                                         ~~~~~~~^~~~~
 3054 |                                                                         "To the %s, you overhear $N%s %s %s something",
      |                                                                         ~~~~~~~~~~~~~~~~~~~~~~~~~~~~~~~~~~~~~~~~~~~~~~~
 3055 |                                                                         direction[rev_dir[waf->a.shadow.edge]],
      |                                                                         ~~~~~~~~~~~~~~~~~~~~~~~~~~~~~~~~~~~~~~~
 3056 |                                                                         buf3, utters[cmd], char_short(target)/*,
      |                                                                         ~~~~~~~~~~~~~~~~~~~~~~~~~~~~~~~~~~~~~~~~
 3057 |                                                                          (tch->skills[ch->speaks] || tongues) ?
      |                                                                          ~~~~~~~~~~~~~~~~~~~~~~~~~~~~~~~~~~~~~~
 3058 |                                                                          skills[ch->speaks] : "an unknown tongue"*/);
      |                                                                          ~~~~~~~~~~~~~~~~~~~~~~~~~~~~~~~~~~~~~~~~~~~
act.comm.cpp:3060:96: warning: ‘,’ directive writing 1 byte into a region of size between 0 and 49151 [-Wformat-overflow=]
 3060 |                                                                 sprintf(buf + strlen(buf), " %s,", voice);
      |                                                                                                ^
act.comm.cpp:3060:72: note: ‘sprintf’ output between 3 and 49154 bytes into a destination of size 49152
 3060 |                                                                 sprintf(buf + strlen(buf), " %s,", voice);
      |                                                                 ~~~~~~~^~~~~~~~~~~~~~~~~~~~~~~~~~~~~~~~~~
act.comm.cpp:3066:97: warning: ‘%s’ directive writing up to 49151 bytes into a region of size 49128 [-Wformat-overflow=]
 3066 |                                                         sprintf(buf, "To the %s, you overhear $N%s %s %s,",
      |                                                                                                 ^~
 3067 |                                                                         direction[rev_dir[waf->a.shadow.edge]],
 3068 |                                                                         buf3, utters[cmd], char_short(target));
      |                                                                         ~~~~                     
act.comm.cpp:3066:64: note: ‘sprintf’ output 28 or more bytes (assuming 49179) into a destination of size 49152
 3066 |                                                         sprintf(buf, "To the %s, you overhear $N%s %s %s,",
      |                                                         ~~~~~~~^~~~~~~~~~~~~~~~~~~~~~~~~~~~~~~~~~~~~~~~~~~~
 3067 |                                                                         direction[rev_dir[waf->a.shadow.edge]],
      |                                                                         ~~~~~~~~~~~~~~~~~~~~~~~~~~~~~~~~~~~~~~~
 3068 |                                                                         buf3, utters[cmd], char_short(target));
      |                                                                         ~~~~~~~~~~~~~~~~~~~~~~~~~~~~~~~~~~~~~~
act.comm.cpp:3070:96: warning: ‘,’ directive writing 1 byte into a region of size between 0 and 49151 [-Wformat-overflow=]
 3070 |                                                                 sprintf(buf + strlen(buf), " %s,", voice);
      |                                                                                                ^
act.comm.cpp:3070:72: note: ‘sprintf’ output between 3 and 49154 bytes into a destination of size 49152
 3070 |                                                                 sprintf(buf + strlen(buf), " %s,", voice);
      |                                                                 ~~~~~~~^~~~~~~~~~~~~~~~~~~~~~~~~~~~~~~~~~
act.comm.cpp:3023:97: warning: ‘%s’ directive writing up to 49151 bytes into a region of size 49128 [-Wformat-overflow=]
 3023 |                                                         sprintf(buf, "To the %s, you overhear $N%s %s %s,",
      |                                                                                                 ^~
 3024 |                                                                         direction[rev_dir[waf->a.shadow.edge]],
 3025 |                                                                         buf3, utters[cmd], char_short(target)/*,
      |                                                                         ~~~~                     
act.comm.cpp:3023:64: note: ‘sprintf’ output 28 or more bytes (assuming 49179) into a destination of size 49152
 3023 |                                                         sprintf(buf, "To the %s, you overhear $N%s %s %s,",
      |                                                         ~~~~~~~^~~~~~~~~~~~~~~~~~~~~~~~~~~~~~~~~~~~~~~~~~~~
 3024 |                                                                         direction[rev_dir[waf->a.shadow.edge]],
      |                                                                         ~~~~~~~~~~~~~~~~~~~~~~~~~~~~~~~~~~~~~~~
 3025 |                                                                         buf3, utters[cmd], char_short(target)/*,
      |                                                                         ~~~~~~~~~~~~~~~~~~~~~~~~~~~~~~~~~~~~~~~~
 3026 |                                                                          (tch->skills[ch->speaks]
      |                                                                          ~~~~~~~~~~~~~~~~~~~~~~~~
 3027 |                                                                          || tongues) ? skills[ch->
      |                                                                          ~~~~~~~~~~~~~~~~~~~~~~~~~
 3028 |                                                                          speaks] :
      |                                                                          ~~~~~~~~~
 3029 |                                                                          "an unknown tongue"*/);
      |                                                                          ~~~~~~~~~~~~~~~~~~~~~~
act.comm.cpp:3036:96: warning: ‘,’ directive writing 1 byte into a region of size between 0 and 49151 [-Wformat-overflow=]
 3036 |                                                                 sprintf(buf + strlen(buf), " %s,", voice);
      |                                                                                                ^
act.comm.cpp:3036:72: note: ‘sprintf’ output between 3 and 49154 bytes into a destination of size 49152
 3036 |                                                                 sprintf(buf + strlen(buf), " %s,", voice);
      |                                                                 ~~~~~~~^~~~~~~~~~~~~~~~~~~~~~~~~~~~~~~~~~
act.comm.cpp:2987:100: warning: ‘%s’ directive writing up to 49151 bytes into a region of size 49128 [-Wformat-overflow=]
 2987 |                                                                         "To the %s, you overhear $N%s %s something",
      |                                                                                                    ^~
 2988 |                                                                         direction[rev_dir[waf->a.shadow.edge]],
 2989 |                                                                         buf3,
      |                                                                         ~~~~                        
act.comm.cpp:2986:64: note: ‘sprintf’ output 36 or more bytes (assuming 49187) into a destination of size 49152
 2986 |                                                         sprintf(buf,
      |                                                         ~~~~~~~^~~~~
 2987 |                                                                         "To the %s, you overhear $N%s %s something",
      |                                                                         ~~~~~~~~~~~~~~~~~~~~~~~~~~~~~~~~~~~~~~~~~~~~
 2988 |                                                                         direction[rev_dir[waf->a.shadow.edge]],
      |                                                                         ~~~~~~~~~~~~~~~~~~~~~~~~~~~~~~~~~~~~~~~
 2989 |                                                                         buf3,
      |                                                                         ~~~~~
 2990 |                                                                         utters[cmd]/*,(tch->skills[ch->speaks] || tongues) ? skills[ch->speaks] : "an unknown tongue"*/);
      |                                                                         ~~~~~~~~~~~~~~~~~~~~~~~~~~~~~~~~~~~~~~~~~~~~~~~~~~~~~~~~~~~~~~~~~~~~~~~~~~~~~~~~~~~~~~~~~~~~~~~~
act.comm.cpp:2992:96: warning: ‘,’ directive writing 1 byte into a region of size between 0 and 49151 [-Wformat-overflow=]
 2992 |                                                                 sprintf(buf + strlen(buf), " %s,", voice);
      |                                                                                                ^
act.comm.cpp:2992:72: note: ‘sprintf’ output between 3 and 49154 bytes into a destination of size 49152
 2992 |                                                                 sprintf(buf + strlen(buf), " %s,", voice);
      |                                                                 ~~~~~~~^~~~~~~~~~~~~~~~~~~~~~~~~~~~~~~~~~
act.comm.cpp:3000:100: warning: ‘%s’ directive writing up to 49151 bytes into a region of size 49128 [-Wformat-overflow=]
 3000 |                                                                         "To the %s, you overhear $N%s %s something",
      |                                                                                                    ^~
 3001 |                                                                         direction[rev_dir[waf->a.shadow.edge]],
 3002 |                                                                         buf3,
      |                                                                         ~~~~                        
act.comm.cpp:2999:64: note: ‘sprintf’ output 36 or more bytes (assuming 49187) into a destination of size 49152
 2999 |                                                         sprintf(buf,
      |                                                         ~~~~~~~^~~~~
 3000 |                                                                         "To the %s, you overhear $N%s %s something",
      |                                                                         ~~~~~~~~~~~~~~~~~~~~~~~~~~~~~~~~~~~~~~~~~~~~
 3001 |                                                                         direction[rev_dir[waf->a.shadow.edge]],
      |                                                                         ~~~~~~~~~~~~~~~~~~~~~~~~~~~~~~~~~~~~~~~
 3002 |                                                                         buf3,
      |                                                                         ~~~~~
 3003 |                                                                         utters[cmd]/*,(tch->skills[ch->speaks] || tongues) ? skills[ch->speaks] : "an unknown tongue"*/);
      |                                                                         ~~~~~~~~~~~~~~~~~~~~~~~~~~~~~~~~~~~~~~~~~~~~~~~~~~~~~~~~~~~~~~~~~~~~~~~~~~~~~~~~~~~~~~~~~~~~~~~~
act.comm.cpp:3005:96: warning: ‘,’ directive writing 1 byte into a region of size between 0 and 49151 [-Wformat-overflow=]
 3005 |                                                                 sprintf(buf + strlen(buf), " %s,", voice);
      |                                                                                                ^
act.comm.cpp:3005:72: note: ‘sprintf’ output between 3 and 49154 bytes into a destination of size 49152
 3005 |                                                                 sprintf(buf + strlen(buf), " %s,", voice);
      |                                                                 ~~~~~~~^~~~~~~~~~~~~~~~~~~~~~~~~~~~~~~~~~
act.comm.cpp:3011:97: warning: ‘%s’ directive writing up to 49151 bytes into a region of size 49128 [-Wformat-overflow=]
 3011 |                                                         sprintf(buf, "To the %s, you overhear $N%s %s,",
      |                                                                                                 ^~
 3012 |                                                                         direction[rev_dir[waf->a.shadow.edge]],
 3013 |                                                                         buf3, utters[cmd]);
      |                                                                         ~~~~                     
act.comm.cpp:3011:64: note: ‘sprintf’ output 27 or more bytes (assuming 49178) into a destination of size 49152
 3011 |                                                         sprintf(buf, "To the %s, you overhear $N%s %s,",
      |                                                         ~~~~~~~^~~~~~~~~~~~~~~~~~~~~~~~~~~~~~~~~~~~~~~~~
 3012 |                                                                         direction[rev_dir[waf->a.shadow.edge]],
      |                                                                         ~~~~~~~~~~~~~~~~~~~~~~~~~~~~~~~~~~~~~~~
 3013 |                                                                         buf3, utters[cmd]);
      |                                                                         ~~~~~~~~~~~~~~~~~~
act.comm.cpp:3015:96: warning: ‘,’ directive writing 1 byte into a region of size between 0 and 49151 [-Wformat-overflow=]
 3015 |                                                                 sprintf(buf + strlen(buf), " %s,", voice);
      |                                                                                                ^
act.comm.cpp:3015:72: note: ‘sprintf’ output between 3 and 49154 bytes into a destination of size 49152
 3015 |                                                                 sprintf(buf + strlen(buf), " %s,", voice);
      |                                                                 ~~~~~~~^~~~~~~~~~~~~~~~~~~~~~~~~~~~~~~~~~
act.comm.cpp:2972:97: warning: ‘%s’ directive writing up to 49151 bytes into a region of size 49128 [-Wformat-overflow=]
 2972 |                                                         sprintf(buf, "To the %s, you overhear $N%s %s,",
      |                                                                                                 ^~
 2973 |                                                                         direction[rev_dir[waf->a.shadow.edge]],
 2974 |                                                                         buf3,
      |                                                                         ~~~~                     
act.comm.cpp:2972:64: note: ‘sprintf’ output 27 or more bytes (assuming 49178) into a destination of size 49152
 2972 |                                                         sprintf(buf, "To the %s, you overhear $N%s %s,",
      |                                                         ~~~~~~~^~~~~~~~~~~~~~~~~~~~~~~~~~~~~~~~~~~~~~~~~
 2973 |                                                                         direction[rev_dir[waf->a.shadow.edge]],
      |                                                                         ~~~~~~~~~~~~~~~~~~~~~~~~~~~~~~~~~~~~~~~
 2974 |                                                                         buf3,
      |                                                                         ~~~~~
 2975 |                                                                         utters[cmd]/*, (tch->skills[ch->speaks] || tongues) ? skills[ch->speaks] : "an unknown tongue"*/);
      |                                                                         ~~~~~~~~~~~~~~~~~~~~~~~~~~~~~~~~~~~~~~~~~~~~~~~~~~~~~~~~~~~~~~~~~~~~~~~~~~~~~~~~~~~~~~~~~~~~~~~~~
act.comm.cpp:2983:96: warning: ‘,’ directive writing 1 byte into a region of size between 0 and 49151 [-Wformat-overflow=]
 2983 |                                                                 sprintf(buf + strlen(buf), " %s,", voice);
      |                                                                                                ^
act.comm.cpp:2983:72: note: ‘sprintf’ output between 3 and 49154 bytes into a destination of size 49152
 2983 |                                                                 sprintf(buf + strlen(buf), " %s,", voice);
      |                                                                 ~~~~~~~^~~~~~~~~~~~~~~~~~~~~~~~~~~~~~~~~~
act.comm.cpp:3187:68: warning: ‘%s’ directive writing up to 49151 bytes into a region of size 49148 [-Wformat-overflow=]
 3187 |                                                 sprintf(buf, "   \"%s\"\n", buf2);
      |                                                                    ^~       ~~~~
act.comm.cpp:3187:56: note: ‘sprintf’ output between 7 and 49158 bytes into a destination of size 49152
 3187 |                                                 sprintf(buf, "   \"%s\"\n", buf2);
      |                                                 ~~~~~~~^~~~~~~~~~~~~~~~~~~~~~~~~~
act.comm.cpp:2914:49: warning: ‘%s’ directive writing up to 49151 bytes into a region of size 49150 [-Wformat-overflow=]
 2914 |                                 sprintf(buf, "$N%s %ss,", buf3, utters[cmd]);
      |                                                 ^~        ~~~~
act.comm.cpp:2914:40: note: ‘sprintf’ output 6 or more bytes (assuming 49157) into a destination of size 49152
 2914 |                                 sprintf(buf, "$N%s %ss,", buf3, utters[cmd]);
      |                                 ~~~~~~~^~~~~~~~~~~~~~~~~~~~~~~~~~~~~~~~~~~~~
act.comm.cpp:2905:49: warning: ‘%s’ directive writing up to 49151 bytes into a region of size 49150 [-Wformat-overflow=]
 2905 |                                 sprintf(buf, "$N%s %ss something,", buf3, utters[cmd]/*,
      |                                                 ^~                  ~~~~
act.comm.cpp:2905:40: note: ‘sprintf’ output 16 or more bytes (assuming 49167) into a destination of size 49152
 2905 |                                 sprintf(buf, "$N%s %ss something,", buf3, utters[cmd]/*,
      |                                 ~~~~~~~^~~~~~~~~~~~~~~~~~~~~~~~~~~~~~~~~~~~~~~~~~~~~~~~~
 2906 |                                  (tch->skills[ch->speaks] || tongues) ?
      |                                  ~~~~~~~~~~~~~~~~~~~~~~~~~~~~~~~~~~~~~~
 2907 |                                  skills[ch->speaks] : "an unknown tongue"*/);
      |                                  ~~~~~~~~~~~~~~~~~~~~~~~~~~~~~~~~~~~~~~~~~~~
act.comm.cpp:2909:72: warning: ‘,’ directive writing 1 byte into a region of size between 0 and 49151 [-Wformat-overflow=]
 2909 |                                         sprintf(buf + strlen(buf), " %s,", voice);
      |                                                                        ^
act.comm.cpp:2909:48: note: ‘sprintf’ output between 3 and 49154 bytes into a destination of size 49152
 2909 |                                         sprintf(buf + strlen(buf), " %s,", voice);
      |                                         ~~~~~~~^~~~~~~~~~~~~~~~~~~~~~~~~~~~~~~~~~
act.comm.cpp:2894:49: warning: ‘%s’ directive writing up to 49151 bytes into a region of size 49150 [-Wformat-overflow=]
 2894 |                                 sprintf(buf, "$N%s %ss,", buf3, utters[cmd]/*,
      |                                                 ^~        ~~~~
act.comm.cpp:2894:40: note: ‘sprintf’ output 6 or more bytes (assuming 49157) into a destination of size 49152
 2894 |                                 sprintf(buf, "$N%s %ss,", buf3, utters[cmd]/*,
      |                                 ~~~~~~~^~~~~~~~~~~~~~~~~~~~~~~~~~~~~~~~~~~~~~~
 2895 |                                  (tch->skills[ch->speaks] || tongues) ?
      |                                  ~~~~~~~~~~~~~~~~~~~~~~~~~~~~~~~~~~~~~~
 2896 |                                  skills[ch->speaks] : "an unknown tongue"*/);
      |                                  ~~~~~~~~~~~~~~~~~~~~~~~~~~~~~~~~~~~~~~~~~~~
act.comm.cpp:2903:72: warning: ‘,’ directive writing 1 byte into a region of size between 0 and 49151 [-Wformat-overflow=]
 2903 |                                         sprintf(buf + strlen(buf), " %s,", voice);
      |                                                                        ^
act.comm.cpp:2903:48: note: ‘sprintf’ output between 3 and 49154 bytes into a destination of size 49152
 2903 |                                         sprintf(buf + strlen(buf), " %s,", voice);
      |                                         ~~~~~~~^~~~~~~~~~~~~~~~~~~~~~~~~~~~~~~~~~
act.comm.cpp:2886:57: warning: ‘%s’ directive writing up to 49151 bytes into a region of size 49150 [-Wformat-overflow=]
 2886 |                                         sprintf(buf, "$N%s %ss in to $p,", buf3, utters[cmd]);
      |                                                         ^~                 ~~~~
act.comm.cpp:2886:48: note: ‘sprintf’ output 15 or more bytes (assuming 49166) into a destination of size 49152
 2886 |                                         sprintf(buf, "$N%s %ss in to $p,", buf3, utters[cmd]);
      |                                         ~~~~~~~^~~~~~~~~~~~~~~~~~~~~~~~~~~~~~~~~~~~~~~~~~~~~~
act.comm.cpp:2876:57: warning: ‘%s’ directive writing up to 49151 bytes into a region of size 49150 [-Wformat-overflow=]
 2876 |                                         sprintf(buf, "$N%s %ss something in to $p,", buf3,
      |                                                         ^~                           ~~~~
act.comm.cpp:2876:48: note: ‘sprintf’ output 25 or more bytes (assuming 49176) into a destination of size 49152
 2876 |                                         sprintf(buf, "$N%s %ss something in to $p,", buf3,
      |                                         ~~~~~~~^~~~~~~~~~~~~~~~~~~~~~~~~~~~~~~~~~~~~~~~~~~
 2877 |                                                         utters[cmd]/*, (tch->skills[ch->speaks] || tongues) ?
      |                                                         ~~~~~~~~~~~~~~~~~~~~~~~~~~~~~~~~~~~~~~~~~~~~~~~~~~~~~
 2878 |                                                          skills[ch->speaks] : "an unknown tongue"*/);
      |                                                          ~~~~~~~~~~~~~~~~~~~~~~~~~~~~~~~~~~~~~~~~~~~
act.comm.cpp:2880:80: warning: ‘,’ directive writing 1 byte into a region of size between 0 and 49151 [-Wformat-overflow=]
 2880 |                                                 sprintf(buf + strlen(buf), " %s,", voice);
      |                                                                                ^
act.comm.cpp:2880:56: note: ‘sprintf’ output between 3 and 49154 bytes into a destination of size 49152
 2880 |                                                 sprintf(buf + strlen(buf), " %s,", voice);
      |                                                 ~~~~~~~^~~~~~~~~~~~~~~~~~~~~~~~~~~~~~~~~~
act.comm.cpp:2866:57: warning: ‘%s’ directive writing up to 49151 bytes into a region of size 49150 [-Wformat-overflow=]
 2866 |                                         sprintf(buf, "$N%s %ss in to $p,", buf3, utters[cmd]/*, (tch->skills[ch->speaks] || tongues) ?
      |                                                         ^~                 ~~~~
act.comm.cpp:2866:48: note: ‘sprintf’ output 15 or more bytes (assuming 49166) into a destination of size 49152
 2866 |                                         sprintf(buf, "$N%s %ss in to $p,", buf3, utters[cmd]/*, (tch->skills[ch->speaks] || tongues) ?
      |                                         ~~~~~~~^~~~~~~~~~~~~~~~~~~~~~~~~~~~~~~~~~~~~~~~~~~~~~~~~~~~~~~~~~~~~~~~~~~~~~~~~~~~~~~~~~~~~~~
 2867 |                                          skills[ch->speaks] : "an unknown tongue"*/);
      |                                          ~~~~~~~~~~~~~~~~~~~~~~~~~~~~~~~~~~~~~~~~~~~
act.comm.cpp:2874:80: warning: ‘,’ directive writing 1 byte into a region of size between 0 and 49151 [-Wformat-overflow=]
 2874 |                                                 sprintf(buf + strlen(buf), " %s,", voice);
      |                                                                                ^
act.comm.cpp:2874:56: note: ‘sprintf’ output between 3 and 49154 bytes into a destination of size 49152
 2874 |                                                 sprintf(buf + strlen(buf), " %s,", voice);
      |                                                 ~~~~~~~^~~~~~~~~~~~~~~~~~~~~~~~~~~~~~~~~~
act.comm.cpp:2854:57: warning: ‘%s’ directive writing up to 49151 bytes into a region of size 49150 [-Wformat-overflow=]
 2854 |                                         sprintf(buf, "$N%s %ss %s,", buf3, utters[cmd],
      |                                                         ^~           ~~~~
act.comm.cpp:2854:48: note: ‘sprintf’ output 7 or more bytes (assuming 49158) into a destination of size 49152
 2854 |                                         sprintf(buf, "$N%s %ss %s,", buf3, utters[cmd],
      |                                         ~~~~~~~^~~~~~~~~~~~~~~~~~~~~~~~~~~~~~~~~~~~~~~~
 2855 |                                                         char_short(target));
      |                                                         ~~~~~~~~~~~~~~~~~~~
act.comm.cpp:2857:80: warning: ‘,’ directive writing 1 byte into a region of size between 0 and 49151 [-Wformat-overflow=]
 2857 |                                                 sprintf(buf + strlen(buf), " %s,", voice);
      |                                                                                ^
act.comm.cpp:2857:56: note: ‘sprintf’ output between 3 and 49154 bytes into a destination of size 49152
 2857 |                                                 sprintf(buf + strlen(buf), " %s,", voice);
      |                                                 ~~~~~~~^~~~~~~~~~~~~~~~~~~~~~~~~~~~~~~~~~
act.comm.cpp:2843:57: warning: ‘%s’ directive writing up to 49151 bytes into a region of size 49150 [-Wformat-overflow=]
 2843 |                                         sprintf(buf, "$N%s %ss %s something", buf3, utters[cmd],
      |                                                         ^~                    ~~~~
act.comm.cpp:2843:48: note: ‘sprintf’ output 16 or more bytes (assuming 49167) into a destination of size 49152
 2843 |                                         sprintf(buf, "$N%s %ss %s something", buf3, utters[cmd],
      |                                         ~~~~~~~^~~~~~~~~~~~~~~~~~~~~~~~~~~~~~~~~~~~~~~~~~~~~~~~~
 2844 |                                                         char_short(target)/*,
      |                                                         ~~~~~~~~~~~~~~~~~~~~~
 2845 |                                                          (tch->skills[ch->speaks] || tongues) ?
      |                                                          ~~~~~~~~~~~~~~~~~~~~~~~~~~~~~~~~~~~~~~
 2846 |                                                          skills[ch->speaks] : "an unknown tongue"*/);
      |                                                          ~~~~~~~~~~~~~~~~~~~~~~~~~~~~~~~~~~~~~~~~~~~
act.comm.cpp:2848:80: warning: ‘,’ directive writing 1 byte into a region of size between 0 and 49151 [-Wformat-overflow=]
 2848 |                                                 sprintf(buf + strlen(buf), " %s,", voice);
      |                                                                                ^
act.comm.cpp:2848:56: note: ‘sprintf’ output between 3 and 49154 bytes into a destination of size 49152
 2848 |                                                 sprintf(buf + strlen(buf), " %s,", voice);
      |                                                 ~~~~~~~^~~~~~~~~~~~~~~~~~~~~~~~~~~~~~~~~~
act.comm.cpp:2829:57: warning: ‘%s’ directive writing up to 49151 bytes into a region of size 49150 [-Wformat-overflow=]
 2829 |                                         sprintf(buf, "$N%s %ss %s,", buf3, utters[cmd],
      |                                                         ^~           ~~~~
act.comm.cpp:2829:48: note: ‘sprintf’ output 7 or more bytes (assuming 49158) into a destination of size 49152
 2829 |                                         sprintf(buf, "$N%s %ss %s,", buf3, utters[cmd],
      |                                         ~~~~~~~^~~~~~~~~~~~~~~~~~~~~~~~~~~~~~~~~~~~~~~~
 2830 |                                                         char_short(target)/*,
      |                                                         ~~~~~~~~~~~~~~~~~~~~~
 2831 |                                                          (tch->skills[ch->speaks]
      |                                                          ~~~~~~~~~~~~~~~~~~~~~~~~
 2832 |                                                          || tongues) ? skills[ch->
      |                                                          ~~~~~~~~~~~~~~~~~~~~~~~~~
 2833 |                                                          speaks] :
      |                                                          ~~~~~~~~~
 2834 |                                                          "an unknown tongue"*/);
      |                                                          ~~~~~~~~~~~~~~~~~~~~~~
act.comm.cpp:2841:80: warning: ‘,’ directive writing 1 byte into a region of size between 0 and 49151 [-Wformat-overflow=]
 2841 |                                                 sprintf(buf + strlen(buf), " %s,", voice);
      |                                                                                ^
act.comm.cpp:2841:56: note: ‘sprintf’ output between 3 and 49154 bytes into a destination of size 49152
 2841 |                                                 sprintf(buf + strlen(buf), " %s,", voice);
      |                                                 ~~~~~~~^~~~~~~~~~~~~~~~~~~~~~~~~~~~~~~~~~
act.comm.cpp:2822:57: warning: ‘%s’ directive writing up to 49151 bytes into a region of size 49150 [-Wformat-overflow=]
 2822 |                                         sprintf(buf, "$N%s %ss you,", buf3, utters[cmd]);
      |                                                         ^~            ~~~~
act.comm.cpp:2822:48: note: ‘sprintf’ output 10 or more bytes (assuming 49161) into a destination of size 49152
 2822 |                                         sprintf(buf, "$N%s %ss you,", buf3, utters[cmd]);
      |                                         ~~~~~~~^~~~~~~~~~~~~~~~~~~~~~~~~~~~~~~~~~~~~~~~~
act.comm.cpp:2813:57: warning: ‘%s’ directive writing up to 49151 bytes into a region of size 49150 [-Wformat-overflow=]
 2813 |                                         sprintf(buf, "$N%s %ss you something,", buf3, utters[cmd]/*, (tch->skills[ch->speaks] || tongues) ?
      |                                                         ^~                      ~~~~
act.comm.cpp:2813:48: note: ‘sprintf’ output 20 or more bytes (assuming 49171) into a destination of size 49152
 2813 |                                         sprintf(buf, "$N%s %ss you something,", buf3, utters[cmd]/*, (tch->skills[ch->speaks] || tongues) ?
      |                                         ~~~~~~~^~~~~~~~~~~~~~~~~~~~~~~~~~~~~~~~~~~~~~~~~~~~~~~~~~~~~~~~~~~~~~~~~~~~~~~~~~~~~~~~~~~~~~~~~~~~
 2814 |                                          skills[ch->speaks] : "an unknown tongue"*/);
      |                                          ~~~~~~~~~~~~~~~~~~~~~~~~~~~~~~~~~~~~~~~~~~~
act.comm.cpp:2816:80: warning: ‘,’ directive writing 1 byte into a region of size between 0 and 49151 [-Wformat-overflow=]
 2816 |                                                 sprintf(buf + strlen(buf), " %s,", voice);
      |                                                                                ^
act.comm.cpp:2816:56: note: ‘sprintf’ output between 3 and 49154 bytes into a destination of size 49152
 2816 |                                                 sprintf(buf + strlen(buf), " %s,", voice);
      |                                                 ~~~~~~~^~~~~~~~~~~~~~~~~~~~~~~~~~~~~~~~~~
act.comm.cpp:2803:57: warning: ‘%s’ directive writing up to 49151 bytes into a region of size 49150 [-Wformat-overflow=]
 2803 |                                         sprintf(buf, "$N%s %ss you,", buf3, utters[cmd]/*, (tch->skills[ch->speaks] || tongues) ?
      |                                                         ^~            ~~~~
act.comm.cpp:2803:48: note: ‘sprintf’ output 10 or more bytes (assuming 49161) into a destination of size 49152
 2803 |                                         sprintf(buf, "$N%s %ss you,", buf3, utters[cmd]/*, (tch->skills[ch->speaks] || tongues) ?
      |                                         ~~~~~~~^~~~~~~~~~~~~~~~~~~~~~~~~~~~~~~~~~~~~~~~~~~~~~~~~~~~~~~~~~~~~~~~~~~~~~~~~~~~~~~~~~
 2804 |                                          skills[ch->speaks] : "an unknown tongue"*/);
      |                                          ~~~~~~~~~~~~~~~~~~~~~~~~~~~~~~~~~~~~~~~~~~~
act.comm.cpp:2811:80: warning: ‘,’ directive writing 1 byte into a region of size between 0 and 49151 [-Wformat-overflow=]
 2811 |                                                 sprintf(buf + strlen(buf), " %s,", voice);
      |                                                                                ^
act.comm.cpp:2811:56: note: ‘sprintf’ output between 3 and 49154 bytes into a destination of size 49152
 2811 |                                                 sprintf(buf + strlen(buf), " %s,", voice);
      |                                                 ~~~~~~~^~~~~~~~~~~~~~~~~~~~~~~~~~~~~~~~~~
act.comm.cpp:2793:49: warning: ‘%s’ directive writing up to 49151 bytes into a region of size 49150 [-Wformat-overflow=]
 2793 |                                 sprintf(buf, "$N%s %ss,", buf3, utters[cmd]);
      |                                                 ^~        ~~~~
act.comm.cpp:2793:40: note: ‘sprintf’ output 6 or more bytes (assuming 49157) into a destination of size 49152
 2793 |                                 sprintf(buf, "$N%s %ss,", buf3, utters[cmd]);
      |                                 ~~~~~~~^~~~~~~~~~~~~~~~~~~~~~~~~~~~~~~~~~~~~
act.comm.cpp:2795:72: warning: ‘,’ directive writing 1 byte into a region of size between 0 and 49151 [-Wformat-overflow=]
 2795 |                                         sprintf(buf + strlen(buf), " %s,", voice);
      |                                                                        ^
act.comm.cpp:2795:48: note: ‘sprintf’ output between 3 and 49154 bytes into a destination of size 49152
 2795 |                                         sprintf(buf + strlen(buf), " %s,", voice);
      |                                         ~~~~~~~^~~~~~~~~~~~~~~~~~~~~~~~~~~~~~~~~~
act.comm.cpp:2785:49: warning: ‘%s’ directive writing up to 49151 bytes into a region of size 49150 [-Wformat-overflow=]
 2785 |                                 sprintf(buf, "$N%s %ss something", buf3,
      |                                                 ^~                 ~~~~
act.comm.cpp:2785:40: note: ‘sprintf’ output 15 or more bytes (assuming 49166) into a destination of size 49152
 2785 |                                 sprintf(buf, "$N%s %ss something", buf3,
      |                                 ~~~~~~~^~~~~~~~~~~~~~~~~~~~~~~~~~~~~~~~~
 2786 |                                                 utters[cmd]/*,(tch->skills[ch->speaks] || tongues) ? skills[ch->speaks] : "an unknown tongue"*/);
      |                                                 ~~~~~~~~~~~~~~~~~~~~~~~~~~~~~~~~~~~~~~~~~~~~~~~~~~~~~~~~~~~~~~~~~~~~~~~~~~~~~~~~~~~~~~~~~~~~~~~~
act.comm.cpp:2788:72: warning: ‘,’ directive writing 1 byte into a region of size between 0 and 49151 [-Wformat-overflow=]
 2788 |                                         sprintf(buf + strlen(buf), " %s,", voice);
      |                                                                        ^
act.comm.cpp:2788:48: note: ‘sprintf’ output between 3 and 49154 bytes into a destination of size 49152
 2788 |                                         sprintf(buf + strlen(buf), " %s,", voice);
      |                                         ~~~~~~~^~~~~~~~~~~~~~~~~~~~~~~~~~~~~~~~~~
act.comm.cpp:2774:49: warning: ‘%s’ directive writing up to 49151 bytes into a region of size 49150 [-Wformat-overflow=]
 2774 |                                 sprintf(buf, "$N%s %ss,", buf3,
      |                                                 ^~        ~~~~
act.comm.cpp:2774:40: note: ‘sprintf’ output 6 or more bytes (assuming 49157) into a destination of size 49152
 2774 |                                 sprintf(buf, "$N%s %ss,", buf3,
      |                                 ~~~~~~~^~~~~~~~~~~~~~~~~~~~~~~~
 2775 |                                                 utters[cmd]/*, (tch->skills[ch->speaks] || tongues) ? skills[ch->speaks] : "an unknown tongue"*/);
      |                                                 ~~~~~~~~~~~~~~~~~~~~~~~~~~~~~~~~~~~~~~~~~~~~~~~~~~~~~~~~~~~~~~~~~~~~~~~~~~~~~~~~~~~~~~~~~~~~~~~~~
act.comm.cpp:2783:72: warning: ‘,’ directive writing 1 byte into a region of size between 0 and 49151 [-Wformat-overflow=]
 2783 |                                         sprintf(buf + strlen(buf), " %s,", voice);
      |                                                                        ^
act.comm.cpp:2783:48: note: ‘sprintf’ output between 3 and 49154 bytes into a destination of size 49152
 2783 |                                         sprintf(buf + strlen(buf), " %s,", voice);
      |                                         ~~~~~~~^~~~~~~~~~~~~~~~~~~~~~~~~~~~~~~~~~
act.comm.cpp:2923:44: warning: ‘%s’ directive writing up to 49151 bytes into a region of size 49148 [-Wformat-overflow=]
 2923 |                         sprintf(buf, "   \"%s\"\n", buf4);
      |                                            ^~       ~~~~
act.comm.cpp:2923:32: note: ‘sprintf’ output between 7 and 49158 bytes into a destination of size 49152
 2923 |                         sprintf(buf, "   \"%s\"\n", buf4);
      |                         ~~~~~~~^~~~~~~~~~~~~~~~~~~~~~~~~~
act.comm.cpp:2738:72: warning: ‘,’ directive writing 1 byte into a region of size between 0 and 49151 [-Wformat-overflow=]
 2738 |                                         sprintf(buf + strlen(buf), " %s,", voice);
      |                                                                        ^
act.comm.cpp:2738:48: note: ‘sprintf’ output between 3 and 49154 bytes into a destination of size 49152
 2738 |                                         sprintf(buf + strlen(buf), " %s,", voice);
      |                                         ~~~~~~~^~~~~~~~~~~~~~~~~~~~~~~~~~~~~~~~~~
act.comm.cpp:2715:72: warning: ‘,’ directive writing 1 byte into a region of size between 0 and 49151 [-Wformat-overflow=]
 2715 |                                         sprintf(buf + strlen(buf), " %s,", voice);
      |                                                                        ^
act.comm.cpp:2715:48: note: ‘sprintf’ output between 3 and 49154 bytes into a destination of size 49152
 2715 |                                         sprintf(buf + strlen(buf), " %s,", voice);
      |                                         ~~~~~~~^~~~~~~~~~~~~~~~~~~~~~~~~~~~~~~~~~
act.comm.cpp:2755:52: warning: ‘%s’ directive writing up to 49151 bytes into a region of size 49148 [-Wformat-overflow=]
 2755 |                                 sprintf(buf, "   \"%s\"\n", buf2);
      |                                                    ^~       ~~~~
act.comm.cpp:2755:40: note: ‘sprintf’ output between 7 and 49158 bytes into a destination of size 49152
 2755 |                                 sprintf(buf, "   \"%s\"\n", buf2);
      |                                 ~~~~~~~^~~~~~~~~~~~~~~~~~~~~~~~~~
act.comm.cpp: In function ‘void reply_reset(CHAR_DATA*, CHAR_DATA*, char*, int)’:
act.comm.cpp:2051:66: warning: ‘sprintf’ may write a terminating nul past the end of the destination [-Wformat-overflow=]
 2051 |                                 sprintf(buf2 + strlen(buf2), " %s", reply);
      |                                                                  ^
act.comm.cpp:2051:40: note: ‘sprintf’ output between 2 and 49153 bytes into a destination of size 49152
 2051 |                                 sprintf(buf2 + strlen(buf2), " %s", reply);
      |                                 ~~~~~~~^~~~~~~~~~~~~~~~~~~~~~~~~~~~~~~~~~~
act.comm.cpp: In function ‘void do_whisper(CHAR_DATA*, char*, int)’:
act.comm.cpp:4351:35: warning: ‘sprintf’ may write a terminating nul past the end of the destination [-Wformat-overflow=]
 4351 |                 sprintf(buf5, "%s,", buf5);
      |                                   ^
act.comm.cpp:4351:24: note: ‘sprintf’ output between 2 and 49153 bytes into a destination of size 49152
 4351 |                 sprintf(buf5, "%s,", buf5);
      |                 ~~~~~~~^~~~~~~~~~~~~~~~~~~
act.comm.cpp:4351:24: warning: ‘sprintf’ argument 3 overlaps destination object ‘buf5’ [-Wrestrict]
act.comm.cpp:4263:14: note: destination object referenced by ‘restrict’-qualified argument 1 was declared here
 4263 |         char buf5[MAX_STRING_LENGTH] = { '\0' };
      |              ^~~~
act.comm.cpp:4356:44: warning: ‘sprintf’ may write a terminating nul past the end of the destination [-Wformat-overflow=]
 4356 |                         sprintf(buf, "%s %s", target_key, argument);
      |                                            ^
act.comm.cpp:4356:32: note: ‘sprintf’ output 2 or more bytes (assuming 49153) into a destination of size 49152
 4356 |                         sprintf(buf, "%s %s", target_key, argument);
      |                         ~~~~~~~^~~~~~~~~~~~~~~~~~~~~~~~~~~~~~~~~~~~
act.comm.cpp:4333:67: warning: ‘%s’ directive writing up to 49151 bytes into a region of size 49140 [-Wformat-overflow=]
 4333 |                                         sprintf(buf, "I don't see %s here.\n", key);
      |                                                                   ^~           ~~~
act.comm.cpp:4333:48: note: ‘sprintf’ output between 20 and 49171 bytes into a destination of size 49152
 4333 |                                         sprintf(buf, "I don't see %s here.\n", key);
      |                                         ~~~~~~~^~~~~~~~~~~~~~~~~~~~~~~~~~~~~~~~~~~~
act.comm.cpp:4309:67: warning: ‘%s’ directive writing up to 49151 bytes into a region of size 49140 [-Wformat-overflow=]
 4309 |                                         sprintf(buf, "I don't see %s here.\n", key);
      |                                                                   ^~           ~~~
act.comm.cpp:4309:48: note: ‘sprintf’ output between 20 and 49171 bytes into a destination of size 49152
 4309 |                                         sprintf(buf, "I don't see %s here.\n", key);
      |                                         ~~~~~~~^~~~~~~~~~~~~~~~~~~~~~~~~~~~~~~~~~~~
act.comm.cpp:4404:50: warning: ‘%s’ directive writing up to 49151 bytes into a region of size 49133 [-Wformat-overflow=]
 4404 |                 sprintf(buf, "You whisper to $N, %s \n   \"%s\"", buf5, p);
      |                                                  ^~               ~~~~
act.comm.cpp:4404:24: note: ‘sprintf’ output 27 or more bytes (assuming 49178) into a destination of size 49152
 4404 |                 sprintf(buf, "You whisper to $N, %s \n   \"%s\"", buf5, p);
      |                 ~~~~~~~^~~~~~~~~~~~~~~~~~~~~~~~~~~~~~~~~~~~~~~~~~~~~~~~~~~
act.comm.cpp:4402:50: warning: ‘%s’ directive writing up to 49151 bytes into a region of size 49133 [-Wformat-overflow=]
 4402 |                 sprintf(buf, "You whisper to $N, %s\n   \"%s\"", buf5, p);
      |                                                  ^~              ~~~~
act.comm.cpp:4402:24: note: ‘sprintf’ output 26 or more bytes (assuming 49177) into a destination of size 49152
 4402 |                 sprintf(buf, "You whisper to $N, %s\n   \"%s\"", buf5, p);
      |                 ~~~~~~~^~~~~~~~~~~~~~~~~~~~~~~~~~~~~~~~~~~~~~~~~~~~~~~~~~
act.comm.cpp:4494:78: warning: ‘%s’ directive writing up to 49151 bytes into a region of size 49121 [-Wformat-overflow=]
 4494 |                                 sprintf(buf, "You overhear $3 whisper to $N, %s \n   \"%s\"",
      |                                                                              ^~
 4495 |                                                 buf5, buf2);
      |                                                 ~~~~                          
act.comm.cpp:4494:40: note: ‘sprintf’ output between 39 and 98341 bytes into a destination of size 49152
 4494 |                                 sprintf(buf, "You overhear $3 whisper to $N, %s \n   \"%s\"",
      |                                 ~~~~~~~^~~~~~~~~~~~~~~~~~~~~~~~~~~~~~~~~~~~~~~~~~~~~~~~~~~~~~
 4495 |                                                 buf5, buf2);
      |                                                 ~~~~~~~~~~~
act.comm.cpp:4487:94: warning: ‘%s’ directive writing up to 49151 bytes into a region of size 49108 [-Wformat-overflow=]
 4487 |                                                 "You overhear $3 whispering something to $N, %s but you cannot decipher %s words.",
      |                                                                                              ^~
......
 4490 |                                                  speaks] : "an unknown tongue",*/buf5, HSHR(ch));
      |                                                                                  ~~~~         
act.comm.cpp:4486:40: note: ‘sprintf’ output 80 or more bytes (assuming 49231) into a destination of size 49152
 4486 |                                 sprintf(buf,
      |                                 ~~~~~~~^~~~~
 4487 |                                                 "You overhear $3 whispering something to $N, %s but you cannot decipher %s words.",
      |                                                 ~~~~~~~~~~~~~~~~~~~~~~~~~~~~~~~~~~~~~~~~~~~~~~~~~~~~~~~~~~~~~~~~~~~~~~~~~~~~~~~~~~~
 4488 |                                                 /*(tch->skills[ch->speaks]
      |                                                 ~~~~~~~~~~~~~~~~~~~~~~~~~~
 4489 |                                                  || tongues) ? skills[ch->
      |                                                  ~~~~~~~~~~~~~~~~~~~~~~~~~
 4490 |                                                  speaks] : "an unknown tongue",*/buf5, HSHR(ch));
      |                                                  ~~~~~~~~~~~~~~~~~~~~~~~~~~~~~~~~~~~~~~~~~~~~~~~
act.comm.cpp:4474:81: warning: ‘%s’ directive writing up to 49151 bytes into a region of size 49118 [-Wformat-overflow=]
 4474 |                                 sprintf(buf, "You overhear $3 whispering to $N, %s ",
      |                                                                                 ^~
 4475 |                                 /*(tch->skills[ch->speaks] || tongues) ?
 4476 |                                  skills[ch->speaks] : "an unknown tongue",*/buf5);
      |                                                                             ~~~~ 
act.comm.cpp:4474:40: note: ‘sprintf’ output between 36 and 49187 bytes into a destination of size 49152
 4474 |                                 sprintf(buf, "You overhear $3 whispering to $N, %s ",
      |                                 ~~~~~~~^~~~~~~~~~~~~~~~~~~~~~~~~~~~~~~~~~~~~~~~~~~~~~
 4475 |                                 /*(tch->skills[ch->speaks] || tongues) ?
      |                                 ~~~~~~~~~~~~~~~~~~~~~~~~~~~~~~~~~~~~~~~~
 4476 |                                  skills[ch->speaks] : "an unknown tongue",*/buf5);
      |                                  ~~~~~~~~~~~~~~~~~~~~~~~~~~~~~~~~~~~~~~~~~~~~~~~~
act.comm.cpp:4483:52: warning: ‘%s’ directive writing up to 49151 bytes into a region of size 49148 [-Wformat-overflow=]
 4483 |                                 sprintf(buf, "   \"%s\"", buf2);
      |                                                    ^~     ~~~~
act.comm.cpp:4483:40: note: ‘sprintf’ output between 6 and 49157 bytes into a destination of size 49152
 4483 |                                 sprintf(buf, "   \"%s\"", buf2);
      |                                 ~~~~~~~^~~~~~~~~~~~~~~~~~~~~~~~
act.comm.cpp:4463:67: warning: ‘%s’ directive writing up to 49151 bytes into a region of size 49132 [-Wformat-overflow=]
 4463 |                                 sprintf(buf, "$3 whispers to you, %s \n   \"%s\"", buf5, buf4);
      |                                                                   ^~               ~~~~
act.comm.cpp:4463:40: note: ‘sprintf’ output between 28 and 98330 bytes into a destination of size 49152
 4463 |                                 sprintf(buf, "$3 whispers to you, %s \n   \"%s\"", buf5, buf4);
      |                                 ~~~~~~~^~~~~~~~~~~~~~~~~~~~~~~~~~~~~~~~~~~~~~~~~~~~~~~~~~~~~~~
act.comm.cpp:4456:80: warning: ‘%s’ directive writing up to 49151 bytes into a region of size 49122 [-Wformat-overflow=]
 4456 |                                                 "$3 whispers something to you, %s but you cannot decipher %s words.",
      |                                                                                ^~
......
 4459 |                                                  speaks] : "an unknown tongue",*/buf5, HSHR(ch));
      |                                                                                  ~~~~
act.comm.cpp:4455:40: note: ‘sprintf’ output 66 or more bytes (assuming 49217) into a destination of size 49152
 4455 |                                 sprintf(buf,
      |                                 ~~~~~~~^~~~~
 4456 |                                                 "$3 whispers something to you, %s but you cannot decipher %s words.",
      |                                                 ~~~~~~~~~~~~~~~~~~~~~~~~~~~~~~~~~~~~~~~~~~~~~~~~~~~~~~~~~~~~~~~~~~~~~
 4457 |                                                 /*(tch->skills[ch->speaks]
      |                                                 ~~~~~~~~~~~~~~~~~~~~~~~~~~
 4458 |                                                  || tongues) ? skills[ch->
      |                                                  ~~~~~~~~~~~~~~~~~~~~~~~~~
 4459 |                                                  speaks] : "an unknown tongue",*/buf5, HSHR(ch));
      |                                                  ~~~~~~~~~~~~~~~~~~~~~~~~~~~~~~~~~~~~~~~~~~~~~~~
act.comm.cpp:4445:67: warning: ‘%s’ directive writing up to 49151 bytes into a region of size 49132 [-Wformat-overflow=]
 4445 |                                 sprintf(buf, "$3 whispers to you, %s",
      |                                                                   ^~
 4446 |                                 /*(tch->skills[ch->speaks] || tongues) ?
 4447 |                                  skills[ch->speaks] : "an unknown tongue",*/buf5);
      |                                                                             ~~~~
act.comm.cpp:4445:40: note: ‘sprintf’ output between 21 and 49172 bytes into a destination of size 49152
 4445 |                                 sprintf(buf, "$3 whispers to you, %s",
      |                                 ~~~~~~~^~~~~~~~~~~~~~~~~~~~~~~~~~~~~~~
 4446 |                                 /*(tch->skills[ch->speaks] || tongues) ?
      |                                 ~~~~~~~~~~~~~~~~~~~~~~~~~~~~~~~~~~~~~~~~
 4447 |                                  skills[ch->speaks] : "an unknown tongue",*/buf5);
      |                                  ~~~~~~~~~~~~~~~~~~~~~~~~~~~~~~~~~~~~~~~~~~~~~~~~
act.comm.cpp:4452:52: warning: ‘%s’ directive writing up to 49151 bytes into a region of size 49148 [-Wformat-overflow=]
 4452 |                                 sprintf(buf, "   \"%s\"", buf3);
      |                                                    ^~     ~~~~
act.comm.cpp:4452:40: note: ‘sprintf’ output between 6 and 49157 bytes into a destination of size 49152
 4452 |                                 sprintf(buf, "   \"%s\"", buf3);
      |                                 ~~~~~~~^~~~~~~~~~~~~~~~~~~~~~~~
act.comm.cpp:4434:71: warning: ‘%s’ directive writing up to 49151 bytes into a region of size 49123 [-Wformat-overflow=]
 4434 |                                         "$n whispers something to $3, %s but you can't quite make out the words.",
      |                                                                       ^~
 4435 |                                         buf5);
      |                                         ~~~~                           
act.comm.cpp:4433:32: note: ‘sprintf’ output between 70 and 49221 bytes into a destination of size 49152
 4433 |                         sprintf(buf,
      |                         ~~~~~~~^~~~~
 4434 |                                         "$n whispers something to $3, %s but you can't quite make out the words.",
      |                                         ~~~~~~~~~~~~~~~~~~~~~~~~~~~~~~~~~~~~~~~~~~~~~~~~~~~~~~~~~~~~~~~~~~~~~~~~~~
 4435 |                                         buf5);
      |                                         ~~~~~
act.informative.cpp: In function ‘void argument_split_2(char*, char*, char*)’:
act.informative.cpp:1046:26: warning: variable ‘found’ set but not used [-Wunused-but-set-variable]
 1046 |         int look_at = 0, found = 0, begin = 0;
      |                          ^~~~~
act.informative.cpp: In function ‘void do_compare(CHAR_DATA*, char*, int)’:
act.informative.cpp:1392:14: warning: unused variable ‘buf’ [-Wunused-variable]
 1392 |         char buf[MAX_STRING_LENGTH] = { '\0' };
      |              ^~~
act.informative.cpp: In function ‘void show_obj_to_char(OBJ_DATA*, CHAR_DATA*, int)’:
act.informative.cpp:2429:45: warning: variable ‘cap’ set but not used [-Wunused-but-set-variable]
 2429 |                                         int cap = 0;
      |                                             ^~~
act.informative.cpp:1766:13: warning: variable ‘found’ set but not used [-Wunused-but-set-variable]
 1766 |         int found = 0;
      |             ^~~~~
act.informative.cpp:1782:14: warning: unused variable ‘buf3’ [-Wunused-variable]
 1782 |         char buf3[MAX_STRING_LENGTH] = { '\0' };
      |              ^~~~
act.informative.cpp: In function ‘void show_char_to_char(CHAR_DATA*, CHAR_DATA*, int)’:
act.informative.cpp:4415:75: warning: cast to pointer from integer of different size [-Wint-to-pointer-cast]
 4415 |                                                         && is_obj_in_list((OBJ_DATA *) af->a.spell.t,
      |                                                                           ^~~~~~~~~~~~~~~~~~~~~~~~~~
act.informative.cpp:4417:56: warning: cast to pointer from integer of different size [-Wint-to-pointer-cast]
 4417 |                                                 tobj = (OBJ_DATA *) af->a.spell.t;
      |                                                        ^~~~~~~~~~~~~~~~~~~~~~~~~~
act.informative.cpp:4647:48: warning: format not a string literal and no format arguments [-Wformat-security]
 4647 |                                         sprintf(temp, char_long(i, GET_TRUST(ch)));
      |                                         ~~~~~~~^~~~~~~~~~~~~~~~~~~~~~~~~~~~~~~~~~~
act.informative.cpp:5122:61: warning: field width specifier ‘*’ expects argument of type ‘int’, but argument 4 has type ‘size_t’ {aka ‘long unsigned int’} [-Wformat=]
 5122 |                                         sprintf(wear, "<%s>%*s", eq->attire,
      |                                                            ~^~
      |                                                             |
      |                                                             int
 5123 |                                                         23 - strlen(eq->attire), "");
      |                                                         ~~~~~~~~~~~~~~~~~~~~~~~
      |                                                            |
      |                                                            size_t {aka long unsigned int}
act.informative.cpp:4219:14: warning: variable ‘found’ set but not used [-Wunused-but-set-variable]
 4219 |         bool found = false;
      |              ^~~~~
act.informative.cpp: In function ‘void do_info(CHAR_DATA*, char*, int)’:
act.informative.cpp:6923:52: warning: cast to pointer from integer of different size [-Wint-to-pointer-cast]
 6923 |                                 || !is_obj_in_list((OBJ_DATA *) af_table->a.spell.t,
      |                                                    ^~~~~~~~~~~~~~~~~~~~~~~~~~~~~~~~
act.informative.cpp:6960:60: warning: cast to pointer from integer of different size [-Wint-to-pointer-cast]
 6960 |                                         || !is_obj_in_list((OBJ_DATA *) af_table->a.spell.t,
      |                                                            ^~~~~~~~~~~~~~~~~~~~~~~~~~~~~~~~
act.informative.cpp:6999:60: warning: cast to pointer from integer of different size [-Wint-to-pointer-cast]
 6999 |                                         || !is_obj_in_list((OBJ_DATA *) af_table->a.spell.t,
      |                                                            ^~~~~~~~~~~~~~~~~~~~~~~~~~~~~~~~
act.informative.cpp: In function ‘void do_score(CHAR_DATA*, char*, int)’:
act.informative.cpp:7344:52: warning: cast to pointer from integer of different size [-Wint-to-pointer-cast]
 7344 |                                 || !is_obj_in_list((OBJ_DATA *) af_table->a.spell.t,
      |                                                    ^~~~~~~~~~~~~~~~~~~~~~~~~~~~~~~~
act.informative.cpp:7381:60: warning: cast to pointer from integer of different size [-Wint-to-pointer-cast]
 7381 |                                         || !is_obj_in_list((OBJ_DATA *) af_table->a.spell.t,
      |                                                            ^~~~~~~~~~~~~~~~~~~~~~~~~~~~~~~~
act.informative.cpp:7420:60: warning: cast to pointer from integer of different size [-Wint-to-pointer-cast]
 7420 |                                         || !is_obj_in_list((OBJ_DATA *) af_table->a.spell.t,
      |                                                            ^~~~~~~~~~~~~~~~~~~~~~~~~~~~~~~~
act.informative.cpp: In function ‘char* time_string(CHAR_DATA*)’:
act.informative.cpp:7850:13: warning: unused variable ‘nCharAstronomySkill’ [-Wunused-variable]
 7850 |         int nCharAstronomySkill = 0;
      |             ^~~~~~~~~~~~~~~~~~~
act.informative.cpp:7854:13: warning: unused variable ‘day_of_week’ [-Wunused-variable]
 7854 |         int day_of_week = 0;
      |             ^~~~~~~~~~~
act.informative.cpp:7855:21: warning: unused variable ‘season_string’ [-Wunused-variable]
 7855 |         const char *season_string[AVG_STRING_LENGTH] = { "deep winter",
      |                     ^~~~~~~~~~~~~
act.informative.cpp: In function ‘void do_equipment(CHAR_DATA*, char*, int)’:
act.informative.cpp:9549:45: warning: field width specifier ‘*’ expects argument of type ‘int’, but argument 4 has type ‘size_t’ {aka ‘long unsigned int’} [-Wformat=]
 9549 |                         sprintf(wear, "<%s>%*s", eq->attire, 23 - strlen(eq->attire), "");
      |                                            ~^~               ~~~~~~~~~~~~~~~~~~~~~~~
      |                                             |                   |
      |                                             int                 size_t {aka long unsigned int}
act.informative.cpp: In function ‘void do_find(CHAR_DATA*, char*, int)’:
act.informative.cpp:9649:13: warning: variable ‘zone’ set but not used [-Wunused-but-set-variable]
 9649 |         int zone = -1;
      |             ^~~~
act.informative.cpp:9654:15: warning: variable ‘not_list’ set but not used [-Wunused-but-set-variable]
 9654 |         char *not_list[50] = { '\0' };
      |               ^~~~~~~~
act.informative.cpp: In function ‘void do_where(CHAR_DATA*, char*, int)’:
act.informative.cpp:9910:13: warning: unused variable ‘status_strlen’ [-Wunused-variable]
 9910 |         int status_strlen = 20;
      |             ^~~~~~~~~~~~~
act.informative.cpp: In function ‘void do_mwatch(CHAR_DATA*, char*, int)’:
act.informative.cpp:10302:43: warning: cast to pointer from integer of different size [-Wint-to-pointer-cast]
10302 |                                 && (tch = (CHAR_DATA *) af->a.spell.t) != NULL) {
      |                                           ^~~~~~~~~~~~~~~~~~~~~~~~~~~
act.informative.cpp: In function ‘void directional_scan(CHAR_DATA*, int, int, int)’:
act.informative.cpp:10535:13: warning: variable ‘blank’ set but not used [-Wunused-but-set-variable]
10535 |         int blank = 0;
      |             ^~~~~
act.informative.cpp:10536:13: warning: variable ‘seen’ set but not used [-Wunused-but-set-variable]
10536 |         int seen = 0;
      |             ^~~~
act.informative.cpp:10540:13: warning: variable ‘penalty’ set but not used [-Wunused-but-set-variable]
10540 |         int penalty = 0;
      |             ^~~~~~~
act.informative.cpp: In function ‘void add_message(int, const char*, int, const char*, char*, char*, char*, char*, long int)’:
act.informative.cpp:11769:13: warning: variable ‘month’ set but not used [-Wunused-but-set-variable]
11769 |         int month = 0;
      |             ^~~~~
act.informative.cpp:11775:14: warning: variable ‘found’ set but not used [-Wunused-but-set-variable]
11775 |         bool found = false;
      |              ^~~~~
act.informative.cpp: In function ‘MESSAGE_DATA* load_message(char*, int, int)’:
act.informative.cpp:11924:36: warning: variable ‘suf’ set but not used [-Wunused-but-set-variable]
11924 |                         { '\0' }, *suf = '\0';
      |                                    ^~~
act.informative.cpp:11991:13: warning: variable ‘month’ set but not used [-Wunused-but-set-variable]
11991 |         int month = 0;
      |             ^~~~~
act.informative.cpp: In function ‘void do_notify(CHAR_DATA*, char*, int)’:
act.informative.cpp:12149:46: warning: cast to pointer from integer of different size [-Wint-to-pointer-cast]
12149 |                         if (!is_he_somewhere((CHAR_DATA *) af->a.spell.t)) {
      |                                              ^~~~~~~~~~~~~~~~~~~~~~~~~~~
act.informative.cpp:12160:43: warning: cast to pointer from integer of different size [-Wint-to-pointer-cast]
12160 |                         send_to_char(buf, (CHAR_DATA *) af->a.spell.t);
      |                                           ^~~~~~~~~~~~~~~~~~~~~~~~~~~
In file included from account.h:34,
                 from act.informative.cpp:22:
act.informative.cpp:12162:38: warning: cast to pointer from integer of different size [-Wint-to-pointer-cast]
12162 |                         if (!IS_SET(((CHAR_DATA * ) af->a.spell.t)->plr_flags, MUTE_BEEPS))
      |                                      ^~~~~~~~~~~~~~~~~~~~~~~~~~~~
utils.h:39:29: note: in definition of macro ‘IS_SET’
   39 | #define IS_SET(flag,bit)  ((flag) & (bit))
      |                             ^~~~
act.informative.cpp:12163:52: warning: cast to pointer from integer of different size [-Wint-to-pointer-cast]
12163 |                                 send_to_char("\a", (CHAR_DATA *) af->a.spell.t);
      |                                                    ^~~~~~~~~~~~~~~~~~~~~~~~~~~
act.informative.cpp:12176:38: warning: cast to pointer from integer of different size [-Wint-to-pointer-cast]
12176 |                 if (!is_he_somewhere((CHAR_DATA *) af->a.spell.t)) {
      |                                      ^~~~~~~~~~~~~~~~~~~~~~~~~~~
act.informative.cpp:12183:33: warning: cast to pointer from integer of different size [-Wint-to-pointer-cast]
12183 |                                 (CHAR_DATA *) af->a.spell.t);
      |                                 ^~~~~~~~~~~~~~~~~~~~~~~~~~~
act.informative.cpp: In function ‘void show_evaluate_information(CHAR_DATA*, OBJ_DATA*)’:
act.informative.cpp:13453:49: warning: variable ‘minutes’ set but not used [-Wunused-but-set-variable]
13453 |                         int delta, days, hours, minutes;
      |                                                 ^~~~~~~
act.informative.cpp: In function ‘char* coin_sdesc(OBJ_DATA*)’:
act.informative.cpp:10843:1: warning: control reaches end of non-void function [-Wreturn-type]
10843 | }
      | ^
g++ -Wno-write-strings  -c -march=native  -ggdb -DLINUX -Wall -fpermissive -std=gnu++98 act.movement.cpp 
act.informative.cpp: In function ‘void show_obj_to_char(OBJ_DATA*, CHAR_DATA*, int)’:
act.informative.cpp:2067:60: warning: ‘ With ’ directive writing 6 bytes into a region of size between 1 and 49152 [-Wformat-overflow=]
 2067 |                                                         "%s With %s skill and %s, this item has a %s and %s decoration of: %s",
      |                                                            ^~~~~~
act.informative.cpp:2066:48: note: ‘sprintf’ output 57 or more bytes (assuming 49208) into a destination of size 49152
 2066 |                                         sprintf(buf,
      |                                         ~~~~~~~^~~~~
 2067 |                                                         "%s With %s skill and %s, this item has a %s and %s decoration of: %s",
      |                                                         ~~~~~~~~~~~~~~~~~~~~~~~~~~~~~~~~~~~~~~~~~~~~~~~~~~~~~~~~~~~~~~~~~~~~~~~
 2068 |                                                         buf2,
      |                                                         ~~~~~
 2069 |                                                         (obj->dec_quality >= 75 ? dec_skills[8] :
      |                                                         ~~~~~~~~~~~~~~~~~~~~~~~~~~~~~~~~~~~~~~~~~
 2070 |                                                                 obj->dec_quality >= 70 ? dec_skills[7] :
      |                                                                 ~~~~~~~~~~~~~~~~~~~~~~~~~~~~~~~~~~~~~~~~
 2071 |                                                                 obj->dec_quality >= 60 ? dec_skills[6] :
      |                                                                 ~~~~~~~~~~~~~~~~~~~~~~~~~~~~~~~~~~~~~~~~
 2072 |                                                                 obj->dec_quality >= 50 ? dec_skills[5] :
      |                                                                 ~~~~~~~~~~~~~~~~~~~~~~~~~~~~~~~~~~~~~~~~
 2073 |                                                                 obj->dec_quality >= 40 ? dec_skills[4] :
      |                                                                 ~~~~~~~~~~~~~~~~~~~~~~~~~~~~~~~~~~~~~~~~
 2074 |                                                                 obj->dec_quality >= 30 ? dec_skills[3] :
      |                                                                 ~~~~~~~~~~~~~~~~~~~~~~~~~~~~~~~~~~~~~~~~
 2075 |                                                                 obj->dec_quality >= 20 ? dec_skills[2] :
      |                                                                 ~~~~~~~~~~~~~~~~~~~~~~~~~~~~~~~~~~~~~~~~
 2076 |                                                                 obj->dec_quality >= 10 ?
      |                                                                 ~~~~~~~~~~~~~~~~~~~~~~~~
 2077 |                                                                                 dec_skills[1] : dec_skills[0]),
      |                                                                                 ~~~~~~~~~~~~~~~~~~~~~~~~~~~~~~~
 2078 |                                                         obj->dec_style, dec_size[obj->dec_size],
      |                                                         ~~~~~~~~~~~~~~~~~~~~~~~~~~~~~~~~~~~~~~~~
 2079 |                                                         dec_conditions[obj->dec_condition], obj->dec_desc);
      |                                                         ~~~~~~~~~~~~~~~~~~~~~~~~~~~~~~~~~~~~~~~~~~~~~~~~~~
act.informative.cpp:2112:82: warning: ‘%s’ directive writing up to 49151 bytes into a region of size 49127 [-Wformat-overflow=]
 2112 |                                         sprintf(buf, "\n\n   #6It will cover the %s", buf2);
      |                                                                                  ^~   ~~~~
act.informative.cpp:2112:48: note: ‘sprintf’ output between 26 and 49177 bytes into a destination of size 49152
 2112 |                                         sprintf(buf, "\n\n   #6It will cover the %s", buf2);
      |                                         ~~~~~~~^~~~~~~~~~~~~~~~~~~~~~~~~~~~~~~~~~~~~~~~~~~~
act.informative.cpp:2134:84: warning: ‘%s’ directive writing up to 49151 bytes into a region of size 49126 [-Wformat-overflow=]
 2134 |                                                         ", and partially cover the %s.#0\n", buf2);
      |                                                                                    ^~        ~~~~
act.informative.cpp:2133:48: note: ‘sprintf’ output between 31 and 49182 bytes into a destination of size 49152
 2133 |                                         sprintf(buf + strlen(buf),
      |                                         ~~~~~~~^~~~~~~~~~~~~~~~~~~
 2134 |                                                         ", and partially cover the %s.#0\n", buf2);
      |                                                         ~~~~~~~~~~~~~~~~~~~~~~~~~~~~~~~~~~~~~~~~~~
act.informative.cpp:2136:92: warning: ‘%s’ directive writing up to 49151 bytes into a region of size 49117 [-Wformat-overflow=]
 2136 |                                         sprintf(buf, "\n\n   #6It will partially cover the %s.#0\n",
      |                                                                                            ^~
 2137 |                                                         buf2);
      |                                                         ~~~~                                
act.informative.cpp:2136:48: note: ‘sprintf’ output between 40 and 49191 bytes into a destination of size 49152
 2136 |                                         sprintf(buf, "\n\n   #6It will partially cover the %s.#0\n",
      |                                         ~~~~~~~^~~~~~~~~~~~~~~~~~~~~~~~~~~~~~~~~~~~~~~~~~~~~~~~~~~~~
 2137 |                                                         buf2);
      |                                                         ~~~~~
act.informative.cpp:2170:84: warning: ‘%s’ directive writing up to 49151 bytes into a region of size 49125 [-Wformat-overflow=]
 2170 |                                         sprintf(buf, "\n\n   #6It is worn over the %s", buf2);
      |                                                                                    ^~   ~~~~
act.informative.cpp:2170:48: note: ‘sprintf’ output between 28 and 49179 bytes into a destination of size 49152
 2170 |                                         sprintf(buf, "\n\n   #6It is worn over the %s", buf2);
      |                                         ~~~~~~~^~~~~~~~~~~~~~~~~~~~~~~~~~~~~~~~~~~~~~~~~~~~~~
act.informative.cpp:2191:90: warning: ‘%s’ directive writing up to 49151 bytes into a region of size 49131 [-Wformat-overflow=]
 2191 |                                         sprintf(buf + strlen(buf), ", and worn about the %s.#0\n",
      |                                                                                          ^~
 2192 |                                                         buf2);
      |                                                         ~~~~                              
act.informative.cpp:2191:48: note: ‘sprintf’ output between 26 and 49177 bytes into a destination of size 49152
 2191 |                                         sprintf(buf + strlen(buf), ", and worn about the %s.#0\n",
      |                                         ~~~~~~~^~~~~~~~~~~~~~~~~~~~~~~~~~~~~~~~~~~~~~~~~~~~~~~~~~~
 2192 |                                                         buf2);
      |                                                         ~~~~~
act.informative.cpp:2194:85: warning: ‘%s’ directive writing up to 49151 bytes into a region of size 49124 [-Wformat-overflow=]
 2194 |                                         sprintf(buf, "\n\n   #6It is worn about the %s.#0\n", buf2);
      |                                                                                     ^~        ~~~~
act.informative.cpp:2194:48: note: ‘sprintf’ output between 33 and 49184 bytes into a destination of size 49152
 2194 |                                         sprintf(buf, "\n\n   #6It is worn about the %s.#0\n", buf2);
      |                                         ~~~~~~~^~~~~~~~~~~~~~~~~~~~~~~~~~~~~~~~~~~~~~~~~~~~~~~~~~~~
act.informative.cpp:2448:78: warning: ‘%s’ directive writing up to 49151 bytes into a region of size 49132 [-Wformat-overflow=]
 2448 |                                                         "This weapon takes #0%s%s#6 missiles.#0", buf4,
      |                                                                              ^~                   ~~~~
act.informative.cpp:2447:48: note: ‘sprintf’ output 35 or more bytes (assuming 49186) into a destination of size 49152
 2447 |                                         sprintf(buf + strlen(buf),
      |                                         ~~~~~~~^~~~~~~~~~~~~~~~~~~
 2448 |                                                         "This weapon takes #0%s%s#6 missiles.#0", buf4,
      |                                                         ~~~~~~~~~~~~~~~~~~~~~~~~~~~~~~~~~~~~~~~~~~~~~~~
 2449 |                                                         calibers[obj->o.firearm.caliber]);
      |                                                         ~~~~~~~~~~~~~~~~~~~~~~~~~~~~~~~~~
act.informative.cpp:2550:156: warning: ‘%s’ directive writing up to 49151 bytes into a region of size 49041 [-Wformat-overflow=]
 2550 |                                                 "#6It would provide seating for up to #0%s %s#6 and #0%s cover#6 from #0%s#6 of the following directions:#0%s",
      |                                                                                                                                                            ^~
......
 2557 |                                                 buf2);
      |                                                 ~~~~                                                                                                        
act.informative.cpp:2549:40: note: ‘sprintf’ output 112 or more bytes (assuming 49263) into a destination of size 49152
 2549 |                                 sprintf(buf,
      |                                 ~~~~~~~^~~~~
 2550 |                                                 "#6It would provide seating for up to #0%s %s#6 and #0%s cover#6 from #0%s#6 of the following directions:#0%s",
      |                                                 ~~~~~~~~~~~~~~~~~~~~~~~~~~~~~~~~~~~~~~~~~~~~~~~~~~~~~~~~~~~~~~~~~~~~~~~~~~~~~~~~~~~~~~~~~~~~~~~~~~~~~~~~~~~~~~~
 2551 |                                                 verbal_number[obj->o.od.value[5]],
      |                                                 ~~~~~~~~~~~~~~~~~~~~~~~~~~~~~~~~~~
 2552 |                                                 (obj->o.od.value[5] == 1 ? "person" : "people"),
      |                                                 ~~~~~~~~~~~~~~~~~~~~~~~~~~~~~~~~~~~~~~~~~~~~~~~~
 2553 |                                                 (obj->o.od.value[1] >= 2 ? "good" :
      |                                                 ~~~~~~~~~~~~~~~~~~~~~~~~~~~~~~~~~~~
 2554 |                                                         obj->o.od.value[1] == 1 ? "ordinary" : "poor"),
      |                                                         ~~~~~~~~~~~~~~~~~~~~~~~~~~~~~~~~~~~~~~~~~~~~~~~
 2555 |                                                 (obj->o.od.value[2] == 0 ?
      |                                                 ~~~~~~~~~~~~~~~~~~~~~~~~~~
 2556 |                                                                 "all" : verbal_number[obj->o.od.value[2]]),
      |                                                                 ~~~~~~~~~~~~~~~~~~~~~~~~~~~~~~~~~~~~~~~~~~~
 2557 |                                                 buf2);
      |                                                 ~~~~~
act.informative.cpp:2755:71: warning: ‘%s’ directive writing up to 49151 bytes into a region of size 49142 [-Wformat-overflow=]
 2755 |                                 sprintf(buf + strlen(buf), ". It uses %s power units", buf2);
      |                                                                       ^~               ~~~~
act.informative.cpp:2755:40: note: ‘sprintf’ output between 23 and 49174 bytes into a destination of size 49152
 2755 |                                 sprintf(buf + strlen(buf), ". It uses %s power units", buf2);
      |                                 ~~~~~~~^~~~~~~~~~~~~~~~~~~~~~~~~~~~~~~~~~~~~~~~~~~~~~~~~~~~~
act.informative.cpp:3004:138: warning: ‘%s’ directive writing up to 49151 bytes into a region of size 49064 [-Wformat-overflow=]
 3004 |                                                 "This item can be used as a component for a trap, and has the following characteristics: %s",
      |                                                                                                                                          ^~
 3005 |                                                 buf2);
      |                                                 ~~~~                                                                                      
act.informative.cpp:3003:40: note: ‘sprintf’ output between 89 and 49240 bytes into a destination of size 49152
 3003 |                                 sprintf(buf,
      |                                 ~~~~~~~^~~~~
 3004 |                                                 "This item can be used as a component for a trap, and has the following characteristics: %s",
      |                                                 ~~~~~~~~~~~~~~~~~~~~~~~~~~~~~~~~~~~~~~~~~~~~~~~~~~~~~~~~~~~~~~~~~~~~~~~~~~~~~~~~~~~~~~~~~~~~~
 3005 |                                                 buf2);
      |                                                 ~~~~~
act.informative.cpp:3017:78: warning: ‘%s’ directive writing up to 49151 bytes into a region of size 49135 [-Wformat-overflow=]
 3017 |                                 sprintf(buf + strlen(buf), " and will target %s", buf2);
      |                                                                              ^~   ~~~~
act.informative.cpp:3017:40: note: ‘sprintf’ output between 18 and 49169 bytes into a destination of size 49152
 3017 |                                 sprintf(buf + strlen(buf), " and will target %s", buf2);
      |                                 ~~~~~~~^~~~~~~~~~~~~~~~~~~~~~~~~~~~~~~~~~~~~~~~~~~~~~~~
act.informative.cpp:3145:128: warning: ‘%s’ directive writing up to 49151 bytes into a region of size 49076 [-Wformat-overflow=]
 3145 |                                                 "   You realize that you could make use of this item in the following craft%s: %s.",
      |                                                                                                                                ^~
 3146 |                                                 crafts_found != 1 ? "s" : "", buf);
      |                                                                               ~~~                                               
act.informative.cpp:3144:40: note: ‘sprintf’ output 78 or more bytes (assuming 49229) into a destination of size 49152
 3144 |                                 sprintf(output,
      |                                 ~~~~~~~^~~~~~~~
 3145 |                                                 "   You realize that you could make use of this item in the following craft%s: %s.",
      |                                                 ~~~~~~~~~~~~~~~~~~~~~~~~~~~~~~~~~~~~~~~~~~~~~~~~~~~~~~~~~~~~~~~~~~~~~~~~~~~~~~~~~~~~
 3146 |                                                 crafts_found != 1 ? "s" : "", buf);
      |                                                 ~~~~~~~~~~~~~~~~~~~~~~~~~~~~~~~~~~
act.informative.cpp:2039:62: warning: ‘sprintf’ may write a terminating nul past the end of the destination [-Wformat-overflow=]
 2039 |                                         sprintf(buffer, "%s\n", CAP(buf));
      |                                                              ^
act.informative.cpp:2039:48: note: ‘sprintf’ output between 2 and 49153 bytes into a destination of size 49152
 2039 |                                         sprintf(buffer, "%s\n", CAP(buf));
      |                                         ~~~~~~~^~~~~~~~~~~~~~~~~~~~~~~~~~
act.informative.cpp:2050:54: warning: ‘sprintf’ may write a terminating nul past the end of the destination [-Wformat-overflow=]
 2050 |                                 sprintf(buffer, "%s\n", CAP(buf));
      |                                                      ^
act.informative.cpp:2050:40: note: ‘sprintf’ output between 2 and 49153 bytes into a destination of size 49152
 2050 |                                 sprintf(buffer, "%s\n", CAP(buf));
      |                                 ~~~~~~~^~~~~~~~~~~~~~~~~~~~~~~~~~
act.informative.cpp:1930:52: warning: ‘%s’ directive writing up to 49151 bytes into a region of size 49150 [-Wformat-overflow=]
 1930 |                                 sprintf(buffer, "#2%s\n", CAP(buf));
      |                                                    ^~
act.informative.cpp:1930:40: note: ‘sprintf’ output between 4 and 49155 bytes into a destination of size 49152
 1930 |                                 sprintf(buffer, "#2%s\n", CAP(buf));
      |                                 ~~~~~~~^~~~~~~~~~~~~~~~~~~~~~~~~~~~
act.informative.cpp: In function ‘char* char_short(CHAR_DATA*)’:
act.informative.cpp:3972:43: warning: ‘%s’ directive writing up to 49151 bytes into a region of size 49148 [-Wformat-overflow=]
 3972 |                         sprintf(buf, "the %s, %s person", phrase, obj->desc_keys);
      |                                           ^~              ~~~~~~
act.informative.cpp:3972:32: note: ‘sprintf’ output 14 or more bytes (assuming 49165) into a destination of size 49152
 3972 |                         sprintf(buf, "the %s, %s person", phrase, obj->desc_keys);
      |                         ~~~~~~~^~~~~~~~~~~~~~~~~~~~~~~~~~~~~~~~~~~~~~~~~~~~~~~~~~
act.informative.cpp:3970:43: warning: ‘%s’ directive writing up to 49151 bytes into a region of size 49148 [-Wformat-overflow=]
 3970 |                         sprintf(buf, "the %s, %s person", phrase, obj->desc_keys);
      |                                           ^~              ~~~~~~
act.informative.cpp:3970:32: note: ‘sprintf’ output 14 or more bytes (assuming 49165) into a destination of size 49152
 3970 |                         sprintf(buf, "the %s, %s person", phrase, obj->desc_keys);
      |                         ~~~~~~~^~~~~~~~~~~~~~~~~~~~~~~~~~~~~~~~~~~~~~~~~~~~~~~~~~
act.informative.cpp:3962:43: warning: ‘%s’ directive writing up to 49151 bytes into a region of size 49148 [-Wformat-overflow=]
 3962 |                         sprintf(buf, "the %s, %s person", phrase, obj->desc_keys);
      |                                           ^~              ~~~~~~
act.informative.cpp:3962:32: note: ‘sprintf’ output 14 or more bytes (assuming 49165) into a destination of size 49152
 3962 |                         sprintf(buf, "the %s, %s person", phrase, obj->desc_keys);
      |                         ~~~~~~~^~~~~~~~~~~~~~~~~~~~~~~~~~~~~~~~~~~~~~~~~~~~~~~~~~
act.informative.cpp:3960:43: warning: ‘%s’ directive writing up to 49151 bytes into a region of size 49148 [-Wformat-overflow=]
 3960 |                         sprintf(buf, "the %s, %s person", phrase, obj->desc_keys);
      |                                           ^~              ~~~~~~
act.informative.cpp:3960:32: note: ‘sprintf’ output 14 or more bytes (assuming 49165) into a destination of size 49152
 3960 |                         sprintf(buf, "the %s, %s person", phrase, obj->desc_keys);
      |                         ~~~~~~~^~~~~~~~~~~~~~~~~~~~~~~~~~~~~~~~~~~~~~~~~~~~~~~~~~
act.informative.cpp:3949:35: warning: ‘%s’ directive writing up to 49151 bytes into a region of size 49150 [-Wformat-overflow=]
 3949 |                 sprintf(buf, "a%s %s, %s person", (isvowel(phrase[0]) ? "n" : ""),
      |                                   ^~
 3950 |                                 phrase, obj->desc_keys);
      |                                 ~~~~~~
act.informative.cpp:3949:24: note: ‘sprintf’ output 12 or more bytes (assuming 49163) into a destination of size 49152
 3949 |                 sprintf(buf, "a%s %s, %s person", (isvowel(phrase[0]) ? "n" : ""),
      |                 ~~~~~~~^~~~~~~~~~~~~~~~~~~~~~~~~~~~~~~~~~~~~~~~~~~~~~~~~~~~~~~~~~~
 3950 |                                 phrase, obj->desc_keys);
      |                                 ~~~~~~~~~~~~~~~~~~~~~~~
act.informative.cpp:3941:35: warning: ‘%s’ directive writing up to 49151 bytes into a region of size 49150 [-Wformat-overflow=]
 3941 |                 sprintf(buf, "a%s %s, %s person", (isvowel(phrase[0]) ? "n" : ""),
      |                                   ^~
 3942 |                                 phrase, obj->desc_keys);
      |                                 ~~~~~~
act.informative.cpp:3941:24: note: ‘sprintf’ output 12 or more bytes (assuming 49163) into a destination of size 49152
 3941 |                 sprintf(buf, "a%s %s, %s person", (isvowel(phrase[0]) ? "n" : ""),
      |                 ~~~~~~~^~~~~~~~~~~~~~~~~~~~~~~~~~~~~~~~~~~~~~~~~~~~~~~~~~~~~~~~~~~
 3942 |                                 phrase, obj->desc_keys);
      |                                 ~~~~~~~~~~~~~~~~~~~~~~~
act.informative.cpp:3933:35: warning: ‘%s’ directive writing up to 49151 bytes into a region of size 49150 [-Wformat-overflow=]
 3933 |                 sprintf(buf, "a%s %s, %s person", (isvowel(phrase[0]) ? "n" : ""),
      |                                   ^~
 3934 |                                 phrase, obj->desc_keys);
      |                                 ~~~~~~
act.informative.cpp:3933:24: note: ‘sprintf’ output 12 or more bytes (assuming 49163) into a destination of size 49152
 3933 |                 sprintf(buf, "a%s %s, %s person", (isvowel(phrase[0]) ? "n" : ""),
      |                 ~~~~~~~^~~~~~~~~~~~~~~~~~~~~~~~~~~~~~~~~~~~~~~~~~~~~~~~~~~~~~~~~~~
 3934 |                                 phrase, obj->desc_keys);
      |                                 ~~~~~~~~~~~~~~~~~~~~~~~
act.informative.cpp:3925:35: warning: ‘%s’ directive writing up to 49151 bytes into a region of size 49150 [-Wformat-overflow=]
 3925 |                 sprintf(buf, "a%s %s, %s person", (isvowel(phrase[0]) ? "n" : ""),
      |                                   ^~
 3926 |                                 phrase, obj->desc_keys);
      |                                 ~~~~~~
act.informative.cpp:3925:24: note: ‘sprintf’ output 12 or more bytes (assuming 49163) into a destination of size 49152
 3925 |                 sprintf(buf, "a%s %s, %s person", (isvowel(phrase[0]) ? "n" : ""),
      |                 ~~~~~~~^~~~~~~~~~~~~~~~~~~~~~~~~~~~~~~~~~~~~~~~~~~~~~~~~~~~~~~~~~~
 3926 |                                 phrase, obj->desc_keys);
      |                                 ~~~~~~~~~~~~~~~~~~~~~~~
act.informative.cpp:3909:34: warning: ‘%s’ directive writing 11 or more bytes into a region of size between 0 and 49151 [-Wformat-overflow=]
 3909 |                 sprintf(buf, "%s %s%s %s", arg1,
      |                                  ^~
act.informative.cpp:3909:24: note: ‘sprintf’ output 14 or more bytes (assuming 49165) into a destination of size 49152
 3909 |                 sprintf(buf, "%s %s%s %s", arg1,
      |                 ~~~~~~~^~~~~~~~~~~~~~~~~~~~~~~~~
 3910 |                                 arena_color == 2 ? "red-painted" : "blue-painted",
      |                                 ~~~~~~~~~~~~~~~~~~~~~~~~~~~~~~~~~~~~~~~~~~~~~~~~~~
 3911 |                                 (arg3[strlen(arg3) - 1] == ',' ? "," : ""), arg2);
      |                                 ~~~~~~~~~~~~~~~~~~~~~~~~~~~~~~~~~~~~~~~~~~~~~~~~~
act.informative.cpp: In function ‘char* char_long(CHAR_DATA*, int)’:
act.informative.cpp:4076:56: warning: ‘%s’ directive writing up to 49151 bytes into a region of size between 49128 and 49147 [-Wformat-overflow=]
 4076 |                                 sprintf(buf, "A %s, %s %sperson is here.", phrase,
      |                                                        ^~
 4077 |                                                 obj->desc_keys, tname);
      |                                                                 ~~~~~
act.informative.cpp:4076:40: note: ‘sprintf’ output 21 or more bytes (assuming 49191) into a destination of size 49152
 4076 |                                 sprintf(buf, "A %s, %s %sperson is here.", phrase,
      |                                 ~~~~~~~^~~~~~~~~~~~~~~~~~~~~~~~~~~~~~~~~~~~~~~~~~~
 4077 |                                                 obj->desc_keys, tname);
      |                                                 ~~~~~~~~~~~~~~~~~~~~~~
act.informative.cpp:4073:64: warning: ‘%s’ directive writing up to 49151 bytes into a region of size between 49128 and 49147 [-Wformat-overflow=]
 4073 |                                         sprintf(buf, "A %s, %s %sperson %s", phrase, obj->desc_keys,
      |                                                                ^~
 4074 |                                                         tname, ch->pmote_str);
      |                                                         ~~~~~   
act.informative.cpp:4073:48: note: ‘sprintf’ output 13 or more bytes (assuming 49183) into a destination of size 49152
 4073 |                                         sprintf(buf, "A %s, %s %sperson %s", phrase, obj->desc_keys,
      |                                         ~~~~~~~^~~~~~~~~~~~~~~~~~~~~~~~~~~~~~~~~~~~~~~~~~~~~~~~~~~~~
 4074 |                                                         tname, ch->pmote_str);
      |                                                         ~~~~~~~~~~~~~~~~~~~~~
act.informative.cpp:4070:64: warning: ‘%s’ directive writing up to 49151 bytes into a region of size between 49128 and 49147 [-Wformat-overflow=]
 4070 |                                         sprintf(buf, "A %s, %s %sperson%s", phrase, obj->desc_keys,
      |                                                                ^~
 4071 |                                                         tname, ch->pmote_str);
      |                                                         ~~~~~   
act.informative.cpp:4070:48: note: ‘sprintf’ output 12 or more bytes (assuming 49182) into a destination of size 49152
 4070 |                                         sprintf(buf, "A %s, %s %sperson%s", phrase, obj->desc_keys,
      |                                         ~~~~~~~^~~~~~~~~~~~~~~~~~~~~~~~~~~~~~~~~~~~~~~~~~~~~~~~~~~~
 4071 |                                                         tname, ch->pmote_str);
      |                                                         ~~~~~~~~~~~~~~~~~~~~~
act.informative.cpp:4065:56: warning: ‘%s’ directive writing up to 49151 bytes into a region of size between 49128 and 49147 [-Wformat-overflow=]
 4065 |                                 sprintf(buf, "A %s, %s %sperson is here.", phrase,
      |                                                        ^~
 4066 |                                                 obj->desc_keys, tname);
      |                                                                 ~~~~~
act.informative.cpp:4065:40: note: ‘sprintf’ output 21 or more bytes (assuming 49191) into a destination of size 49152
 4065 |                                 sprintf(buf, "A %s, %s %sperson is here.", phrase,
      |                                 ~~~~~~~^~~~~~~~~~~~~~~~~~~~~~~~~~~~~~~~~~~~~~~~~~~
 4066 |                                                 obj->desc_keys, tname);
      |                                                 ~~~~~~~~~~~~~~~~~~~~~~
act.informative.cpp:4062:64: warning: ‘%s’ directive writing up to 49151 bytes into a region of size between 49128 and 49147 [-Wformat-overflow=]
 4062 |                                         sprintf(buf, "A %s, %s %sperson %s", phrase, obj->desc_keys,
      |                                                                ^~
 4063 |                                                         tname, ch->pmote_str);
      |                                                         ~~~~~   
act.informative.cpp:4062:48: note: ‘sprintf’ output 13 or more bytes (assuming 49183) into a destination of size 49152
 4062 |                                         sprintf(buf, "A %s, %s %sperson %s", phrase, obj->desc_keys,
      |                                         ~~~~~~~^~~~~~~~~~~~~~~~~~~~~~~~~~~~~~~~~~~~~~~~~~~~~~~~~~~~~
 4063 |                                                         tname, ch->pmote_str);
      |                                                         ~~~~~~~~~~~~~~~~~~~~~
act.informative.cpp:4059:64: warning: ‘%s’ directive writing up to 49151 bytes into a region of size between 49128 and 49147 [-Wformat-overflow=]
 4059 |                                         sprintf(buf, "A %s, %s %sperson%s", phrase, obj->desc_keys,
      |                                                                ^~
 4060 |                                                         tname, ch->pmote_str);
      |                                                         ~~~~~   
act.informative.cpp:4059:48: note: ‘sprintf’ output 12 or more bytes (assuming 49182) into a destination of size 49152
 4059 |                                         sprintf(buf, "A %s, %s %sperson%s", phrase, obj->desc_keys,
      |                                         ~~~~~~~^~~~~~~~~~~~~~~~~~~~~~~~~~~~~~~~~~~~~~~~~~~~~~~~~~~~
 4060 |                                                         tname, ch->pmote_str);
      |                                                         ~~~~~~~~~~~~~~~~~~~~~
act.informative.cpp:4045:55: warning: ‘%s’ directive writing up to 49151 bytes into a region of size between 49121 and 49140 [-Wformat-overflow=]
 4045 |                         sprintf(buf, "A %s, %s person %sis here.", phrase, obj->desc_keys,
      |                                                       ^~
 4046 |                                         tname);
      |                                         ~~~~~          
act.informative.cpp:4045:32: note: ‘sprintf’ output 21 or more bytes (assuming 49191) into a destination of size 49152
 4045 |                         sprintf(buf, "A %s, %s person %sis here.", phrase, obj->desc_keys,
      |                         ~~~~~~~^~~~~~~~~~~~~~~~~~~~~~~~~~~~~~~~~~~~~~~~~~~~~~~~~~~~~~~~~~~
 4046 |                                         tname);
      |                                         ~~~~~~
act.informative.cpp:4040:62: warning: ‘%s’ directive writing up to 49151 bytes into a region of size between 49122 and 49141 [-Wformat-overflow=]
 4040 |                                 sprintf(buf, "A %s, %s person%s %s", phrase, obj->desc_keys,
      |                                                              ^~
 4041 |                                                 tname, ch->pmote_str);
      |                                                 ~~~~~         
act.informative.cpp:4040:40: note: ‘sprintf’ output 13 or more bytes (assuming 49183) into a destination of size 49152
 4040 |                                 sprintf(buf, "A %s, %s person%s %s", phrase, obj->desc_keys,
      |                                 ~~~~~~~^~~~~~~~~~~~~~~~~~~~~~~~~~~~~~~~~~~~~~~~~~~~~~~~~~~~~
 4041 |                                                 tname, ch->pmote_str);
      |                                                 ~~~~~~~~~~~~~~~~~~~~~
act.informative.cpp:4036:62: warning: ‘%s’ directive writing up to 49151 bytes into a region of size between 49122 and 49141 [-Wformat-overflow=]
 4036 |                                 sprintf(buf, "A %s, %s person%s %s", phrase, obj->desc_keys,
      |                                                              ^~
 4037 |                                                 tname, ch->pmote_str);
      |                                                 ~~~~~         
act.informative.cpp:4036:40: note: ‘sprintf’ output 13 or more bytes (assuming 49183) into a destination of size 49152
 4036 |                                 sprintf(buf, "A %s, %s person%s %s", phrase, obj->desc_keys,
      |                                 ~~~~~~~^~~~~~~~~~~~~~~~~~~~~~~~~~~~~~~~~~~~~~~~~~~~~~~~~~~~~
 4037 |                                                 tname, ch->pmote_str);
      |                                                 ~~~~~~~~~~~~~~~~~~~~~
act.informative.cpp:4026:55: warning: ‘%s’ directive writing up to 49151 bytes into a region of size between 49121 and 49140 [-Wformat-overflow=]
 4026 |                         sprintf(buf, "A %s, %s person %sis here.", phrase, obj->desc_keys,
      |                                                       ^~
 4027 |                                         tname);
      |                                         ~~~~~          
act.informative.cpp:4026:32: note: ‘sprintf’ output 21 or more bytes (assuming 49191) into a destination of size 49152
 4026 |                         sprintf(buf, "A %s, %s person %sis here.", phrase, obj->desc_keys,
      |                         ~~~~~~~^~~~~~~~~~~~~~~~~~~~~~~~~~~~~~~~~~~~~~~~~~~~~~~~~~~~~~~~~~~
 4027 |                                         tname);
      |                                         ~~~~~~
act.informative.cpp:4021:62: warning: ‘%s’ directive writing up to 49151 bytes into a region of size between 49122 and 49141 [-Wformat-overflow=]
 4021 |                                 sprintf(buf, "A %s, %s person%s %s", phrase, obj->desc_keys,
      |                                                              ^~
 4022 |                                                 tname, ch->pmote_str);
      |                                                 ~~~~~         
act.informative.cpp:4021:40: note: ‘sprintf’ output 13 or more bytes (assuming 49183) into a destination of size 49152
 4021 |                                 sprintf(buf, "A %s, %s person%s %s", phrase, obj->desc_keys,
      |                                 ~~~~~~~^~~~~~~~~~~~~~~~~~~~~~~~~~~~~~~~~~~~~~~~~~~~~~~~~~~~~
 4022 |                                                 tname, ch->pmote_str);
      |                                                 ~~~~~~~~~~~~~~~~~~~~~
act.informative.cpp:4017:62: warning: ‘%s’ directive writing up to 49151 bytes into a region of size between 49122 and 49141 [-Wformat-overflow=]
 4017 |                                 sprintf(buf, "A %s, %s person%s %s", phrase, obj->desc_keys,
      |                                                              ^~
 4018 |                                                 tname, ch->pmote_str);
      |                                                 ~~~~~         
act.informative.cpp:4017:40: note: ‘sprintf’ output 13 or more bytes (assuming 49183) into a destination of size 49152
 4017 |                                 sprintf(buf, "A %s, %s person%s %s", phrase, obj->desc_keys,
      |                                 ~~~~~~~^~~~~~~~~~~~~~~~~~~~~~~~~~~~~~~~~~~~~~~~~~~~~~~~~~~~~
 4018 |                                                 tname, ch->pmote_str);
      |                                                 ~~~~~~~~~~~~~~~~~~~~~
act.informative.cpp:4007:55: warning: ‘%s’ directive writing up to 49151 bytes into a region of size between 49121 and 49140 [-Wformat-overflow=]
 4007 |                         sprintf(buf, "A %s, %s person %sis here.", phrase, obj->desc_keys,
      |                                                       ^~
 4008 |                                         tname);
      |                                         ~~~~~          
act.informative.cpp:4007:32: note: ‘sprintf’ output 21 or more bytes (assuming 49191) into a destination of size 49152
 4007 |                         sprintf(buf, "A %s, %s person %sis here.", phrase, obj->desc_keys,
      |                         ~~~~~~~^~~~~~~~~~~~~~~~~~~~~~~~~~~~~~~~~~~~~~~~~~~~~~~~~~~~~~~~~~~
 4008 |                                         tname);
      |                                         ~~~~~~
act.informative.cpp:4002:62: warning: ‘%s’ directive writing up to 49151 bytes into a region of size between 49122 and 49141 [-Wformat-overflow=]
 4002 |                                 sprintf(buf, "A %s, %s person%s %s", phrase, obj->desc_keys,
      |                                                              ^~
 4003 |                                                 tname, ch->pmote_str);
      |                                                 ~~~~~         
act.informative.cpp:4002:40: note: ‘sprintf’ output 13 or more bytes (assuming 49183) into a destination of size 49152
 4002 |                                 sprintf(buf, "A %s, %s person%s %s", phrase, obj->desc_keys,
      |                                 ~~~~~~~^~~~~~~~~~~~~~~~~~~~~~~~~~~~~~~~~~~~~~~~~~~~~~~~~~~~~
 4003 |                                                 tname, ch->pmote_str);
      |                                                 ~~~~~~~~~~~~~~~~~~~~~
act.informative.cpp:3998:62: warning: ‘%s’ directive writing up to 49151 bytes into a region of size between 49122 and 49141 [-Wformat-overflow=]
 3998 |                                 sprintf(buf, "A %s, %s person%s %s", phrase, obj->desc_keys,
      |                                                              ^~
 3999 |                                                 tname, ch->pmote_str);
      |                                                 ~~~~~         
act.informative.cpp:3998:40: note: ‘sprintf’ output 13 or more bytes (assuming 49183) into a destination of size 49152
 3998 |                                 sprintf(buf, "A %s, %s person%s %s", phrase, obj->desc_keys,
      |                                 ~~~~~~~^~~~~~~~~~~~~~~~~~~~~~~~~~~~~~~~~~~~~~~~~~~~~~~~~~~~~
 3999 |                                                 tname, ch->pmote_str);
      |                                                 ~~~~~~~~~~~~~~~~~~~~~
act.informative.cpp: In function ‘void hunger_thirst_process(CHAR_DATA*)’:
act.informative.cpp:6756:41: warning: ‘%s’ directive writing up to 49151 bytes into a region of size 49142 [-Wformat-overflow=]
 6756 |                 sprintf(buf, "#6You are %s.#0\n", update_buf);
      |                                         ^~        ~~~~~~~~~~
act.informative.cpp:6756:24: note: ‘sprintf’ output between 15 and 49166 bytes into a destination of size 49152
 6756 |                 sprintf(buf, "#6You are %s.#0\n", update_buf);
      |                 ~~~~~~~^~~~~~~~~~~~~~~~~~~~~~~~~~~~~~~~~~~~~~
act.informative.cpp: In function ‘void do_info(CHAR_DATA*, char*, int)’:
act.informative.cpp:6992:68: warning: ‘%s’ directive writing up to 49151 bytes into a region of size 49123 [-Wformat-overflow=]
 6992 |                         sprintf(buf, "You are taking cover from the%s.\n", buf2);
      |                                                                    ^~      ~~~~
act.informative.cpp:6992:32: note: ‘sprintf’ output between 32 and 49183 bytes into a destination of size 49152
 6992 |                         sprintf(buf, "You are taking cover from the%s.\n", buf2);
      |                         ~~~~~~~^~~~~~~~~~~~~~~~~~~~~~~~~~~~~~~~~~~~~~~~~~~~~~~~~
act.informative.cpp:6954:76: warning: ‘%s’ directive writing up to 49151 bytes into a region of size 49115 [-Wformat-overflow=]
 6954 |                         sprintf(buf, "You are resting behind cover from the%s.\n", buf2);
      |                                                                            ^~      ~~~~
act.informative.cpp:6954:32: note: ‘sprintf’ output between 40 and 49191 bytes into a destination of size 49152
 6954 |                         sprintf(buf, "You are resting behind cover from the%s.\n", buf2);
      |                         ~~~~~~~^~~~~~~~~~~~~~~~~~~~~~~~~~~~~~~~~~~~~~~~~~~~~~~~~~~~~~~~~
act.informative.cpp: In function ‘char* time_string(CHAR_DATA*)’:
act.informative.cpp:7993:29: warning: ‘%s’ directive writing up to 49151 bytes into a region of size 49146 [-Wformat-overflow=]
 7993 |         sprintf(buf, "It is %s ", phrase);
      |                             ^~    ~~~~~~
act.informative.cpp:7993:16: note: ‘sprintf’ output between 8 and 49159 bytes into a destination of size 49152
 7993 |         sprintf(buf, "It is %s ", phrase);
      |         ~~~~~~~^~~~~~~~~~~~~~~~~~~~~~~~~~
act.informative.cpp: In function ‘void do_weather(CHAR_DATA*, char*, int)’:
act.informative.cpp:8639:68: warning: ‘%s’ directive writing up to 49151 bytes into a region of size 49123 [-Wformat-overflow=]
 8639 |                         sprintf(buf, "It is a dangerously freezing %s %s%s.\n", buf2,
      |                                                                    ^~           ~~~~
act.informative.cpp:8639:32: note: ‘sprintf’ output between 33 and 98384 bytes into a destination of size 49152
 8639 |                         sprintf(buf, "It is a dangerously freezing %s %s%s.\n", buf2,
      |                         ~~~~~~~^~~~~~~~~~~~~~~~~~~~~~~~~~~~~~~~~~~~~~~~~~~~~~~~~~~~~~
 8640 |                                         w_phrase, imm_buf);
      |                                         ~~~~~~~~~~~~~~~~~~
act.informative.cpp:8635:66: warning: ‘%s’ directive writing up to 49151 bytes into a region of size 49125 [-Wformat-overflow=]
 8635 |                         sprintf(buf, "It is a painfully freezing %s %s%s.\n", buf2,
      |                                                                  ^~           ~~~~
act.informative.cpp:8635:32: note: ‘sprintf’ output between 31 and 98382 bytes into a destination of size 49152
 8635 |                         sprintf(buf, "It is a painfully freezing %s %s%s.\n", buf2,
      |                         ~~~~~~~^~~~~~~~~~~~~~~~~~~~~~~~~~~~~~~~~~~~~~~~~~~~~~~~~~~~
 8636 |                                         w_phrase, imm_buf);
      |                                         ~~~~~~~~~~~~~~~~~~
act.informative.cpp:8631:64: warning: ‘%s’ directive writing up to 49151 bytes into a region of size 49127 [-Wformat-overflow=]
 8631 |                         sprintf(buf, "It is a numbingly frigid %s %s%s.\n", buf2, w_phrase,
      |                                                                ^~           ~~~~
act.informative.cpp:8631:32: note: ‘sprintf’ output between 29 and 98380 bytes into a destination of size 49152
 8631 |                         sprintf(buf, "It is a numbingly frigid %s %s%s.\n", buf2, w_phrase,
      |                         ~~~~~~~^~~~~~~~~~~~~~~~~~~~~~~~~~~~~~~~~~~~~~~~~~~~~~~~~~~~~~~~~~~~
 8632 |                                         imm_buf);
      |                                         ~~~~~~~~
act.informative.cpp:8627:56: warning: ‘%s’ directive writing up to 49151 bytes into a region of size 49135 [-Wformat-overflow=]
 8627 |                         sprintf(buf, "It is a freezing %s %s%s.\n", buf2, w_phrase,
      |                                                        ^~           ~~~~
act.informative.cpp:8627:32: note: ‘sprintf’ output between 21 and 98372 bytes into a destination of size 49152
 8627 |                         sprintf(buf, "It is a freezing %s %s%s.\n", buf2, w_phrase,
      |                         ~~~~~~~^~~~~~~~~~~~~~~~~~~~~~~~~~~~~~~~~~~~~~~~~~~~~~~~~~~~
 8628 |                                         imm_buf);
      |                                         ~~~~~~~~
act.informative.cpp:8624:54: warning: ‘%s’ directive writing up to 49151 bytes into a region of size 49137 [-Wformat-overflow=]
 8624 |                         sprintf(buf, "It is a frigid %s %s%s.\n", buf2, w_phrase, imm_buf);
      |                                                      ^~           ~~~~
act.informative.cpp:8624:32: note: ‘sprintf’ output between 19 and 98370 bytes into a destination of size 49152
 8624 |                         sprintf(buf, "It is a frigid %s %s%s.\n", buf2, w_phrase, imm_buf);
      |                         ~~~~~~~^~~~~~~~~~~~~~~~~~~~~~~~~~~~~~~~~~~~~~~~~~~~~~~~~~~~~~~~~~~
act.informative.cpp:8620:57: warning: ‘%s’ directive writing up to 49151 bytes into a region of size 49134 [-Wformat-overflow=]
 8620 |                         sprintf(buf, "It is a very cold %s %s%s.\n", buf2, w_phrase,
      |                                                         ^~           ~~~~
act.informative.cpp:8620:32: note: ‘sprintf’ output between 22 and 98373 bytes into a destination of size 49152
 8620 |                         sprintf(buf, "It is a very cold %s %s%s.\n", buf2, w_phrase,
      |                         ~~~~~~~^~~~~~~~~~~~~~~~~~~~~~~~~~~~~~~~~~~~~~~~~~~~~~~~~~~~~
 8621 |                                         imm_buf);
      |                                         ~~~~~~~~
act.informative.cpp:8617:52: warning: ‘%s’ directive writing up to 49151 bytes into a region of size 49139 [-Wformat-overflow=]
 8617 |                         sprintf(buf, "It is a cold %s %s%s.\n", buf2, w_phrase, imm_buf);
      |                                                    ^~           ~~~~
act.informative.cpp:8617:32: note: ‘sprintf’ output between 17 and 98368 bytes into a destination of size 49152
 8617 |                         sprintf(buf, "It is a cold %s %s%s.\n", buf2, w_phrase, imm_buf);
      |                         ~~~~~~~^~~~~~~~~~~~~~~~~~~~~~~~~~~~~~~~~~~~~~~~~~~~~~~~~~~~~~~~~
act.informative.cpp:8614:53: warning: ‘%s’ directive writing up to 49151 bytes into a region of size 49138 [-Wformat-overflow=]
 8614 |                         sprintf(buf, "It is a chill %s %s%s.\n", buf2, w_phrase, imm_buf);
      |                                                     ^~           ~~~~
act.informative.cpp:8614:32: note: ‘sprintf’ output between 18 and 98369 bytes into a destination of size 49152
 8614 |                         sprintf(buf, "It is a chill %s %s%s.\n", buf2, w_phrase, imm_buf);
      |                         ~~~~~~~^~~~~~~~~~~~~~~~~~~~~~~~~~~~~~~~~~~~~~~~~~~~~~~~~~~~~~~~~~
act.informative.cpp:8611:52: warning: ‘%s’ directive writing up to 49151 bytes into a region of size 49139 [-Wformat-overflow=]
 8611 |                         sprintf(buf, "It is a cool %s %s%s.\n", buf2, w_phrase, imm_buf);
      |                                                    ^~           ~~~~
act.informative.cpp:8611:32: note: ‘sprintf’ output between 17 and 98368 bytes into a destination of size 49152
 8611 |                         sprintf(buf, "It is a cool %s %s%s.\n", buf2, w_phrase, imm_buf);
      |                         ~~~~~~~^~~~~~~~~~~~~~~~~~~~~~~~~~~~~~~~~~~~~~~~~~~~~~~~~~~~~~~~~
act.informative.cpp:8607:57: warning: ‘%s’ directive writing up to 49151 bytes into a region of size 49134 [-Wformat-overflow=]
 8607 |                         sprintf(buf, "It is a temperate %s %s%s.\n", buf2, w_phrase,
      |                                                         ^~           ~~~~
act.informative.cpp:8607:32: note: ‘sprintf’ output between 22 and 98373 bytes into a destination of size 49152
 8607 |                         sprintf(buf, "It is a temperate %s %s%s.\n", buf2, w_phrase,
      |                         ~~~~~~~^~~~~~~~~~~~~~~~~~~~~~~~~~~~~~~~~~~~~~~~~~~~~~~~~~~~~
 8608 |                                         imm_buf);
      |                                         ~~~~~~~~
act.informative.cpp:8604:51: warning: ‘%s’ directive writing up to 49151 bytes into a region of size 49140 [-Wformat-overflow=]
 8604 |                         sprintf(buf, "It is a hot %s %s%s.\n", buf2, w_phrase, imm_buf);
      |                                                   ^~           ~~~~
act.informative.cpp:8604:32: note: ‘sprintf’ output between 16 and 98367 bytes into a destination of size 49152
 8604 |                         sprintf(buf, "It is a hot %s %s%s.\n", buf2, w_phrase, imm_buf);
      |                         ~~~~~~~^~~~~~~~~~~~~~~~~~~~~~~~~~~~~~~~~~~~~~~~~~~~~~~~~~~~~~~~
act.informative.cpp:8600:58: warning: ‘%s’ directive writing up to 49151 bytes into a region of size 49133 [-Wformat-overflow=]
 8600 |                         sprintf(buf, "It is a sweltering %s %s%s.\n", buf2, w_phrase,
      |                                                          ^~           ~~~~
act.informative.cpp:8600:32: note: ‘sprintf’ output between 23 and 98374 bytes into a destination of size 49152
 8600 |                         sprintf(buf, "It is a sweltering %s %s%s.\n", buf2, w_phrase,
      |                         ~~~~~~~^~~~~~~~~~~~~~~~~~~~~~~~~~~~~~~~~~~~~~~~~~~~~~~~~~~~~~
 8601 |                                         imm_buf);
      |                                         ~~~~~~~~
act.informative.cpp:8596:58: warning: ‘%s’ directive writing up to 49151 bytes into a region of size 49133 [-Wformat-overflow=]
 8596 |                         sprintf(buf, "It is a blistering %s %s%s.\n", buf2, w_phrase,
      |                                                          ^~           ~~~~
act.informative.cpp:8596:32: note: ‘sprintf’ output between 23 and 98374 bytes into a destination of size 49152
 8596 |                         sprintf(buf, "It is a blistering %s %s%s.\n", buf2, w_phrase,
      |                         ~~~~~~~^~~~~~~~~~~~~~~~~~~~~~~~~~~~~~~~~~~~~~~~~~~~~~~~~~~~~~
 8597 |                                         imm_buf);
      |                                         ~~~~~~~~
act.informative.cpp:8592:65: warning: ‘%s’ directive writing up to 49151 bytes into a region of size 49126 [-Wformat-overflow=]
 8592 |                         sprintf(buf, "It is a painfully blazing %s %s%s.\n", buf2, w_phrase,
      |                                                                 ^~           ~~~~
act.informative.cpp:8592:32: note: ‘sprintf’ output between 30 and 98381 bytes into a destination of size 49152
 8592 |                         sprintf(buf, "It is a painfully blazing %s %s%s.\n", buf2, w_phrase,
      |                         ~~~~~~~^~~~~~~~~~~~~~~~~~~~~~~~~~~~~~~~~~~~~~~~~~~~~~~~~~~~~~~~~~~~~
 8593 |                                         imm_buf);
      |                                         ~~~~~~~~
act.informative.cpp:8588:67: warning: ‘%s’ directive writing up to 49151 bytes into a region of size 49124 [-Wformat-overflow=]
 8588 |                         sprintf(buf, "It is a dangerously searing %s %s%s.\n", buf2,
      |                                                                   ^~           ~~~~
act.informative.cpp:8588:32: note: ‘sprintf’ output between 32 and 98383 bytes into a destination of size 49152
 8588 |                         sprintf(buf, "It is a dangerously searing %s %s%s.\n", buf2,
      |                         ~~~~~~~^~~~~~~~~~~~~~~~~~~~~~~~~~~~~~~~~~~~~~~~~~~~~~~~~~~~~
 8589 |                                         w_phrase, imm_buf);
      |                                         ~~~~~~~~~~~~~~~~~~
act.informative.cpp:8644:52: warning: ‘%s’ directive writing up to 49151 bytes into a region of size 49139 [-Wformat-overflow=]
 8644 |                         sprintf(buf, "It is a cool %s %s%s.\n", buf2, w_phrase, imm_buf);
      |                                                    ^~           ~~~~
act.informative.cpp:8644:32: note: ‘sprintf’ output between 17 and 98368 bytes into a destination of size 49152
 8644 |                         sprintf(buf, "It is a cool %s %s%s.\n", buf2, w_phrase, imm_buf);
      |                         ~~~~~~~^~~~~~~~~~~~~~~~~~~~~~~~~~~~~~~~~~~~~~~~~~~~~~~~~~~~~~~~~
act.informative.cpp:8690:68: warning: ‘%s’ directive writing up to 49151 bytes into a region of size 49131 [-Wformat-overflow=]
 8690 |                                 sprintf(buf, "Snow is falling from %s", buf2);
      |                                                                    ^~   ~~~~
act.informative.cpp:8690:40: note: ‘sprintf’ output between 22 and 49173 bytes into a destination of size 49152
 8690 |                                 sprintf(buf, "Snow is falling from %s", buf2);
      |                                 ~~~~~~~^~~~~~~~~~~~~~~~~~~~~~~~~~~~~~~~~~~~~~
act.informative.cpp:8687:76: warning: ‘%s’ directive writing up to 49151 bytes into a region of size 49123 [-Wformat-overflow=]
 8687 |                                 sprintf(buf, "A light snow is falling from %s", buf2);
      |                                                                            ^~   ~~~~
act.informative.cpp:8687:40: note: ‘sprintf’ output between 30 and 49181 bytes into a destination of size 49152
 8687 |                                 sprintf(buf, "A light snow is falling from %s", buf2);
      |                                 ~~~~~~~^~~~~~~~~~~~~~~~~~~~~~~~~~~~~~~~~~~~~~~~~~~~~~
act.informative.cpp:8684:80: warning: ‘%s’ directive writing up to 49151 bytes into a region of size 49119 [-Wformat-overflow=]
 8684 |                                 sprintf(buf, "A shower of rain is pouring from %s", buf2);
      |                                                                                ^~   ~~~~
act.informative.cpp:8684:40: note: ‘sprintf’ output between 34 and 49185 bytes into a destination of size 49152
 8684 |                                 sprintf(buf, "A shower of rain is pouring from %s", buf2);
      |                                 ~~~~~~~^~~~~~~~~~~~~~~~~~~~~~~~~~~~~~~~~~~~~~~~~~~~~~~~~~
act.informative.cpp:8681:77: warning: ‘%s’ directive writing up to 49151 bytes into a region of size 49122 [-Wformat-overflow=]
 8681 |                                 sprintf(buf, "A steady rain is falling from %s", buf2);
      |                                                                             ^~   ~~~~
act.informative.cpp:8681:40: note: ‘sprintf’ output between 31 and 49182 bytes into a destination of size 49152
 8681 |                                 sprintf(buf, "A steady rain is falling from %s", buf2);
      |                                 ~~~~~~~^~~~~~~~~~~~~~~~~~~~~~~~~~~~~~~~~~~~~~~~~~~~~~~
act.informative.cpp:8678:79: warning: ‘%s’ directive writing up to 49151 bytes into a region of size 49120 [-Wformat-overflow=]
 8678 |                                 sprintf(buf, "A light drizzle is falling from %s", buf2);
      |                                                                               ^~   ~~~~
act.informative.cpp:8678:40: note: ‘sprintf’ output between 33 and 49184 bytes into a destination of size 49152
 8678 |                                 sprintf(buf, "A light drizzle is falling from %s", buf2);
      |                                 ~~~~~~~^~~~~~~~~~~~~~~~~~~~~~~~~~~~~~~~~~~~~~~~~~~~~~~~~
act.informative.cpp:8751:48: warning: ‘%s’ directive writing up to 49151 bytes into a region of size 20 [-Wformat-overflow=]
 8751 |                                 sprintf(wind, "%s westerly", buf);
      |                                                ^~            ~~~
act.informative.cpp:8751:40: note: ‘sprintf’ output between 10 and 49161 bytes into a destination of size 20
 8751 |                                 sprintf(wind, "%s westerly", buf);
      |                                 ~~~~~~~^~~~~~~~~~~~~~~~~~~~~~~~~~
act.informative.cpp:8749:48: warning: ‘%s’ directive writing up to 49151 bytes into a region of size 20 [-Wformat-overflow=]
 8749 |                                 sprintf(wind, "%s northerly", buf);
      |                                                ^~             ~~~
act.informative.cpp:8749:40: note: ‘sprintf’ output between 11 and 49162 bytes into a destination of size 20
 8749 |                                 sprintf(wind, "%s northerly", buf);
      |                                 ~~~~~~~^~~~~~~~~~~~~~~~~~~~~~~~~~~
act.informative.cpp:8821:52: warning: ‘ churn violently in the sky ...’ directive writing 37 bytes into a region of size between 1 and 49152 [-Wformat-overflow=]
 8821 |                                                 "%s churn violently in the sky upon the %s winds.\n",
      |                                                    ^~~~~~~~~~~~~~~~~~~~~~~~~~~~~~~~~~~~~
act.informative.cpp:8820:40: note: ‘sprintf’ output between 46 and 49216 bytes into a destination of size 49152
 8820 |                                 sprintf(buf,
      |                                 ~~~~~~~^~~~~
 8821 |                                                 "%s churn violently in the sky upon the %s winds.\n",
      |                                                 ~~~~~~~~~~~~~~~~~~~~~~~~~~~~~~~~~~~~~~~~~~~~~~~~~~~~~
 8822 |                                                 buf2, wind);
      |                                                 ~~~~~~~~~~~
act.informative.cpp:8817:49: warning: ‘ rush overhead upon a ’ directive writing 22 bytes into a region of size between 1 and 49152 [-Wformat-overflow=]
 8817 |                                 sprintf(buf, "%s rush overhead upon a %s gale.\n", buf2, wind);
      |                                                 ^~~~~~~~~~~~~~~~~~~~~~
act.informative.cpp:8817:40: note: ‘sprintf’ output between 30 and 49200 bytes into a destination of size 49152
 8817 |                                 sprintf(buf, "%s rush overhead upon a %s gale.\n", buf2, wind);
      |                                 ~~~~~~~^~~~~~~~~~~~~~~~~~~~~~~~~~~~~~~~~~~~~~~~~~~~~~~~~~~~~~~
act.informative.cpp:8813:49: warning: ‘ waft overhead upon the ’ directive writing 24 bytes into a region of size between 1 and 49152 [-Wformat-overflow=]
 8813 |                                 sprintf(buf, "%s waft overhead upon the %s winds.\n", buf2,
      |                                                 ^~~~~~~~~~~~~~~~~~~~~~~~
act.informative.cpp:8813:40: note: ‘sprintf’ output between 33 and 49203 bytes into a destination of size 49152
 8813 |                                 sprintf(buf, "%s waft overhead upon the %s winds.\n", buf2,
      |                                 ~~~~~~~^~~~~~~~~~~~~~~~~~~~~~~~~~~~~~~~~~~~~~~~~~~~~~~~~~~~
 8814 |                                                 wind);
      |                                                 ~~~~~
act.informative.cpp:8809:49: warning: ‘ waft overhead upon a ’ directive writing 22 bytes into a region of size between 1 and 49152 [-Wformat-overflow=]
 8809 |                                 sprintf(buf, "%s waft overhead upon a %s breeze.\n", buf2,
      |                                                 ^~~~~~~~~~~~~~~~~~~~~~
act.informative.cpp:8809:40: note: ‘sprintf’ output between 32 and 49202 bytes into a destination of size 49152
 8809 |                                 sprintf(buf, "%s waft overhead upon a %s breeze.\n", buf2,
      |                                 ~~~~~~~^~~~~~~~~~~~~~~~~~~~~~~~~~~~~~~~~~~~~~~~~~~~~~~~~~~
 8810 |                                                 wind);
      |                                                 ~~~~~
act.informative.cpp:8806:49: warning: ‘ hang motionless in the sky.
   ’ directive writing 29 bytes into a region of size between 1 and 49152 [-Wformat-overflow=]
 8806 |                                 sprintf(buf, "%s hang motionless in the sky.\n", buf2);
      |                                                 ^~~~~~~~~~~~~~~~~~~~~~~~~~~~~~
act.informative.cpp:8806:40: note: ‘sprintf’ output between 30 and 49181 bytes into a destination of size 49152
 8806 |                                 sprintf(buf, "%s hang motionless in the sky.\n", buf2);
      |                                 ~~~~~~~^~~~~~~~~~~~~~~~~~~~~~~~~~~~~~~~~~~~~~~~~~~~~~~
act.informative.cpp: In function ‘void do_flip(CHAR_DATA*, char*, int)’:
act.informative.cpp:12542:28: warning: ‘%s’ directive writing up to 49151 bytes into a region of size 49150 [-Wformat-overflow=]
12542 |         sprintf(buffer, "#5%s", CAP(buf));
      |                            ^~
act.informative.cpp:12542:16: note: ‘sprintf’ output between 3 and 49154 bytes into a destination of size 49152
12542 |         sprintf(buffer, "#5%s", CAP(buf));
      |         ~~~~~~~^~~~~~~~~~~~~~~~~~~~~~~~~~
act.informative.cpp: In function ‘void do_tear(CHAR_DATA*, char*, int)’:
act.informative.cpp:12662:28: warning: ‘%s’ directive writing up to 49151 bytes into a region of size 49150 [-Wformat-overflow=]
12662 |         sprintf(buffer, "#5%s", CAP(buf));
      |                            ^~
act.informative.cpp:12662:16: note: ‘sprintf’ output between 3 and 49154 bytes into a destination of size 49152
12662 |         sprintf(buffer, "#5%s", CAP(buf));
      |         ~~~~~~~^~~~~~~~~~~~~~~~~~~~~~~~~~
act.informative.cpp:12630:36: warning: ‘%s’ directive writing up to 49151 bytes into a region of size 49150 [-Wformat-overflow=]
12630 |                 sprintf(buffer, "#5%s", CAP(buf));
      |                                    ^~
act.informative.cpp:12630:24: note: ‘sprintf’ output between 3 and 49154 bytes into a destination of size 49152
12630 |                 sprintf(buffer, "#5%s", CAP(buf));
      |                 ~~~~~~~^~~~~~~~~~~~~~~~~~~~~~~~~~
act.informative.cpp: In function ‘void delete_ticket(CHAR_DATA*, int)’:
act.informative.cpp:13087:26: warning: ‘%s’ directive writing up to 255 bytes into a region of size 253 [-Wformat-overflow=]
13087 |         sprintf(buf, "rm %s", name);
      |                          ^~   ~~~~
act.informative.cpp:13087:16: note: ‘sprintf’ output between 4 and 259 bytes into a destination of size 256
13087 |         sprintf(buf, "rm %s", name);
      |         ~~~~~~~^~~~~~~~~~~~~~~~~~~~
act.informative.cpp: In function ‘void do_check(CHAR_DATA*, char*, int)’:
act.informative.cpp:13735:66: warning: ‘%s’ directive writing up to 49151 bytes into a region of size between 49140 and 49150 [-Wformat-overflow=]
13735 |                                                 sprintf(buf, "%i.%s: #2%s#0\n", i, arg1,
      |                                                                  ^~                ~~~~
act.informative.cpp:13735:56: note: ‘sprintf’ output 10 or more bytes (assuming 49171) into a destination of size 49152
13735 |                                                 sprintf(buf, "%i.%s: #2%s#0\n", i, arg1,
      |                                                 ~~~~~~~^~~~~~~~~~~~~~~~~~~~~~~~~~~~~~~~~
13736 |                                                                 obj_short_desc(obj));
      |                                                                 ~~~~~~~~~~~~~~~~~~~~
act.informative.cpp:13767:58: warning: ‘%s’ directive writing up to 49151 bytes into a region of size between 49140 and 49150 [-Wformat-overflow=]
13767 |                                         sprintf(buf, "%i.%s: #2%s#0 \n", i, arg1,
      |                                                          ^~                 ~~~~
act.informative.cpp:13767:48: note: ‘sprintf’ output 11 or more bytes (assuming 49172) into a destination of size 49152
13767 |                                         sprintf(buf, "%i.%s: #2%s#0 \n", i, arg1,
      |                                         ~~~~~~~^~~~~~~~~~~~~~~~~~~~~~~~~~~~~~~~~~
13768 |                                                         obj_short_desc(obj));
      |                                                         ~~~~~~~~~~~~~~~~~~~~
act.informative.cpp:13758:58: warning: ‘%s’ directive writing up to 49151 bytes into a region of size between 49140 and 49150 [-Wformat-overflow=]
13758 |                                         sprintf(buf, "%i.%s: #5%s#0 \n", i, arg1, char_short(tch));
      |                                                          ^~                 ~~~~
act.informative.cpp:13758:48: note: ‘sprintf’ output 11 or more bytes (assuming 49172) into a destination of size 49152
13758 |                                         sprintf(buf, "%i.%s: #5%s#0 \n", i, arg1, char_short(tch));
      |                                         ~~~~~~~^~~~~~~~~~~~~~~~~~~~~~~~~~~~~~~~~~~~~~~~~~~~~~~~~~~
act.informative.cpp:13846:39: warning: ‘%s’ directive writing up to 49151 bytes into a region of size 49144 [-Wformat-overflow=]
13846 |                 sprintf(buf, "Typing '%s' will target #2%s#0. \n", arg1,
      |                                       ^~                           ~~~~
act.informative.cpp:13846:24: note: ‘sprintf’ output 30 or more bytes (assuming 49181) into a destination of size 49152
13846 |                 sprintf(buf, "Typing '%s' will target #2%s#0. \n", arg1,
      |                 ~~~~~~~^~~~~~~~~~~~~~~~~~~~~~~~~~~~~~~~~~~~~~~~~~~~~~~~~
13847 |                                 obj_short_desc(obj));
      |                                 ~~~~~~~~~~~~~~~~~~~~
act.informative.cpp:13837:39: warning: ‘%s’ directive writing up to 49151 bytes into a region of size 49144 [-Wformat-overflow=]
13837 |                 sprintf(buf, "Typing '%s' will target #5%s#0. \n", arg1,
      |                                       ^~                           ~~~~
act.informative.cpp:13837:24: note: ‘sprintf’ output 30 or more bytes (assuming 49181) into a destination of size 49152
13837 |                 sprintf(buf, "Typing '%s' will target #5%s#0. \n", arg1,
      |                 ~~~~~~~^~~~~~~~~~~~~~~~~~~~~~~~~~~~~~~~~~~~~~~~~~~~~~~~~
13838 |                                 char_short(tch));
      |                                 ~~~~~~~~~~~~~~~~
act.informative.cpp:13820:63: warning: ‘%s’ directive writing up to 49151 bytes into a region of size 49138 [-Wformat-overflow=]
13820 |                                 sprintf(buf, "Inside #2%s#0, '%s' will target #2%s#0 \n",
      |                                                               ^~
13821 |                                                 obj_short_desc(container), arg1, obj_short_desc(obj));
      |                                                                            ~~~~
act.informative.cpp:13820:40: note: ‘sprintf’ output 35 or more bytes (assuming 49186) into a destination of size 49152
13820 |                                 sprintf(buf, "Inside #2%s#0, '%s' will target #2%s#0 \n",
      |                                 ~~~~~~~^~~~~~~~~~~~~~~~~~~~~~~~~~~~~~~~~~~~~~~~~~~~~~~~~~
13821 |                                                 obj_short_desc(container), arg1, obj_short_desc(obj));
      |                                                 ~~~~~~~~~~~~~~~~~~~~~~~~~~~~~~~~~~~~~~~~~~~~~~~~~~~~~
act.informative.cpp:13665:56: warning: ‘%s’ directive writing up to 49151 bytes into a region of size 49135 [-Wformat-overflow=]
13665 |                         sprintf(buf, "Objects: Typing '%s' will target #2%s#0.\n", arg1,
      |                                                        ^~                          ~~~~
act.informative.cpp:13665:32: note: ‘sprintf’ output 38 or more bytes (assuming 49189) into a destination of size 49152
13665 |                         sprintf(buf, "Objects: Typing '%s' will target #2%s#0.\n", arg1,
      |                         ~~~~~~~^~~~~~~~~~~~~~~~~~~~~~~~~~~~~~~~~~~~~~~~~~~~~~~~~~~~~~~~~
13666 |                                         obj_short_desc(obj));
      |                                         ~~~~~~~~~~~~~~~~~~~~
act.informative.cpp:13654:58: warning: ‘%s’ directive writing up to 49151 bytes into a region of size between 49140 and 49150 [-Wformat-overflow=]
13654 |                                         sprintf(buf, "%i.%s: #2%s#0 \n", i, arg1,
      |                                                          ^~                 ~~~~
act.informative.cpp:13654:48: note: ‘sprintf’ output 11 or more bytes (assuming 49172) into a destination of size 49152
13654 |                                         sprintf(buf, "%i.%s: #2%s#0 \n", i, arg1,
      |                                         ~~~~~~~^~~~~~~~~~~~~~~~~~~~~~~~~~~~~~~~~~
13655 |                                                         obj_short_desc(obj));
      |                                                         ~~~~~~~~~~~~~~~~~~~~
act.informative.cpp:13605:53: warning: ‘%s’ directive writing up to 49151 bytes into a region of size 49138 [-Wformat-overflow=]
13605 |                         sprintf(buf, "Mobs: Typing '%s' will target #5%s#0.\n", arg1,
      |                                                     ^~                          ~~~~
act.informative.cpp:13605:32: note: ‘sprintf’ output 35 or more bytes (assuming 49186) into a destination of size 49152
13605 |                         sprintf(buf, "Mobs: Typing '%s' will target #5%s#0.\n", arg1,
      |                         ~~~~~~~^~~~~~~~~~~~~~~~~~~~~~~~~~~~~~~~~~~~~~~~~~~~~~~~~~~~~~
13606 |                                         char_short(tch));
      |                                         ~~~~~~~~~~~~~~~~
act.informative.cpp:13596:58: warning: ‘%s’ directive writing up to 49151 bytes into a region of size between 49140 and 49150 [-Wformat-overflow=]
13596 |                                         sprintf(buf, "%i.%s: #5%s#0 \n", i, arg1, char_short(tch));
      |                                                          ^~                 ~~~~
act.informative.cpp:13596:48: note: ‘sprintf’ output 11 or more bytes (assuming 49172) into a destination of size 49152
13596 |                                         sprintf(buf, "%i.%s: #5%s#0 \n", i, arg1, char_short(tch));
      |                                         ~~~~~~~^~~~~~~~~~~~~~~~~~~~~~~~~~~~~~~~~~~~~~~~~~~~~~~~~~~
act.informative.cpp: In function ‘void tracking_system_response(CHAR_DATA*, MESSAGE_DATA*)’:
act.informative.cpp:10962:47: warning: ‘Writing Submission’ directive writing 18 bytes into a region of size 15 [-Wformat-overflow=]
10962 |                 sprintf(type, "Writing Submission");
      |                                ~~~~~~~~~~~~~~~^~~
act.informative.cpp:10962:24: note: ‘sprintf’ output 19 bytes into a destination of size 15
10962 |                 sprintf(type, "Writing Submission");
      |                 ~~~~~~~^~~~~~~~~~~~~~~~~~~~~~~~~~~~
act.informative.cpp: In function ‘void do_title(CHAR_DATA*, char*, int)’:
act.informative.cpp:452:50: warning: ‘%s’ directive writing up to 49151 bytes into a region of size 49128 [-Wformat-overflow=]
  452 |         sprintf(echo, "You have entitled #2%s#0 '%s'.", obj->short_description,
      |                                                  ^~
  453 |                         buf);
      |                         ~~~                       
act.informative.cpp:452:16: note: ‘sprintf’ output 27 or more bytes (assuming 49178) into a destination of size 49152
  452 |         sprintf(echo, "You have entitled #2%s#0 '%s'.", obj->short_description,
      |         ~~~~~~~^~~~~~~~~~~~~~~~~~~~~~~~~~~~~~~~~~~~~~~~~~~~~~~~~~~~~~~~~~~~~~~~
  453 |                         buf);
      |                         ~~~~
act.informative.cpp: In function ‘void do_score(CHAR_DATA*, char*, int)’:
act.informative.cpp:7413:68: warning: ‘%s’ directive writing up to 49151 bytes into a region of size 49123 [-Wformat-overflow=]
 7413 |                         sprintf(buf, "You are taking cover from the%s.\n", buf2);
      |                                                                    ^~      ~~~~
act.informative.cpp:7413:32: note: ‘sprintf’ output between 32 and 49183 bytes into a destination of size 49152
 7413 |                         sprintf(buf, "You are taking cover from the%s.\n", buf2);
      |                         ~~~~~~~^~~~~~~~~~~~~~~~~~~~~~~~~~~~~~~~~~~~~~~~~~~~~~~~~
act.informative.cpp:7375:76: warning: ‘%s’ directive writing up to 49151 bytes into a region of size 49115 [-Wformat-overflow=]
 7375 |                         sprintf(buf, "You are resting behind cover from the%s.\n", buf2);
      |                                                                            ^~      ~~~~
act.informative.cpp:7375:32: note: ‘sprintf’ output between 40 and 49191 bytes into a destination of size 49152
 7375 |                         sprintf(buf, "You are resting behind cover from the%s.\n", buf2);
      |                         ~~~~~~~^~~~~~~~~~~~~~~~~~~~~~~~~~~~~~~~~~~~~~~~~~~~~~~~~~~~~~~~~
act.informative.cpp: In function ‘void do_point(CHAR_DATA*, char*, int)’:
act.informative.cpp:368:44: warning: ‘%s’ directive writing up to 49151 bytes into a region of size 49133 [-Wformat-overflow=]
  368 |         sprintf(buf, "You point at #5%s#0, %s.", char_short(target), distance);
      |                                            ^~                        ~~~~~~~~
act.informative.cpp:368:16: note: ‘sprintf’ output 21 or more bytes (assuming 49172) into a destination of size 49152
  368 |         sprintf(buf, "You point at #5%s#0, %s.", char_short(target), distance);
      |         ~~~~~~~^~~~~~~~~~~~~~~~~~~~~~~~~~~~~~~~~~~~~~~~~~~~~~~~~~~~~~~~~~~~~~~
act.informative.cpp:371:46: warning: ‘%s’ directive writing up to 49151 bytes into a region of size 49133 [-Wformat-overflow=]
  371 |         sprintf(buf, "%s#0 points at #5%s#0, %s.", char_short(ch),
      |                                              ^~
  372 |                         char_short(target), distance);
      |                                             ~~~~~~~~
act.informative.cpp:371:16: note: ‘sprintf’ output 21 or more bytes (assuming 49172) into a destination of size 49152
  371 |         sprintf(buf, "%s#0 points at #5%s#0, %s.", char_short(ch),
      |         ~~~~~~~^~~~~~~~~~~~~~~~~~~~~~~~~~~~~~~~~~~~~~~~~~~~~~~~~~~
  372 |                         char_short(target), distance);
      |                         ~~~~~~~~~~~~~~~~~~~~~~~~~~~~~
act.informative.cpp:375:28: warning: ‘%s’ directive writing up to 49151 bytes into a region of size 49150 [-Wformat-overflow=]
  375 |         sprintf(buffer, "#5%s", buf);
      |                            ^~   ~~~
act.informative.cpp:375:16: note: ‘sprintf’ output between 3 and 49154 bytes into a destination of size 49152
  375 |         sprintf(buffer, "#5%s", buf);
      |         ~~~~~~~^~~~~~~~~~~~~~~~~~~~~
act.informative.cpp: In function ‘void show_char_to_char(CHAR_DATA*, CHAR_DATA*, int)’:
act.informative.cpp:4819:54: warning: ‘%s’ directive writing up to 49151 bytes into a region of size 49148 [-Wformat-overflow=]
 4819 |                                 sprintf(buffer, "    %s", stink_buf);
      |                                                      ^~   ~~~~~~~~~
act.informative.cpp:4819:40: note: ‘sprintf’ output between 5 and 49156 bytes into a destination of size 49152
 4819 |                                 sprintf(buffer, "    %s", stink_buf);
      |                                 ~~~~~~~^~~~~~~~~~~~~~~~~~~~~~~~~~~~~
act.informative.cpp:4833:46: warning: ‘%s’ directive writing up to 49151 bytes into a region of size 49148 [-Wformat-overflow=]
 4833 |                         sprintf(buffer, "    %s", stink_buf);
      |                                              ^~   ~~~~~~~~~
act.informative.cpp:4833:32: note: ‘sprintf’ output between 5 and 49156 bytes into a destination of size 49152
 4833 |                         sprintf(buffer, "    %s", stink_buf);
      |                         ~~~~~~~^~~~~~~~~~~~~~~~~~~~~~~~~~~~~
act.informative.cpp:4642:60: warning: ‘%s’ directive writing up to 49151 bytes into a region of size 49150 [-Wformat-overflow=]
 4642 |                                                         "#5%s#0 is here, guarding the %s exit.", buf,
      |                                                            ^~                                    ~~~
act.informative.cpp:4641:48: note: ‘sprintf’ output 34 or more bytes (assuming 49185) into a destination of size 49152
 4641 |                                         sprintf(buffer + strlen(buffer),
      |                                         ~~~~~~~^~~~~~~~~~~~~~~~~~~~~~~~~
 4642 |                                                         "#5%s#0 is here, guarding the %s exit.", buf,
      |                                                         ~~~~~~~~~~~~~~~~~~~~~~~~~~~~~~~~~~~~~~~~~~~~~
 4643 |                                                         dirs[af->a.shadow.edge]);
      |                                                         ~~~~~~~~~~~~~~~~~~~~~~~~
act.informative.cpp:4634:60: warning: ‘%s’ directive writing up to 49151 bytes into a region of size 49150 [-Wformat-overflow=]
 4634 |                                                         "#5%s is here, #0standing %s.", buf,
      |                                                            ^~                           ~~~
act.informative.cpp:4633:48: note: ‘sprintf’ output 25 or more bytes (assuming 49176) into a destination of size 49152
 4633 |                                         sprintf(buffer + strlen(buffer),
      |                                         ~~~~~~~^~~~~~~~~~~~~~~~~~~~~~~~~
 4634 |                                                         "#5%s is here, #0standing %s.", buf,
      |                                                         ~~~~~~~~~~~~~~~~~~~~~~~~~~~~~~~~~~~~
 4635 |                                                         dir_names[af->a.shadow.edge]);
      |                                                         ~~~~~~~~~~~~~~~~~~~~~~~~~~~~~
act.informative.cpp:4540:50: warning: ‘%s’ directive writing up to 49151 bytes into a region of size 49150 [-Wformat-overflow=]
 4540 |                                 sprintf(buf2, "#5%s", buffer);
      |                                                  ^~   ~~~~~~
act.informative.cpp:4540:40: note: ‘sprintf’ output between 3 and 49154 bytes into a destination of size 49152
 4540 |                                 sprintf(buf2, "#5%s", buffer);
      |                                 ~~~~~~~^~~~~~~~~~~~~~~~~~~~~~
act.informative.cpp:4337:93: warning: ‘%s’ directive writing up to 49151 bytes into a region of size 49131 [-Wformat-overflow=]
 4337 |                                                         sprintf(buf4, "taking cover from the%s.", buf3);
      |                                                                                             ^~    ~~~~
act.informative.cpp:4337:64: note: ‘sprintf’ output between 23 and 49174 bytes into a destination of size 49152
 4337 |                                                         sprintf(buf4, "taking cover from the%s.", buf3);
      |                                                         ~~~~~~~^~~~~~~~~~~~~~~~~~~~~~~~~~~~~~~~~~~~~~~~
act.informative.cpp:4334:95: warning: ‘%s’ directive writing up to 49151 bytes into a region of size 49131 [-Wformat-overflow=]
 4334 |                                                                         "taking cover from the%s behind #2%s#0.",
      |                                                                                               ^~
 4335 |                                                                         buf3, obj_short_desc(af->a.table.obj));
      |                                                                         ~~~~                   
act.informative.cpp:4333:64: note: ‘sprintf’ output 35 or more bytes (assuming 49186) into a destination of size 49152
 4333 |                                                         sprintf(buf4,
      |                                                         ~~~~~~~^~~~~~
 4334 |                                                                         "taking cover from the%s behind #2%s#0.",
      |                                                                         ~~~~~~~~~~~~~~~~~~~~~~~~~~~~~~~~~~~~~~~~~
 4335 |                                                                         buf3, obj_short_desc(af->a.table.obj));
      |                                                                         ~~~~~~~~~~~~~~~~~~~~~~~~~~~~~~~~~~~~~~
act.informative.cpp:4395:93: warning: ‘%s’ directive writing up to 49151 bytes into a region of size 49131 [-Wformat-overflow=]
 4395 |                                                         sprintf(buf4, "taking cover from the%s.", buf3);
      |                                                                                             ^~    ~~~~
act.informative.cpp:4395:64: note: ‘sprintf’ output between 23 and 49174 bytes into a destination of size 49152
 4395 |                                                         sprintf(buf4, "taking cover from the%s.", buf3);
      |                                                         ~~~~~~~^~~~~~~~~~~~~~~~~~~~~~~~~~~~~~~~~~~~~~~~
act.informative.cpp:4392:95: warning: ‘%s’ directive writing up to 49151 bytes into a region of size 49131 [-Wformat-overflow=]
 4392 |                                                                         "taking cover from the%s behind #2%s#0.",
      |                                                                                               ^~
 4393 |                                                                         buf3, obj_short_desc(af->a.table.obj));
      |                                                                         ~~~~                   
act.informative.cpp:4391:64: note: ‘sprintf’ output 35 or more bytes (assuming 49186) into a destination of size 49152
 4391 |                                                         sprintf(buf4,
      |                                                         ~~~~~~~^~~~~~
 4392 |                                                                         "taking cover from the%s behind #2%s#0.",
      |                                                                         ~~~~~~~~~~~~~~~~~~~~~~~~~~~~~~~~~~~~~~~~~
 4393 |                                                                         buf3, obj_short_desc(af->a.table.obj));
      |                                                                         ~~~~~~~~~~~~~~~~~~~~~~~~~~~~~~~~~~~~~~
act.informative.cpp: In function ‘void do_look(CHAR_DATA*, char*, int)’:
act.informative.cpp:6057:55: warning: ‘%s’ directive writing up to 49151 bytes into a region of size 49140 [-Wformat-overflow=]
 6057 |                         sprintf(buf, "\n#6%s#0 #2[%d: %s#6%s#2]#0", ch->room->name,
      |                                                       ^~
 6058 |                                         ch->room->vnum, bitbuf,
      |                                                         ~~~~~~
act.informative.cpp:6057:32: note: ‘sprintf’ output 20 or more bytes (assuming 49171) into a destination of size 49152
 6057 |                         sprintf(buf, "\n#6%s#0 #2[%d: %s#6%s#2]#0", ch->room->name,
      |                         ~~~~~~~^~~~~~~~~~~~~~~~~~~~~~~~~~~~~~~~~~~~~~~~~~~~~~~~~~~~
 6058 |                                         ch->room->vnum, bitbuf,
      |                                         ~~~~~~~~~~~~~~~~~~~~~~~
 6059 |                                         sector_types[ch->room->sector_type]);
      |                                         ~~~~~~~~~~~~~~~~~~~~~~~~~~~~~~~~~~~~
act.informative.cpp: In function ‘void do_help(CHAR_DATA*, char*, int)’:
act.informative.cpp:9333:68: warning: ‘%s’ directive writing up to 49151 bytes into a region of size between 49133 and 49141 [-Wformat-overflow=]
 9333 |                                         sprintf(arg1, "\n   %3d. #6%s#0", j, arg2);
      |                                                                    ^~        ~~~~
act.informative.cpp:9333:48: note: ‘sprintf’ output between 14 and 49173 bytes into a destination of size 49152
 9333 |                                         sprintf(arg1, "\n   %3d. #6%s#0", j, arg2);
      |                                         ~~~~~~~^~~~~~~~~~~~~~~~~~~~~~~~~~~~~~~~~~~
act.informative.cpp:9322:63: warning: ‘%s’ directive writing up to 49151 bytes into a region of size 49145 [-Wformat-overflow=]
 9322 |                                         sprintf(arg1, "%3d. #6%s#0", j, arg2);
      |                                                               ^~        ~~~~
act.informative.cpp:9322:48: note: ‘sprintf’ output between 10 and 49161 bytes into a destination of size 49152
 9322 |                                         sprintf(arg1, "%3d. #6%s#0", j, arg2);
      |                                         ~~~~~~~^~~~~~~~~~~~~~~~~~~~~~~~~~~~~~
act.informative.cpp: In function ‘void do_notify(CHAR_DATA*, char*, int)’:
act.informative.cpp:12196:39: warning: ‘%s’ directive writing up to 49151 bytes into a region of size 49147 [-Wformat-overflow=]
12196 |                 sprintf(buf2, "#3[%s (%s) is online.  Use NOTIFY to reply in kind.]#0",
      |                                       ^~
act.informative.cpp:12196:24: note: ‘sprintf’ output 51 or more bytes (assuming 49202) into a destination of size 49152
12196 |                 sprintf(buf2, "#3[%s (%s) is online.  Use NOTIFY to reply in kind.]#0",
      |                 ~~~~~~~^~~~~~~~~~~~~~~~~~~~~~~~~~~~~~~~~~~~~~~~~~~~~~~~~~~~~~~~~~~~~~~~
12197 |                                 char_short(ch),
      |                                 ~~~~~~~~~~~~~~~
12198 |                                 (((clan = get_clandef_long(buf)) != NULL) ? clan->literal : buf));
      |                                 ~~~~~~~~~~~~~~~~~~~~~~~~~~~~~~~~~~~~~~~~~~~~~~~~~~~~~~~~~~~~~~~~~
act.movement.cpp: In function ‘void enter_room(QE_DATA*)’:
act.movement.cpp:1695:51: warning: cast to pointer from integer of different size [-Wint-to-pointer-cast]
 1695 |                                 && is_he_here(ch, (CHAR_DATA *) af->a.spell.t, 0)
      |                                                   ^~~~~~~~~~~~~~~~~~~~~~~~~~~
In file included from act.movement.cpp:18:
act.movement.cpp:1697:46: warning: cast to pointer from integer of different size [-Wint-to-pointer-cast]
 1697 |                         do_wake(ch, GET_NAME((CHAR_DATA * ) af->a.spell.t), 1);
      |                                              ^~~~~~~~~~~~~~~~~~~~~~~~~~~~
utils.h:86:27: note: in definition of macro ‘GET_NAME’
   86 | #define GET_NAME(ch)    ((ch)->tname)
      |                           ^~
act.movement.cpp:2072:43: warning: cast to pointer from integer of different size [-Wint-to-pointer-cast]
 2072 |                         && is_he_here(ch, (CHAR_DATA *) drag_af->a.spell.t, 1) &&
      |                                           ^~~~~~~~~~~~~~~~~~~~~~~~~~~~~~~~
act.movement.cpp:2073:34: warning: cast to pointer from integer of different size [-Wint-to-pointer-cast]
 2073 |                         GET_POS ((CHAR_DATA *) drag_af->a.spell.t) <= SLEEP) {
      |                                  ^~~~~~~~~~~~~~~~~~~~~~~~~~~~~~~~
utils.h:84:27: note: in definition of macro ‘GET_POS’
   84 | #define GET_POS(ch)     ((ch)->position)
      |                           ^~
act.movement.cpp:2074:32: warning: cast to pointer from integer of different size [-Wint-to-pointer-cast]
 2074 |                 char_from_room((CHAR_DATA *) drag_af->a.spell.t);
      |                                ^~~~~~~~~~~~~~~~~~~~~~~~~~~~~~~~
act.movement.cpp:2075:30: warning: cast to pointer from integer of different size [-Wint-to-pointer-cast]
 2075 |                 char_to_room((CHAR_DATA *) drag_af->a.spell.t, room_exit->to_room);
      |                              ^~~~~~~~~~~~~~~~~~~~~~~~~~~~~~~~
act.movement.cpp:2473:51: warning: cast to pointer from integer of different size [-Wint-to-pointer-cast]
 2473 |                                         drag_af ? (CHAR_DATA *) drag_af->a.spell.t : 0,
      |                                                   ^~~~~~~~~~~~~~~~~~~~~~~~~~~~~~~~
act.movement.cpp:2478:51: warning: cast to pointer from integer of different size [-Wint-to-pointer-cast]
 2478 |                                         drag_af ? (CHAR_DATA *) drag_af->a.spell.t : 0,
      |                                                   ^~~~~~~~~~~~~~~~~~~~~~~~~~~~~~~~
act.movement.cpp:2579:75: warning: cast to pointer from integer of different size [-Wint-to-pointer-cast]
 2579 |                                                                 drag_af ? (CHAR_DATA *) drag_af->a.spell.t : 0,
      |                                                                           ^~~~~~~~~~~~~~~~~~~~~~~~~~~~~~~~
act.movement.cpp:2586:75: warning: cast to pointer from integer of different size [-Wint-to-pointer-cast]
 2586 |                                                                 drag_af ? (CHAR_DATA *) drag_af->a.spell.t : 0,
      |                                                                           ^~~~~~~~~~~~~~~~~~~~~~~~~~~~~~~~
act.movement.cpp:2593:67: warning: cast to pointer from integer of different size [-Wint-to-pointer-cast]
 2593 |                                                         drag_af ? (CHAR_DATA *) drag_af->a.spell.t : 0,
      |                                                                   ^~~~~~~~~~~~~~~~~~~~~~~~~~~~~~~~
act.movement.cpp:2676:34: warning: cast to pointer from integer of different size [-Wint-to-pointer-cast]
 2676 |                         victim = (CHAR_DATA *) drag_af->a.spell.t;
      |                                  ^~~~~~~~~~~~~~~~~~~~~~~~~~~~~~~~
act.movement.cpp:1531:13: warning: unused variable ‘from_dir’ [-Wunused-variable]
 1531 |         int from_dir = 0;
      |             ^~~~~~~~
act.movement.cpp: In function ‘void initiate_move(CHAR_DATA*)’:
structs.h:613:29: warning: left shift count >= width of type [-Wshift-count-overflow]
  613 | #define FORT            ( 1 << 32 )  // can fortify a squeezable zone
      |                           ~~^~~~~
utils.h:39:38: note: in definition of macro ‘IS_SET’
   39 | #define IS_SET(flag,bit)  ((flag) & (bit))
      |                                      ^~~
act.movement.cpp:3286:70: note: in expansion of macro ‘FORT’
 3286 |                                 && !(IS_SET(target_room->room_flags, FORT))) {
      |                                                                      ^~~~
act.movement.cpp:3676:37: warning: cast to pointer from integer of different size [-Wint-to-pointer-cast]
 3676 |                                 if ((CHAR_DATA *) af->a.spell.t == ch) {
      |                                     ^~~~~~~~~~~~~~~~~~~~~~~~~~~
act.movement.cpp:3700:32: warning: format not a string literal and no format arguments [-Wformat-security]
 3700 |                         sprintf(group_str, group_makeup(ch->mount));
      |                         ~~~~~~~^~~~~~~~~~~~~~~~~~~~~~~~~~~~~~~~~~~~
act.movement.cpp:3702:32: warning: format not a string literal and no format arguments [-Wformat-security]
 3702 |                         sprintf(group_str, group_makeup(ch));
      |                         ~~~~~~~^~~~~~~~~~~~~~~~~~~~~~~~~~~~~
act.movement.cpp:3709:24: warning: format not a string literal and no format arguments [-Wformat-security]
 3709 |                 sprintf(group_str, group_makeup(ch->mount));
      |                 ~~~~~~~^~~~~~~~~~~~~~~~~~~~~~~~~~~~~~~~~~~~
act.movement.cpp:3138:15: warning: variable ‘move_names2’ set but not used [-Wunused-but-set-variable]
 3138 |         char *move_names2[] = { "walk", "wander", "pace", "jog", "run", "sprint",
      |               ^~~~~~~~~~~
act.movement.cpp: In function ‘void do_move(CHAR_DATA*, char*, int)’:
act.movement.cpp:4217:16: warning: format not a string literal and no format arguments [-Wformat-security]
 4217 |         sprintf(command, dirs[dir]); // this should take the place of all the crap below. 0208142154 -Nimrod
      |         ~~~~~~~^~~~~~~~~~~~~~~~~~~~
act.movement.cpp: In function ‘void delayed_pick_obj(CHAR_DATA*)’:
act.movement.cpp:5352:22: warning: cast to pointer from integer of different size [-Wint-to-pointer-cast]
 5352 |         locked_obj = (OBJ_DATA *) ch->delay_info1;
      |                      ^~~~~~~~~~~~~~~~~~~~~~~~~~~~
act.movement.cpp: In function ‘void do_stand(CHAR_DATA*, char*, int)’:
act.movement.cpp:5839:51: warning: cast to pointer from integer of different size [-Wint-to-pointer-cast]
 5839 |                                 && is_obj_in_list((OBJ_DATA *) af->a.spell.t,
      |                                                   ^~~~~~~~~~~~~~~~~~~~~~~~~~
act.movement.cpp:5842:60: warning: cast to pointer from integer of different size [-Wint-to-pointer-cast]
 5842 |                         first_person.append(obj_short_desc((OBJ_DATA *) af->a.spell.t));
      |                                                            ^~~~~~~~~~~~~~~~~~~~~~~~~~
act.movement.cpp:5848:60: warning: cast to pointer from integer of different size [-Wint-to-pointer-cast]
 5848 |                         third_person.append(obj_short_desc((OBJ_DATA *) af->a.spell.t));
      |                                                            ^~~~~~~~~~~~~~~~~~~~~~~~~~
act.movement.cpp: In function ‘void do_sit(CHAR_DATA*, char*, int)’:
act.movement.cpp:5913:24: warning: unused variable ‘sa’ [-Wunused-variable]
 5913 |         SECOND_AFFECT *sa;
      |                        ^~
act.movement.cpp: In function ‘int room_avail(ROOM_DATA*, CHAR_DATA*)’:
structs.h:613:29: warning: left shift count >= width of type [-Wshift-count-overflow]
  613 | #define FORT            ( 1 << 32 )  // can fortify a squeezable zone
      |                           ~~^~~~~
utils.h:39:38: note: in definition of macro ‘IS_SET’
   39 | #define IS_SET(flag,bit)  ((flag) & (bit))
      |                                      ^~~
act.movement.cpp:7820:39: note: in expansion of macro ‘FORT’
 7820 |         if (IS_SET(troom->room_flags, FORT))
      |                                       ^~~~
act.movement.cpp: In function ‘void do_push(CHAR_DATA*, char*, int)’:
act.movement.cpp:7873:32: warning: format not a string literal and no format arguments [-Wformat-security]
 7873 |                         sprintf(buf, dirs[cmd]);
      |                         ~~~~~~~^~~~~~~~~~~~~~~~
act.movement.cpp: In function ‘int floating_check(CHAR_DATA*)’:
act.movement.cpp:707:1: warning: control reaches end of non-void function [-Wreturn-type]
  707 | }
      | ^
act.movement.cpp: In function ‘void do_party(CHAR_DATA*, char*, int)’:
act.movement.cpp:510:53: warning: ‘%s’ directive writing up to 255 bytes into a region of size 250 [-Wformat-overflow=]
  510 |                                 sprintf(msg, "Clan '%s' is not defined. Aborting.\n", clan);
      |                                                     ^~                                ~~~~
act.movement.cpp:510:40: note: ‘sprintf’ output between 35 and 290 bytes into a destination of size 256
  510 |                                 sprintf(msg, "Clan '%s' is not defined. Aborting.\n", clan);
      |                                 ~~~~~~~^~~~~~~~~~~~~~~~~~~~~~~~~~~~~~~~~~~~~~~~~~~~~~~~~~~~
act.movement.cpp: In function ‘void outside_inside(CHAR_DATA*)’:
act.movement.cpp:1448:45: warning: ‘%s’ directive writing up to 49151 bytes into a region of size 49140 [-Wformat-overflow=]
 1448 |                 sprintf(buf3, "\n#6Outside, %s", buf);
      |                                             ^~   ~~~
act.movement.cpp:1448:24: note: ‘sprintf’ output between 13 and 49164 bytes into a destination of size 49152
 1448 |                 sprintf(buf3, "\n#6Outside, %s", buf);
      |                 ~~~~~~~^~~~~~~~~~~~~~~~~~~~~~~~~~~~~~
act.movement.cpp:1462:48: warning: ‘%s’ directive writing up to 49151 bytes into a region of size 20 [-Wformat-overflow=]
 1462 |                                 sprintf(wind, "%s westerly", buf);
      |                                                ^~            ~~~
act.movement.cpp:1462:40: note: ‘sprintf’ output between 10 and 49161 bytes into a destination of size 20
 1462 |                                 sprintf(wind, "%s westerly", buf);
      |                                 ~~~~~~~^~~~~~~~~~~~~~~~~~~~~~~~~~
act.movement.cpp:1460:48: warning: ‘%s’ directive writing up to 49151 bytes into a region of size 20 [-Wformat-overflow=]
 1460 |                                 sprintf(wind, "%s northerly", buf);
      |                                                ^~             ~~~
act.movement.cpp:1460:40: note: ‘sprintf’ output between 11 and 49162 bytes into a destination of size 20
 1460 |                                 sprintf(wind, "%s northerly", buf);
      |                                 ~~~~~~~^~~~~~~~~~~~~~~~~~~~~~~~~~~
act.movement.cpp: In function ‘void watched_action(CHAR_DATA*, char*, int, int)’:
act.movement.cpp:7751:82: warning: ‘%s’ directive writing up to 49151 bytes into a region of size 49143 [-Wformat-overflow=]
 7751 |                                                         sprintf(buf, "To the %s, %s",
      |                                                                                  ^~
 7752 |                                                                         direction[rev_dir[waf->a.shadow.edge]],
 7753 |                                                                         heard);
      |                                                                         ~~~~~     
act.movement.cpp:7751:64: note: ‘sprintf’ output 10 or more bytes (assuming 49161) into a destination of size 49152
 7751 |                                                         sprintf(buf, "To the %s, %s",
      |                                                         ~~~~~~~^~~~~~~~~~~~~~~~~~~~~~
 7752 |                                                                         direction[rev_dir[waf->a.shadow.edge]],
      |                                                                         ~~~~~~~~~~~~~~~~~~~~~~~~~~~~~~~~~~~~~~~
 7753 |                                                                         heard);
      |                                                                         ~~~~~~
act.movement.cpp: In function ‘void delayed_track(CHAR_DATA*)’:
act.movement.cpp:6838:54: warning: ‘sprintf’ may write a terminating nul past the end of the destination [-Wformat-overflow=]
 6838 |                 sprintf(output + strlen(output), "%s ", buf);
      |                                                      ^
act.movement.cpp:6838:24: note: ‘sprintf’ output between 2 and 49153 bytes into a destination of size 49152
 6838 |                 sprintf(output + strlen(output), "%s ", buf);
      |                 ~~~~~~~^~~~~~~~~~~~~~~~~~~~~~~~~~~~~~~~~~~~~
act.movement.cpp: In function ‘void do_open(CHAR_DATA*, char*, int)’:
act.movement.cpp:4546:52: warning: ‘%s’ directive writing up to 49151 bytes into a region of size 49150 [-Wformat-overflow=]
 4546 |                                 sprintf(buffer, "#5%s", CAP(buf));
      |                                                    ^~
act.movement.cpp:4546:40: note: ‘sprintf’ output between 3 and 49154 bytes into a destination of size 49152
 4546 |                                 sprintf(buffer, "#5%s", CAP(buf));
      |                                 ~~~~~~~^~~~~~~~~~~~~~~~~~~~~~~~~~
act.movement.cpp:4531:52: warning: ‘%s’ directive writing up to 49151 bytes into a region of size 49150 [-Wformat-overflow=]
 4531 |                                 sprintf(buffer, "#5%s", CAP(buf));
      |                                                    ^~
act.movement.cpp:4531:40: note: ‘sprintf’ output between 3 and 49154 bytes into a destination of size 49152
 4531 |                                 sprintf(buffer, "#5%s", CAP(buf));
      |                                 ~~~~~~~^~~~~~~~~~~~~~~~~~~~~~~~~~
act.movement.cpp:4519:60: warning: ‘%s’ directive writing up to 49151 bytes into a region of size 49150 [-Wformat-overflow=]
 4519 |                                         sprintf(buffer, "#5%s", CAP(buf));
      |                                                            ^~
act.movement.cpp:4519:48: note: ‘sprintf’ output between 3 and 49154 bytes into a destination of size 49152
 4519 |                                         sprintf(buffer, "#5%s", CAP(buf));
      |                                         ~~~~~~~^~~~~~~~~~~~~~~~~~~~~~~~~~
act.movement.cpp: In function ‘void do_close(CHAR_DATA*, char*, int)’:
act.movement.cpp:4723:44: warning: ‘%s’ directive writing up to 49151 bytes into a region of size 49150 [-Wformat-overflow=]
 4723 |                         sprintf(buffer, "#5%s", CAP(buf));
      |                                            ^~
act.movement.cpp:4723:32: note: ‘sprintf’ output between 3 and 49154 bytes into a destination of size 49152
 4723 |                         sprintf(buffer, "#5%s", CAP(buf));
      |                         ~~~~~~~^~~~~~~~~~~~~~~~~~~~~~~~~~
act.movement.cpp: In function ‘void enter_room(QE_DATA*)’:
act.movement.cpp:2582:79: warning: ‘%s’ directive writing up to 49151 bytes into a region of size 49140 [-Wformat-overflow=]
 2582 |                                                 sprintf(buf, "$n %s in from %s%s.",
      |                                                                               ^~
act.movement.cpp:2582:56: note: ‘sprintf’ output 14 or more bytes (assuming 49165) into a destination of size 49152
 2582 |                                                 sprintf(buf, "$n %s in from %s%s.",
      |                                                 ~~~~~~~^~~~~~~~~~~~~~~~~~~~~~~~~~~~
 2583 |                                                                 move_names[qe->speed_type], rev_d2[qe->dir],
      |                                                                 ~~~~~~~~~~~~~~~~~~~~~~~~~~~~~~~~~~~~~~~~~~~~
 2584 |                                                                 (drag_af ? ", dragging $N" : travel_str));
      |                                                                 ~~~~~~~~~~~~~~~~~~~~~~~~~~~~~~~~~~~~~~~~~
act.movement.cpp:2574:82: warning: ‘%s’ directive writing up to 49151 bytes into a region of size 49140 [-Wformat-overflow=]
 2574 |                                                                 "$n %s in from %s%s, #5a %s#0 following behind.",
      |                                                                                  ^~
act.movement.cpp:2573:56: note: ‘sprintf’ output 39 or more bytes (assuming 98341) into a destination of size 49152
 2573 |                                                 sprintf(buf,
      |                                                 ~~~~~~~^~~~~
 2574 |                                                                 "$n %s in from %s%s, #5a %s#0 following behind.",
      |                                                                 ~~~~~~~~~~~~~~~~~~~~~~~~~~~~~~~~~~~~~~~~~~~~~~~~~
 2575 |                                                                 move_names[qe->speed_type], rev_d2[qe->dir],
      |                                                                 ~~~~~~~~~~~~~~~~~~~~~~~~~~~~~~~~~~~~~~~~~~~~
 2576 |                                                                 (drag_af ? ", dragging $N" : travel_str),
      |                                                                 ~~~~~~~~~~~~~~~~~~~~~~~~~~~~~~~~~~~~~~~~~
 2577 |                                                                 group_str);
      |                                                                 ~~~~~~~~~~
act.movement.cpp:2504:73: warning: ‘%s’ directive writing up to 49151 bytes into a region of size 49130 [-Wformat-overflow=]
 2504 |                                 sprintf(buf, "$n %ss $N in from %s, #5a %s#0 following behind.",
      |                                                                         ^~
......
 2508 |                                                 rev_d2[qe->dir], group_str);
      |                                                                  ~~~~~~~~~
act.movement.cpp:2504:40: note: ‘sprintf’ output 43 or more bytes (assuming 49194) into a destination of size 49152
 2504 |                                 sprintf(buf, "$n %ss $N in from %s, #5a %s#0 following behind.",
      |                                 ~~~~~~~^~~~~~~~~~~~~~~~~~~~~~~~~~~~~~~~~~~~~~~~~~~~~~~~~~~~~~~~~
 2505 |                                                 mount_speeds[
      |                                                 ~~~~~~~~~~~~~
 2506 |                                                                 ch->mount->pc ?
      |                                                                 ~~~~~~~~~~~~~~~
 2507 |                                                                                 ch->mount->pc->mount_speed : ch->speed],
      |                                                                                 ~~~~~~~~~~~~~~~~~~~~~~~~~~~~~~~~~~~~~~~~
 2508 |                                                 rev_d2[qe->dir], group_str);
      |                                                 ~~~~~~~~~~~~~~~~~~~~~~~~~~~
act.movement.cpp:2470:62: warning: ‘%s’ directive writing up to 49151 bytes into a region of size 49131 [-Wformat-overflow=]
 2470 |                         sprintf(buf, "$n arives from %s, #5a %s#0 following behind.",
      |                                                              ^~
 2471 |                                         rev_d2[qe->dir], group_str);
      |                                                          ~~~~~~~~~
act.movement.cpp:2470:32: note: ‘sprintf’ output 42 or more bytes (assuming 49193) into a destination of size 49152
 2470 |                         sprintf(buf, "$n arives from %s, #5a %s#0 following behind.",
      |                         ~~~~~~~^~~~~~~~~~~~~~~~~~~~~~~~~~~~~~~~~~~~~~~~~~~~~~~~~~~~~~
 2471 |                                         rev_d2[qe->dir], group_str);
      |                                         ~~~~~~~~~~~~~~~~~~~~~~~~~~~
act.movement.cpp: In function ‘void initiate_move(CHAR_DATA*)’:
act.movement.cpp:3438:65: warning: ‘ (waving politely) ’ directive writing 19 bytes into a region of size between 1 and 49152 [-Wformat-overflow=]
 3438 |                                                 sprintf(buf, "%s (waving politely) %s", buf1, msg);
      |                                                                 ^~~~~~~~~~~~~~~~~~~
act.movement.cpp:3438:56: note: ‘sprintf’ output between 20 and 49426 bytes into a destination of size 49152
 3438 |                                                 sprintf(buf, "%s (waving politely) %s", buf1, msg);
      |                                                 ~~~~~~~^~~~~~~~~~~~~~~~~~~~~~~~~~~~~~~~~~~~~~~~~~~
act.movement.cpp:3423:65: warning: ‘ (stepping forward) ’ directive writing 20 bytes into a region of size between 1 and 49152 [-Wformat-overflow=]
 3423 |                                                 sprintf(buf, "%s (stepping forward) %s", buf1, msg);
      |                                                                 ^~~~~~~~~~~~~~~~~~~~
act.movement.cpp:3423:56: note: ‘sprintf’ output between 21 and 49427 bytes into a destination of size 49152
 3423 |                                                 sprintf(buf, "%s (stepping forward) %s", buf1, msg);
      |                                                 ~~~~~~~^~~~~~~~~~~~~~~~~~~~~~~~~~~~~~~~~~~~~~~~~~~~
act.movement.cpp:3362:65: warning: ‘ (stepping forward) ’ directive writing 20 bytes into a region of size between 1 and 49152 [-Wformat-overflow=]
 3362 |                                                 sprintf(buf, "%s (stepping forward) %s", buf1, msg);
      |                                                                 ^~~~~~~~~~~~~~~~~~~~
act.movement.cpp:3362:56: note: ‘sprintf’ output between 21 and 49427 bytes into a destination of size 49152
 3362 |                                                 sprintf(buf, "%s (stepping forward) %s", buf1, msg);
      |                                                 ~~~~~~~^~~~~~~~~~~~~~~~~~~~~~~~~~~~~~~~~~~~~~~~~~~~
act.movement.cpp:3347:65: warning: ‘ (with a polite wave) ’ directive writing 22 bytes into a region of size between 1 and 49152 [-Wformat-overflow=]
 3347 |                                                 sprintf(buf, "%s (with a polite wave) %s", buf1, msg);
      |                                                                 ^~~~~~~~~~~~~~~~~~~~~~
act.movement.cpp:3347:56: note: ‘sprintf’ output between 23 and 49429 bytes into a destination of size 49152
 3347 |                                                 sprintf(buf, "%s (with a polite wave) %s", buf1, msg);
      |                                                 ~~~~~~~^~~~~~~~~~~~~~~~~~~~~~~~~~~~~~~~~~~~~~~~~~~~~~
act.movement.cpp:3742:56: warning: ‘%s’ directive writing up to 49151 bytes into a region of size between 49117 and 49141 [-Wformat-overflow=]
 3742 |                         sprintf(buf, "You begin %s %s%s%s.\n", move_names[ch->speed],
      |                                                        ^~
 3743 |                                         dirs[dir], suffix, travel_str);
      |                                                            ~~~~~~~~~~
act.movement.cpp:3742:32: note: ‘sprintf’ output 14 or more bytes (assuming 49189) into a destination of size 49152
 3742 |                         sprintf(buf, "You begin %s %s%s%s.\n", move_names[ch->speed],
      |                         ~~~~~~~^~~~~~~~~~~~~~~~~~~~~~~~~~~~~~~~~~~~~~~~~~~~~~~~~~~~~~
 3743 |                                         dirs[dir], suffix, travel_str);
      |                                         ~~~~~~~~~~~~~~~~~~~~~~~~~~~~~~
act.movement.cpp:3746:57: warning: ‘%s’ directive writing up to 49151 bytes into a region of size between 49117 and 49141 [-Wformat-overflow=]
 3746 |                         sprintf(buf1, "$n begins %s %s%s%s.", move_names[ch->speed],
      |                                                         ^~
 3747 |                                         dirs[dir], suffix, travel_str);
      |                                                            ~~~~~~~~~~
act.movement.cpp:3746:32: note: ‘sprintf’ output 13 or more bytes (assuming 49188) into a destination of size 49152
 3746 |                         sprintf(buf1, "$n begins %s %s%s%s.", move_names[ch->speed],
      |                         ~~~~~~~^~~~~~~~~~~~~~~~~~~~~~~~~~~~~~~~~~~~~~~~~~~~~~~~~~~~~
 3747 |                                         dirs[dir], suffix, travel_str);
      |                                         ~~~~~~~~~~~~~~~~~~~~~~~~~~~~~~
act.movement.cpp:3735:64: warning: ‘%s’ directive writing up to 49151 bytes into a region of size between 49117 and 49141 [-Wformat-overflow=]
 3735 |                                 sprintf(buf, "You begin %s %s%s%s.\n", move_names[ch->speed],
      |                                                                ^~
 3736 |                                                 dirs[dir], suffix, travel_str);
      |                                                                    ~~~~~~~~~~
act.movement.cpp:3735:40: note: ‘sprintf’ output 14 or more bytes (assuming 49189) into a destination of size 49152
 3735 |                                 sprintf(buf, "You begin %s %s%s%s.\n", move_names[ch->speed],
      |                                 ~~~~~~~^~~~~~~~~~~~~~~~~~~~~~~~~~~~~~~~~~~~~~~~~~~~~~~~~~~~~~
 3736 |                                                 dirs[dir], suffix, travel_str);
      |                                                 ~~~~~~~~~~~~~~~~~~~~~~~~~~~~~~
act.movement.cpp:3722:67: warning: ‘%s’ directive writing up to 49151 bytes into a region of size between 49117 and 49141 [-Wformat-overflow=]
 3722 |                                                 "$n begins %s %s%s%s, #5a %s#0 following behind $m.",
      |                                                                   ^~
 3723 |                                                 move_names[ch->speed], dirs[dir], suffix, travel_str,
      |                                                                                           ~~~~~~~~~~
act.movement.cpp:3721:40: note: ‘sprintf’ output 41 or more bytes (assuming 98367) into a destination of size 49152
 3721 |                                 sprintf(buf1,
      |                                 ~~~~~~~^~~~~~
 3722 |                                                 "$n begins %s %s%s%s, #5a %s#0 following behind $m.",
      |                                                 ~~~~~~~~~~~~~~~~~~~~~~~~~~~~~~~~~~~~~~~~~~~~~~~~~~~~~
 3723 |                                                 move_names[ch->speed], dirs[dir], suffix, travel_str,
      |                                                 ~~~~~~~~~~~~~~~~~~~~~~~~~~~~~~~~~~~~~~~~~~~~~~~~~~~~~
 3724 |                                                 group_str);
      |                                                 ~~~~~~~~~~
act.movement.cpp:3728:67: warning: ‘%s’ directive writing up to 49151 bytes into a region of size between 49117 and 49141 [-Wformat-overflow=]
 3728 |                                                 "You begin %s %s%s%s, #5a %s#0 following behind.\n",
      |                                                                   ^~
 3729 |                                                 move_names[ch->speed], dirs[dir], suffix, travel_str,
      |                                                                                           ~~~~~~~~~~
act.movement.cpp:3727:40: note: ‘sprintf’ output 39 or more bytes (assuming 98365) into a destination of size 49152
 3727 |                                 sprintf(buf,
      |                                 ~~~~~~~^~~~~
 3728 |                                                 "You begin %s %s%s%s, #5a %s#0 following behind.\n",
      |                                                 ~~~~~~~~~~~~~~~~~~~~~~~~~~~~~~~~~~~~~~~~~~~~~~~~~~~~
 3729 |                                                 move_names[ch->speed], dirs[dir], suffix, travel_str,
      |                                                 ~~~~~~~~~~~~~~~~~~~~~~~~~~~~~~~~~~~~~~~~~~~~~~~~~~~~~
 3730 |                                                 group_str);
      |                                                 ~~~~~~~~~~
act.movement.cpp:3988:65: warning: ‘%s’ directive writing up to 49151 bytes into a region of size between 49117 and 49141 [-Wformat-overflow=]
 3988 |                                 sprintf(buf1, "$n begins %s %s%s%s.", move_names[ch->speed],
      |                                                                 ^~
 3989 |                                                 dirs[dir], suffix, travel_str);
      |                                                                    ~~~~~~~~~~
act.movement.cpp:3988:40: note: ‘sprintf’ output 13 or more bytes (assuming 49188) into a destination of size 49152
 3988 |                                 sprintf(buf1, "$n begins %s %s%s%s.", move_names[ch->speed],
      |                                 ~~~~~~~^~~~~~~~~~~~~~~~~~~~~~~~~~~~~~~~~~~~~~~~~~~~~~~~~~~~~
 3989 |                                                 dirs[dir], suffix, travel_str);
      |                                                 ~~~~~~~~~~~~~~~~~~~~~~~~~~~~~~
act.movement.cpp:3991:64: warning: ‘%s’ directive writing up to 49151 bytes into a region of size between 49117 and 49141 [-Wformat-overflow=]
 3991 |                                 sprintf(buf, "You begin %s %s%s%s.\n", move_names[ch->speed],
      |                                                                ^~
 3992 |                                                 dirs[dir], suffix, travel_str);
      |                                                                    ~~~~~~~~~~
act.movement.cpp:3991:40: note: ‘sprintf’ output 14 or more bytes (assuming 49189) into a destination of size 49152
 3991 |                                 sprintf(buf, "You begin %s %s%s%s.\n", move_names[ch->speed],
      |                                 ~~~~~~~^~~~~~~~~~~~~~~~~~~~~~~~~~~~~~~~~~~~~~~~~~~~~~~~~~~~~~
 3992 |                                                 dirs[dir], suffix, travel_str);
      |                                                 ~~~~~~~~~~~~~~~~~~~~~~~~~~~~~~
act.movement.cpp:3980:72: warning: ‘%s’ directive writing up to 49151 bytes into a region of size between 49117 and 49141 [-Wformat-overflow=]
 3980 |                                         sprintf(buf, "You begin %s %s%s%s.\n",
      |                                                                        ^~
 3981 |                                                         move_names[ch->speed], dirs[dir], suffix,
 3982 |                                                         travel_str);
      |                                                         ~~~~~~~~~~      
act.movement.cpp:3980:48: note: ‘sprintf’ output 14 or more bytes (assuming 49189) into a destination of size 49152
 3980 |                                         sprintf(buf, "You begin %s %s%s%s.\n",
      |                                         ~~~~~~~^~~~~~~~~~~~~~~~~~~~~~~~~~~~~~~
 3981 |                                                         move_names[ch->speed], dirs[dir], suffix,
      |                                                         ~~~~~~~~~~~~~~~~~~~~~~~~~~~~~~~~~~~~~~~~~
 3982 |                                                         travel_str);
      |                                                         ~~~~~~~~~~~
act.movement.cpp:3969:75: warning: ‘%s’ directive writing up to 49151 bytes into a region of size between 49117 and 49141 [-Wformat-overflow=]
 3969 |                                                         "$n begins %s %s%s%s, #5a %s#0 following behind $m.",
      |                                                                           ^~
 3970 |                                                         move_names[ch->speed], dirs[dir], suffix,
 3971 |                                                         travel_str, group_str);
      |                                                         ~~~~~~~~~~         
act.movement.cpp:3968:48: note: ‘sprintf’ output 41 or more bytes (assuming 98367) into a destination of size 49152
 3968 |                                         sprintf(buf1,
      |                                         ~~~~~~~^~~~~~
 3969 |                                                         "$n begins %s %s%s%s, #5a %s#0 following behind $m.",
      |                                                         ~~~~~~~~~~~~~~~~~~~~~~~~~~~~~~~~~~~~~~~~~~~~~~~~~~~~~
 3970 |                                                         move_names[ch->speed], dirs[dir], suffix,
      |                                                         ~~~~~~~~~~~~~~~~~~~~~~~~~~~~~~~~~~~~~~~~~
 3971 |                                                         travel_str, group_str);
      |                                                         ~~~~~~~~~~~~~~~~~~~~~~
act.movement.cpp:3974:75: warning: ‘%s’ directive writing up to 49151 bytes into a region of size between 49117 and 49141 [-Wformat-overflow=]
 3974 |                                                         "You begin %s %s%s%s, #5a %s#0 following behind.\n",
      |                                                                           ^~
 3975 |                                                         move_names[ch->speed], dirs[dir], suffix,
 3976 |                                                         travel_str, group_str);
      |                                                         ~~~~~~~~~~         
act.movement.cpp:3973:48: note: ‘sprintf’ output 39 or more bytes (assuming 98365) into a destination of size 49152
 3973 |                                         sprintf(buf,
      |                                         ~~~~~~~^~~~~
 3974 |                                                         "You begin %s %s%s%s, #5a %s#0 following behind.\n",
      |                                                         ~~~~~~~~~~~~~~~~~~~~~~~~~~~~~~~~~~~~~~~~~~~~~~~~~~~~
 3975 |                                                         move_names[ch->speed], dirs[dir], suffix,
      |                                                         ~~~~~~~~~~~~~~~~~~~~~~~~~~~~~~~~~~~~~~~~~
 3976 |                                                         travel_str, group_str);
      |                                                         ~~~~~~~~~~~~~~~~~~~~~~
act.movement.cpp:4008:34: warning: ‘%s’ directive writing up to 49151 bytes into a region of size 49150 [-Wformat-overflow=]
 4008 |                 sprintf(buf1, "#5%s#0 begins %s %s%s.\n", buf, move_names[ch->speed],
      |                                  ^~                       ~~~
act.movement.cpp:4008:24: note: ‘sprintf’ output 16 or more bytes (assuming 49191) into a destination of size 49152
 4008 |                 sprintf(buf1, "#5%s#0 begins %s %s%s.\n", buf, move_names[ch->speed],
      |                 ~~~~~~~^~~~~~~~~~~~~~~~~~~~~~~~~~~~~~~~~~~~~~~~~~~~~~~~~~~~~~~~~~~~~~
 4009 |                                 dirs[dir], suffix);
      |                                 ~~~~~~~~~~~~~~~~~~
act.movement.cpp: In function ‘void do_track(CHAR_DATA*, char*, int)’:
act.movement.cpp:6971:28: warning: ‘sprintf’ may write a terminating nul past the end of the destination [-Wformat-overflow=]
 6971 |         sprintf(buf, "%s %s", buf2, dirs[dir]);
      |                            ^
act.movement.cpp:6971:16: note: ‘sprintf’ output 2 or more bytes (assuming 49153) into a destination of size 49152
 6971 |         sprintf(buf, "%s %s", buf2, dirs[dir]);
      |         ~~~~~~~^~~~~~~~~~~~~~~~~~~~~~~~~~~~~~~
g++ -Wno-write-strings  -c -march=native  -ggdb -DLINUX -Wall -fpermissive -std=gnu++98 act.offensive.cpp 
g++ -Wno-write-strings  -c -march=native  -ggdb -DLINUX -Wall -fpermissive -std=gnu++98 act.other.cpp 
act.offensive.cpp: In function ‘int calculate_missile_result(CHAR_DATA*, int, int, CHAR_DATA*, int, OBJ_DATA*, OBJ_DATA*, AFFECTED_TYPE*, int*, float*, int*, int)’:
act.offensive.cpp:1248:37: warning: logical not is only applied to the left hand side of comparison [-Wlogical-not-parentheses]
 1248 |         if (!GET_ITEM_TYPE(missile) == ITEM_WEAPON)
      |                                     ^~
act.offensive.cpp:1248:13: note: add parentheses around left hand side expression to silence this warning
 1248 |         if (!GET_ITEM_TYPE(missile) == ITEM_WEAPON)
act.offensive.cpp:1248:37: warning: comparison of constant ‘5’ with boolean expression is always false [-Wbool-compare]
 1248 |         if (!GET_ITEM_TYPE(missile) == ITEM_WEAPON)
act.offensive.cpp: In function ‘void guard_check(CHAR_DATA*)’:
act.offensive.cpp:3054:21: warning: cast to pointer from integer of different size [-Wint-to-pointer-cast]
 3054 |                 if ((CHAR_DATA *)af->a.spell.t == victim &&
      |                     ^~~~~~~~~~~~~~~~~~~~~~~~~~
act.offensive.cpp: In function ‘void do_guard(CHAR_DATA*, char*, int)’:
act.offensive.cpp:3122:36: warning: cast to pointer from integer of different size [-Wint-to-pointer-cast]
 3122 |         else if (cmd && !(target = (CHAR_DATA *)cmd))
      |                                    ^~~~~~~~~~~~~~~~
act.offensive.cpp:3135:35: warning: cast to pointer from integer of different size [-Wint-to-pointer-cast]
 3135 |                         && (tch = (CHAR_DATA *)af->a.spell.t) != 0)
      |                                   ^~~~~~~~~~~~~~~~~~~~~~~~~~
act.offensive.cpp: In function ‘void do_strike(CHAR_DATA*, char*, int)’:
act.offensive.cpp:2378:54: warning: ‘%s’ directive writing up to 49151 bytes into a region of size 49051 [-Wformat-overflow=]
 2378 |                         "To confirm, type \'#6strike %s !#0\', without the quotes.",
      |                                                      ^~
 2379 |                         original);
      |                         ~~~~~~~~                      
act.offensive.cpp:2376:24: note: ‘sprintf’ output between 128 and 49279 bytes into a destination of size 49152
 2376 |                 sprintf(buf,
      |                 ~~~~~~~^~~~~
 2377 |                         "You are in a lawful area; you would likely be flagged wanted for assault. "
      |                         ~~~~~~~~~~~~~~~~~~~~~~~~~~~~~~~~~~~~~~~~~~~~~~~~~~~~~~~~~~~~~~~~~~~~~~~~~~~~
 2378 |                         "To confirm, type \'#6strike %s !#0\', without the quotes.",
      |                         ~~~~~~~~~~~~~~~~~~~~~~~~~~~~~~~~~~~~~~~~~~~~~~~~~~~~~~~~~~~~
 2379 |                         original);
      |                         ~~~~~~~~~
act.offensive.cpp: In function ‘void do_command(CHAR_DATA*, char*, int)’:
act.offensive.cpp:2756:71: warning: ‘%s’ directive writing up to 49151 bytes into a region of size 49130 [-Wformat-overflow=]
 2756 |                                 sprintf(buf, "#5%s#0 commands you to '%s'.\n", char_short(ch), command);
      |                                                                       ^~                       ~~~~~~~
act.offensive.cpp:2756:40: note: ‘sprintf’ output 26 or more bytes (assuming 49177) into a destination of size 49152
 2756 |                                 sprintf(buf, "#5%s#0 commands you to '%s'.\n", char_short(ch), command);
      |                                 ~~~~~~~^~~~~~~~~~~~~~~~~~~~~~~~~~~~~~~~~~~~~~~~~~~~~~~~~~~~~~~~~~~~~~~~
act.offensive.cpp:2715:71: warning: ‘%s’ directive writing up to 49151 bytes into a region of size 49130 [-Wformat-overflow=]
 2715 |                                 sprintf(buf, "#5%s#0 commands you to '%s'.\n", char_short(ch), command);
      |                                                                       ^~                       ~~~~~~~
act.offensive.cpp:2715:40: note: ‘sprintf’ output 26 or more bytes (assuming 49177) into a destination of size 49152
 2715 |                                 sprintf(buf, "#5%s#0 commands you to '%s'.\n", char_short(ch), command);
      |                                 ~~~~~~~^~~~~~~~~~~~~~~~~~~~~~~~~~~~~~~~~~~~~~~~~~~~~~~~~~~~~~~~~~~~~~~~
act.offensive.cpp:2656:63: warning: ‘%s’ directive writing up to 49151 bytes into a region of size 49130 [-Wformat-overflow=]
 2656 |                         sprintf(buf, "#5%s#0 commands you to '%s'.\n", char_short(ch), command);
      |                                                               ^~                       ~~~~~~~
act.offensive.cpp:2656:32: note: ‘sprintf’ output 26 or more bytes (assuming 49177) into a destination of size 49152
 2656 |                         sprintf(buf, "#5%s#0 commands you to '%s'.\n", char_short(ch), command);
      |                         ~~~~~~~^~~~~~~~~~~~~~~~~~~~~~~~~~~~~~~~~~~~~~~~~~~~~~~~~~~~~~~~~~~~~~~~
act.offensive.cpp:2677:62: warning: ‘%s’ directive writing up to 49151 bytes into a region of size 49131 [-Wformat-overflow=]
 2677 |                         sprintf(buf, "You command #5%s#0 to '%s'.\n",
      |                                                              ^~
 2678 |                                 char_short(victim), command);
      |                                                     ~~~~~~~   
act.offensive.cpp:2677:32: note: ‘sprintf’ output 25 or more bytes (assuming 49176) into a destination of size 49152
 2677 |                         sprintf(buf, "You command #5%s#0 to '%s'.\n",
      |                         ~~~~~~~^~~~~~~~~~~~~~~~~~~~~~~~~~~~~~~~~~~~~~
 2678 |                                 char_short(victim), command);
      |                                 ~~~~~~~~~~~~~~~~~~~~~~~~~~~~
act.offensive.cpp: In function ‘void do_hit(CHAR_DATA*, char*, int)’:
act.offensive.cpp:1983:51: warning: ‘%s’ directive writing up to 49151 bytes into a region of size 49054 [-Wformat-overflow=]
 1983 |                         "To confirm, type \'#6hit %s !#0\', without the quotes.",
      |                                                   ^~
 1984 |                         original);
      |                         ~~~~~~~~                   
act.offensive.cpp:1981:24: note: ‘sprintf’ output between 125 and 49276 bytes into a destination of size 49152
 1981 |                 sprintf(buf,
      |                 ~~~~~~~^~~~~
 1982 |                         "You are in a lawful area; you would likely be flagged wanted for assault. "
      |                         ~~~~~~~~~~~~~~~~~~~~~~~~~~~~~~~~~~~~~~~~~~~~~~~~~~~~~~~~~~~~~~~~~~~~~~~~~~~~
 1983 |                         "To confirm, type \'#6hit %s !#0\', without the quotes.",
      |                         ~~~~~~~~~~~~~~~~~~~~~~~~~~~~~~~~~~~~~~~~~~~~~~~~~~~~~~~~~
 1984 |                         original);
      |                         ~~~~~~~~~
act.offensive.cpp:2035:114: warning: ‘%s’ directive writing up to 49151 bytes into a region of size 49065 [-Wformat-overflow=]
 2035 |                         "#1You are about to attack $N #1who is a fellow group member!#0 To confirm, type \'#6hit %s !#0\', without the quotes.",
      |                                                                                                                  ^~
 2036 |                         original);
      |                         ~~~~~~~~                                                                                  
act.offensive.cpp:2034:24: note: ‘sprintf’ output between 114 and 49265 bytes into a destination of size 49152
 2034 |                 sprintf(buf,
      |                 ~~~~~~~^~~~~
 2035 |                         "#1You are about to attack $N #1who is a fellow group member!#0 To confirm, type \'#6hit %s !#0\', without the quotes.",
      |                         ~~~~~~~~~~~~~~~~~~~~~~~~~~~~~~~~~~~~~~~~~~~~~~~~~~~~~~~~~~~~~~~~~~~~~~~~~~~~~~~~~~~~~~~~~~~~~~~~~~~~~~~~~~~~~~~~~~~~~~~~
 2036 |                         original);
      |                         ~~~~~~~~~
act.offensive.cpp:1992:214: warning: ‘%s’ directive writing up to 49151 bytes into a region of size 48970 [-Wformat-overflow=]
 1992 |                 sprintf(buf, "You are in a lawful, but brawable area area; if you hit this person with that weapon you're holding, you'll be wanted for assault. You can either put away the weapon, or type \'#6hit %s !#0\', without the quotes, to continue.", original);
      |                                                                                                                                                                                                                      ^~                                           ~~~~~~~~
act.offensive.cpp:1992:24: note: ‘sprintf’ output between 222 and 49373 bytes into a destination of size 49152
 1992 |                 sprintf(buf, "You are in a lawful, but brawable area area; if you hit this person with that weapon you're holding, you'll be wanted for assault. You can either put away the weapon, or type \'#6hit %s !#0\', without the quotes, to continue.", original);
      |                 ~~~~~~~^~~~~~~~~~~~~~~~~~~~~~~~~~~~~~~~~~~~~~~~~~~~~~~~~~~~~~~~~~~~~~~~~~~~~~~~~~~~~~~~~~~~~~~~~~~~~~~~~~~~~~~~~~~~~~~~~~~~~~~~~~~~~~~~~~~~~~~~~~~~~~~~~~~~~~~~~~~~~~~~~~~~~~~~~~~~~~~~~~~~~~~~~~~~~~~~~~~~~~~~~~~~~~~~~~~~~~~~~~~~~~~~~~~~~~~~~~~~~~~~~~~~
act.offensive.cpp: In function ‘void do_aide(CHAR_DATA*, char*, int)’:
act.offensive.cpp:3323:51: warning: ‘%s’ directive writing up to 49151 bytes into a region of size 158 [-Wformat-overflow=]
 3323 |                         "To confirm, type \'#6hit %s !#0\', without the quotes.",
      |                                                   ^~
 3324 |                         original);
      |                         ~~~~~~~~                   
act.offensive.cpp:3321:24: note: ‘sprintf’ output between 125 and 49276 bytes into a destination of size 256
 3321 |                 sprintf(buf,
      |                 ~~~~~~~^~~~~
 3322 |                         "You are in a lawful area; you would likely be flagged wanted for assault. "
      |                         ~~~~~~~~~~~~~~~~~~~~~~~~~~~~~~~~~~~~~~~~~~~~~~~~~~~~~~~~~~~~~~~~~~~~~~~~~~~~
 3323 |                         "To confirm, type \'#6hit %s !#0\', without the quotes.",
      |                         ~~~~~~~~~~~~~~~~~~~~~~~~~~~~~~~~~~~~~~~~~~~~~~~~~~~~~~~~~
 3324 |                         original);
      |                         ~~~~~~~~~
act.offensive.cpp:3357:114: warning: ‘%s’ directive writing up to 49151 bytes into a region of size 169 [-Wformat-overflow=]
 3357 |                         "#1You are about to attack $N #1who is a fellow group member!#0 To confirm, type \'#6hit %s !#0\', without the quotes.",
      |                                                                                                                  ^~
 3358 |                         original);
      |                         ~~~~~~~~                                                                                  
act.offensive.cpp:3356:24: note: ‘sprintf’ output between 114 and 49265 bytes into a destination of size 256
 3356 |                 sprintf(buf,
      |                 ~~~~~~~^~~~~
 3357 |                         "#1You are about to attack $N #1who is a fellow group member!#0 To confirm, type \'#6hit %s !#0\', without the quotes.",
      |                         ~~~~~~~~~~~~~~~~~~~~~~~~~~~~~~~~~~~~~~~~~~~~~~~~~~~~~~~~~~~~~~~~~~~~~~~~~~~~~~~~~~~~~~~~~~~~~~~~~~~~~~~~~~~~~~~~~~~~~~~~
 3358 |                         original);
      |                         ~~~~~~~~~
act.offensive.cpp:3332:215: warning: ‘%s’ directive writing up to 49151 bytes into a region of size 73 [-Wformat-overflow=]
 3332 |                 sprintf(buf, "You are in a lawful, but brawlable area area; if you hit this person with that weapon you're holding, you'll be wanted for assault. You can either put away the weapon, or type \'#6hit %s !#0\', without the quotes, to continue.", original);
      |                                                                                                                                                                                                                       ^~                                           ~~~~~~~~
act.offensive.cpp:3332:24: note: ‘sprintf’ output between 223 and 49374 bytes into a destination of size 256
 3332 |                 sprintf(buf, "You are in a lawful, but brawlable area area; if you hit this person with that weapon you're holding, you'll be wanted for assault. You can either put away the weapon, or type \'#6hit %s !#0\', without the quotes, to continue.", original);
      |                 ~~~~~~~^~~~~~~~~~~~~~~~~~~~~~~~~~~~~~~~~~~~~~~~~~~~~~~~~~~~~~~~~~~~~~~~~~~~~~~~~~~~~~~~~~~~~~~~~~~~~~~~~~~~~~~~~~~~~~~~~~~~~~~~~~~~~~~~~~~~~~~~~~~~~~~~~~~~~~~~~~~~~~~~~~~~~~~~~~~~~~~~~~~~~~~~~~~~~~~~~~~~~~~~~~~~~~~~~~~~~~~~~~~~~~~~~~~~~~~~~~~~~~~~~~~~~
act.offensive.cpp: In function ‘void do_throw(CHAR_DATA*, char*, int)’:
act.offensive.cpp:723:52: warning: ‘%s’ directive writing up to 49151 bytes into a region of size 49150 [-Wformat-overflow=]
  723 |                                 sprintf(buffer, "#2%s", buf);
      |                                                    ^~   ~~~
act.offensive.cpp:723:40: note: ‘sprintf’ output between 3 and 49154 bytes into a destination of size 49152
  723 |                                 sprintf(buffer, "#2%s", buf);
      |                                 ~~~~~~~^~~~~~~~~~~~~~~~~~~~~
act.offensive.cpp:728:52: warning: ‘%s’ directive writing up to 49151 bytes into a region of size 49150 [-Wformat-overflow=]
  728 |                                 sprintf(buffer, "#2%s", buf2);
      |                                                    ^~   ~~~~
act.offensive.cpp:728:40: note: ‘sprintf’ output between 3 and 49154 bytes into a destination of size 49152
  728 |                                 sprintf(buffer, "#2%s", buf2);
      |                                 ~~~~~~~^~~~~~~~~~~~~~~~~~~~~~
act.offensive.cpp:709:52: warning: ‘%s’ directive writing up to 49151 bytes into a region of size 49150 [-Wformat-overflow=]
  709 |                                 sprintf(buffer, "#2%s", buf);
      |                                                    ^~   ~~~
act.offensive.cpp:709:40: note: ‘sprintf’ output between 3 and 49154 bytes into a destination of size 49152
  709 |                                 sprintf(buffer, "#2%s", buf);
      |                                 ~~~~~~~^~~~~~~~~~~~~~~~~~~~~
act.offensive.cpp:714:52: warning: ‘%s’ directive writing up to 49151 bytes into a region of size 49150 [-Wformat-overflow=]
  714 |                                 sprintf(buffer, "#2%s", buf2);
      |                                                    ^~   ~~~~
act.offensive.cpp:714:40: note: ‘sprintf’ output between 3 and 49154 bytes into a destination of size 49152
  714 |                                 sprintf(buffer, "#2%s", buf2);
      |                                 ~~~~~~~^~~~~~~~~~~~~~~~~~~~~~
act.offensive.cpp:692:52: warning: ‘%s’ directive writing up to 49151 bytes into a region of size 49150 [-Wformat-overflow=]
  692 |                                 sprintf(buffer, "#2%s", buf);
      |                                                    ^~   ~~~
act.offensive.cpp:692:40: note: ‘sprintf’ output between 3 and 49154 bytes into a destination of size 49152
  692 |                                 sprintf(buffer, "#2%s", buf);
      |                                 ~~~~~~~^~~~~~~~~~~~~~~~~~~~~
act.offensive.cpp:697:52: warning: ‘%s’ directive writing up to 49151 bytes into a region of size 49150 [-Wformat-overflow=]
  697 |                                 sprintf(buffer, "#2%s", buf2);
      |                                                    ^~   ~~~~
act.offensive.cpp:697:40: note: ‘sprintf’ output between 3 and 49154 bytes into a destination of size 49152
  697 |                                 sprintf(buffer, "#2%s", buf2);
      |                                 ~~~~~~~^~~~~~~~~~~~~~~~~~~~~~
act.offensive.cpp:678:52: warning: ‘%s’ directive writing up to 49151 bytes into a region of size 49150 [-Wformat-overflow=]
  678 |                                 sprintf(buffer, "#2%s", buf);
      |                                                    ^~   ~~~
act.offensive.cpp:678:40: note: ‘sprintf’ output between 3 and 49154 bytes into a destination of size 49152
  678 |                                 sprintf(buffer, "#2%s", buf);
      |                                 ~~~~~~~^~~~~~~~~~~~~~~~~~~~~
act.offensive.cpp:683:52: warning: ‘%s’ directive writing up to 49151 bytes into a region of size 49150 [-Wformat-overflow=]
  683 |                                 sprintf(buffer, "#2%s", buf2);
      |                                                    ^~   ~~~~
act.offensive.cpp:683:40: note: ‘sprintf’ output between 3 and 49154 bytes into a destination of size 49152
  683 |                                 sprintf(buffer, "#2%s", buf2);
      |                                 ~~~~~~~^~~~~~~~~~~~~~~~~~~~~~
act.offensive.cpp:662:44: warning: ‘%s’ directive writing up to 49151 bytes into a region of size 49150 [-Wformat-overflow=]
  662 |                         sprintf(buffer, "#2%s", buf);
      |                                            ^~   ~~~
act.offensive.cpp:662:32: note: ‘sprintf’ output between 3 and 49154 bytes into a destination of size 49152
  662 |                         sprintf(buffer, "#2%s", buf);
      |                         ~~~~~~~^~~~~~~~~~~~~~~~~~~~~
act.offensive.cpp:667:44: warning: ‘%s’ directive writing up to 49151 bytes into a region of size 49150 [-Wformat-overflow=]
  667 |                         sprintf(buffer, "#2%s", buf2);
      |                                            ^~   ~~~~
act.offensive.cpp:667:32: note: ‘sprintf’ output between 3 and 49154 bytes into a destination of size 49152
  667 |                         sprintf(buffer, "#2%s", buf2);
      |                         ~~~~~~~^~~~~~~~~~~~~~~~~~~~~~
act.offensive.cpp:647:52: warning: ‘%s’ directive writing up to 49151 bytes into a region of size 49150 [-Wformat-overflow=]
  647 |                                 sprintf(buffer, "#2%s", buf);
      |                                                    ^~   ~~~
act.offensive.cpp:647:40: note: ‘sprintf’ output between 3 and 49154 bytes into a destination of size 49152
  647 |                                 sprintf(buffer, "#2%s", buf);
      |                                 ~~~~~~~^~~~~~~~~~~~~~~~~~~~~
act.offensive.cpp:652:52: warning: ‘%s’ directive writing up to 49151 bytes into a region of size 49150 [-Wformat-overflow=]
  652 |                                 sprintf(buffer, "#2%s", buf2);
      |                                                    ^~   ~~~~
act.offensive.cpp:652:40: note: ‘sprintf’ output between 3 and 49154 bytes into a destination of size 49152
  652 |                                 sprintf(buffer, "#2%s", buf2);
      |                                 ~~~~~~~^~~~~~~~~~~~~~~~~~~~~~
act.offensive.cpp:633:52: warning: ‘%s’ directive writing up to 49151 bytes into a region of size 49150 [-Wformat-overflow=]
  633 |                                 sprintf(buffer, "#2%s", buf);
      |                                                    ^~   ~~~
act.offensive.cpp:633:40: note: ‘sprintf’ output between 3 and 49154 bytes into a destination of size 49152
  633 |                                 sprintf(buffer, "#2%s", buf);
      |                                 ~~~~~~~^~~~~~~~~~~~~~~~~~~~~
act.offensive.cpp:638:52: warning: ‘%s’ directive writing up to 49151 bytes into a region of size 49150 [-Wformat-overflow=]
  638 |                                 sprintf(buffer, "#2%s", buf2);
      |                                                    ^~   ~~~~
act.offensive.cpp:638:40: note: ‘sprintf’ output between 3 and 49154 bytes into a destination of size 49152
  638 |                                 sprintf(buffer, "#2%s", buf2);
      |                                 ~~~~~~~^~~~~~~~~~~~~~~~~~~~~~
act.offensive.cpp:616:52: warning: ‘%s’ directive writing up to 49151 bytes into a region of size 49150 [-Wformat-overflow=]
  616 |                                 sprintf(buffer, "#2%s", buf);
      |                                                    ^~   ~~~
act.offensive.cpp:616:40: note: ‘sprintf’ output between 3 and 49154 bytes into a destination of size 49152
  616 |                                 sprintf(buffer, "#2%s", buf);
      |                                 ~~~~~~~^~~~~~~~~~~~~~~~~~~~~
act.offensive.cpp:621:52: warning: ‘%s’ directive writing up to 49151 bytes into a region of size 49150 [-Wformat-overflow=]
  621 |                                 sprintf(buffer, "#2%s", buf2);
      |                                                    ^~   ~~~~
act.offensive.cpp:621:40: note: ‘sprintf’ output between 3 and 49154 bytes into a destination of size 49152
  621 |                                 sprintf(buffer, "#2%s", buf2);
      |                                 ~~~~~~~^~~~~~~~~~~~~~~~~~~~~~
act.offensive.cpp:602:52: warning: ‘%s’ directive writing up to 49151 bytes into a region of size 49150 [-Wformat-overflow=]
  602 |                                 sprintf(buffer, "#2%s", buf);
      |                                                    ^~   ~~~
act.offensive.cpp:602:40: note: ‘sprintf’ output between 3 and 49154 bytes into a destination of size 49152
  602 |                                 sprintf(buffer, "#2%s", buf);
      |                                 ~~~~~~~^~~~~~~~~~~~~~~~~~~~~
act.offensive.cpp:607:52: warning: ‘%s’ directive writing up to 49151 bytes into a region of size 49150 [-Wformat-overflow=]
  607 |                                 sprintf(buffer, "#2%s", buf2);
      |                                                    ^~   ~~~~
act.offensive.cpp:607:40: note: ‘sprintf’ output between 3 and 49154 bytes into a destination of size 49152
  607 |                                 sprintf(buffer, "#2%s", buf2);
      |                                 ~~~~~~~^~~~~~~~~~~~~~~~~~~~~~
act.offensive.cpp:585:44: warning: ‘%s’ directive writing up to 49151 bytes into a region of size 49150 [-Wformat-overflow=]
  585 |                         sprintf(buffer, "#2%s", buf);
      |                                            ^~   ~~~
act.offensive.cpp:585:32: note: ‘sprintf’ output between 3 and 49154 bytes into a destination of size 49152
  585 |                         sprintf(buffer, "#2%s", buf);
      |                         ~~~~~~~^~~~~~~~~~~~~~~~~~~~~
act.offensive.cpp:590:44: warning: ‘%s’ directive writing up to 49151 bytes into a region of size 49150 [-Wformat-overflow=]
  590 |                         sprintf(buffer, "#2%s", buf2);
      |                                            ^~   ~~~~
act.offensive.cpp:590:32: note: ‘sprintf’ output between 3 and 49154 bytes into a destination of size 49152
  590 |                         sprintf(buffer, "#2%s", buf2);
      |                         ~~~~~~~^~~~~~~~~~~~~~~~~~~~~~
act.offensive.cpp:571:44: warning: ‘%s’ directive writing up to 49151 bytes into a region of size 49150 [-Wformat-overflow=]
  571 |                         sprintf(buffer, "#2%s", buf);
      |                                            ^~   ~~~
act.offensive.cpp:571:32: note: ‘sprintf’ output between 3 and 49154 bytes into a destination of size 49152
  571 |                         sprintf(buffer, "#2%s", buf);
      |                         ~~~~~~~^~~~~~~~~~~~~~~~~~~~~
act.offensive.cpp:576:44: warning: ‘%s’ directive writing up to 49151 bytes into a region of size 49150 [-Wformat-overflow=]
  576 |                         sprintf(buffer, "#2%s", buf2);
      |                                            ^~   ~~~~
act.offensive.cpp:576:32: note: ‘sprintf’ output between 3 and 49154 bytes into a destination of size 49152
  576 |                         sprintf(buffer, "#2%s", buf2);
      |                         ~~~~~~~^~~~~~~~~~~~~~~~~~~~~~
act.offensive.cpp:562:44: warning: ‘sprintf’ may write a terminating nul past the end of the destination [-Wformat-overflow=]
  562 |                         sprintf(buf2, "\n%s", buf);
      |                                            ^
act.offensive.cpp:562:32: note: ‘sprintf’ output between 2 and 49153 bytes into a destination of size 49152
  562 |                         sprintf(buf2, "\n%s", buf);
      |                         ~~~~~~~^~~~~~~~~~~~~~~~~~~
act.offensive.cpp: In function ‘void fire_sling(CHAR_DATA*, OBJ_DATA*, char*)’:
act.offensive.cpp:1523:36: warning: ‘sprintf’ may write a terminating nul past the end of the destination [-Wformat-overflow=]
 1523 |                 sprintf(buf2, "\n%s", buf);
      |                                    ^
act.offensive.cpp:1523:24: note: ‘sprintf’ output between 2 and 49153 bytes into a destination of size 49152
 1523 |                 sprintf(buf2, "\n%s", buf);
      |                 ~~~~~~~^~~~~~~~~~~~~~~~~~~
act.other.cpp: In function ‘int sound_to_descriptor(DESCRIPTOR_DATA*, const char*)’:
act.other.cpp:205:13: warning: unused variable ‘thisround’ [-Wunused-variable]
  205 |         int thisround;
      |             ^~~~~~~~~
act.other.cpp:206:13: warning: variable ‘total’ set but not used [-Wunused-but-set-variable]
  206 |         int total;
      |             ^~~~~
act.other.cpp: In function ‘void do_music(CHAR_DATA*, char*, int)’:
act.other.cpp:230:52: warning: embedded ‘\0’ in format [-Wformat-contains-nul]
  230 |                         sprintf(buf, "\n!!MUSIC(%s)\0", argument);
      |                                                    ^~
act.other.cpp: In function ‘void do_sound(CHAR_DATA*, char*, int)’:
act.other.cpp:247:52: warning: embedded ‘\0’ in format [-Wformat-contains-nul]
  247 |                         sprintf(buf, "\n!!SOUND(%s)\0", argument);
      |                                                    ^~
act.other.cpp: In function ‘void do_conceal(CHAR_DATA*, char*, int)’:
act.other.cpp:980:15: warning: unused variable ‘result’ [-Wunused-variable]
  980 |         char* result = NULL;
      |               ^~~~~~
act.other.cpp: In function ‘void do_commence(CHAR_DATA*, char*, int)’:
act.other.cpp:1548:17: warning: too many arguments for format [-Wformat-extra-args]
 1548 |                 "#3[OOC MESSAGE: %s has awoken.]#0",
      |                 ^~~~~~~~~~~~~~~~~~~~~~~~~~~~~~~~~~~
act.other.cpp: In function ‘void do_save(CHAR_DATA*, char*, int)’:
act.other.cpp:1874:15: warning: variable ‘p’ set but not used [-Wunused-but-set-variable]
 1874 |         char* p;
      |               ^
act.other.cpp: In function ‘void do_hide(CHAR_DATA*, char*, int)’:
act.other.cpp:2277:29: warning: cast to pointer from integer of different size [-Wint-to-pointer-cast]
 2277 |                         if ((CHAR_DATA *) af->a.spell.t == ch)
      |                             ^~~~~~~~~~~~~~~~~~~~~~~~~~~
act.other.cpp: In function ‘void delayed_hide(CHAR_DATA*)’:
act.other.cpp:2326:29: warning: cast to pointer from integer of different size [-Wint-to-pointer-cast]
 2326 |                         if ((CHAR_DATA *) af->a.spell.t == ch)
      |                             ^~~~~~~~~~~~~~~~~~~~~~~~~~~
act.other.cpp: In function ‘void delayed_hide_obj(CHAR_DATA*)’:
act.other.cpp:2556:15: warning: cast to pointer from integer of different size [-Wint-to-pointer-cast]
 2556 |         obj = (OBJ_DATA *) ch->delay_info1;
      |               ^~~~~~~~~~~~~~~~~~~~~~~~~~~~
act.other.cpp: In function ‘void do_camp(CHAR_DATA*, char*, int)’:
act.other.cpp:7543:13: warning: variable ‘sector_type’ set but not used [-Wunused-but-set-variable]
 7543 |         int sector_type, block = 0;
      |             ^~~~~~~~~~~
g++ -Wno-write-strings  -c -march=native  -ggdb -DLINUX -Wall -fpermissive -std=gnu++98 arena.cpp 
act.other.cpp: In function ‘void do_attire(CHAR_DATA*, char*, int)’:
act.other.cpp:951:52: warning: ‘%s’ directive writing up to 49151 bytes into a region of size 49131 [-Wformat-overflow=]
  951 |                 sprintf(buf, "You are not wearing '%s.'\n", arg);
      |                                                    ^~       ~~~
act.other.cpp:951:24: note: ‘sprintf’ output between 25 and 49176 bytes into a destination of size 49152
  951 |                 sprintf(buf, "You are not wearing '%s.'\n", arg);
      |                 ~~~~~~~^~~~~~~~~~~~~~~~~~~~~~~~~~~~~~~~~~~~~~~~~
act.other.cpp: In function ‘void do_conceal(CHAR_DATA*, char*, int)’:
act.other.cpp:992:67: warning: ‘%s’ directive writing up to 49151 bytes into a region of size 49116 [-Wformat-overflow=]
  992 |                 sprintf(buf, "You are not wearing an unconcealed '%s.'\n", arg);
      |                                                                   ^~       ~~~
act.other.cpp:992:24: note: ‘sprintf’ output between 40 and 49191 bytes into a destination of size 49152
  992 |                 sprintf(buf, "You are not wearing an unconcealed '%s.'\n", arg);
      |                 ~~~~~~~^~~~~~~~~~~~~~~~~~~~~~~~~~~~~~~~~~~~~~~~~~~~~~~~~~~~~~~~
act.other.cpp: In function ‘void do_reveal(CHAR_DATA*, char*, int)’:
act.other.cpp:1108:45: warning: ‘%s’ directive writing up to 49151 bytes into a region of size 49138 [-Wformat-overflow=]
 1108 |                 sprintf(buf, "You don't see %s hidden here.", arg);
      |                                             ^~                ~~~
act.other.cpp:1108:24: note: ‘sprintf’ output between 28 and 49179 bytes into a destination of size 49152
 1108 |                 sprintf(buf, "You don't see %s hidden here.", arg);
      |                 ~~~~~~~^~~~~~~~~~~~~~~~~~~~~~~~~~~~~~~~~~~~~~~~~~~
act.other.cpp:1098:45: warning: ‘%s’ directive writing up to 49151 bytes into a region of size 49138 [-Wformat-overflow=]
 1098 |                 sprintf(buf, "You don't see %s standing here, or you are not part of clan '%s' (enter the full clan name enclosed in quotes).", arg, arg);
      |                                             ^~                                                                                                  ~~~
act.other.cpp:1098:24: note: ‘sprintf’ output between 108 and 98410 bytes into a destination of size 49152
 1098 |                 sprintf(buf, "You don't see %s standing here, or you are not part of clan '%s' (enter the full clan name enclosed in quotes).", arg, arg);
      |                 ~~~~~~~^~~~~~~~~~~~~~~~~~~~~~~~~~~~~~~~~~~~~~~~~~~~~~~~~~~~~~~~~~~~~~~~~~~~~~~~~~~~~~~~~~~~~~~~~~~~~~~~~~~~~~~~~~~~~~~~~~~~~~~~~~~~~~~~~~
act.other.cpp:1061:53: warning: ‘%s’ directive writing up to 49151 bytes into a region of size 49138 [-Wformat-overflow=]
 1061 |                         sprintf(buf, "You don't see %s hidden here.", arg);
      |                                                     ^~                ~~~
act.other.cpp:1061:32: note: ‘sprintf’ output between 28 and 49179 bytes into a destination of size 49152
 1061 |                         sprintf(buf, "You don't see %s hidden here.", arg);
      |                         ~~~~~~~^~~~~~~~~~~~~~~~~~~~~~~~~~~~~~~~~~~~~~~~~~~
act.other.cpp: In function ‘void do_upgrade(CHAR_DATA*, char*, int)’:
act.other.cpp:1462:42: warning: ‘%s’ directive writing up to 49151 bytes into a region of size 49064 [-Wformat-overflow=]
 1462 |                         "Type '#6upgrade %s %s !#0' to confirm.", attribs[raise], attribs[lower], arg1, arg2);
      |                                          ^~                                                       ~~~~
act.other.cpp:1461:24: note: ‘sprintf’ output 107 or more bytes (assuming 98409) into a destination of size 49152
 1461 |                 sprintf(buf, "Are you sure you want to upgrade your #6%s#0 at the expense of your #6%s#0?\n"
      |                 ~~~~~~~^~~~~~~~~~~~~~~~~~~~~~~~~~~~~~~~~~~~~~~~~~~~~~~~~~~~~~~~~~~~~~~~~~~~~~~~~~~~~~~~~~~~~
 1462 |                         "Type '#6upgrade %s %s !#0' to confirm.", attribs[raise], attribs[lower], arg1, arg2);
      |                         ~~~~~~~~~~~~~~~~~~~~~~~~~~~~~~~~~~~~~~~~~~~~~~~~~~~~~~~~~~~~~~~~~~~~~~~~~~~~~~~~~~~~~
act.other.cpp: In function ‘void do_ic(CHAR_DATA*, char*, int)’:
act.other.cpp:1634:29: warning: ‘%s’ directive writing up to 49151 bytes into a region of size 49149 [-Wformat-overflow=]
 1634 |         sprintf(buffer, "(#5%s", buf);
      |                             ^~   ~~~
act.other.cpp:1634:16: note: ‘sprintf’ output between 4 and 49155 bytes into a destination of size 49152
 1634 |         sprintf(buffer, "(#5%s", buf);
      |         ~~~~~~~^~~~~~~~~~~~~~~~~~~~~~
act.other.cpp: In function ‘void delayed_ooc(CHAR_DATA*)’:
act.other.cpp:1656:29: warning: ‘%s’ directive writing up to 49151 bytes into a region of size 49149 [-Wformat-overflow=]
 1656 |         sprintf(buffer, "(#5%s", buf);
      |                             ^~   ~~~
act.other.cpp:1656:16: note: ‘sprintf’ output between 4 and 49155 bytes into a destination of size 49152
 1656 |         sprintf(buffer, "(#5%s", buf);
      |         ~~~~~~~^~~~~~~~~~~~~~~~~~~~~~
act.other.cpp:1667:28: warning: ‘%s’ directive writing up to 49151 bytes into a region of size 49150 [-Wformat-overflow=]
 1667 |         sprintf(buffer, "#5%s", buf);
      |                            ^~   ~~~
act.other.cpp:1667:16: note: ‘sprintf’ output between 3 and 49154 bytes into a destination of size 49152
 1667 |         sprintf(buffer, "#5%s", buf);
      |         ~~~~~~~^~~~~~~~~~~~~~~~~~~~~
act.other.cpp: In function ‘void do_sneak(CHAR_DATA*, char*, int)’:
act.other.cpp:2118:48: warning: ‘%s’ directive writing up to 7999 bytes into a region of size 83 [-Wformat-overflow=]
 2118 |                         "ahead, then: #6 sneak %s !#0\n", buf);
      |                                                ^~         ~~~
act.other.cpp:2115:24: note: ‘sprintf’ output between 179 and 8178 bytes into a destination of size 256
 2115 |                 sprintf(message, "   As you quietly approach the area ahead, "
      |                 ~~~~~~~^~~~~~~~~~~~~~~~~~~~~~~~~~~~~~~~~~~~~~~~~~~~~~~~~~~~~~~
 2116 |                         "you notice that there \nare no hiding places available.  "
      |                         ~~~~~~~~~~~~~~~~~~~~~~~~~~~~~~~~~~~~~~~~~~~~~~~~~~~~~~~~~~~
 2117 |                         "If you wish to sneak out of this \narea into the one "
      |                         ~~~~~~~~~~~~~~~~~~~~~~~~~~~~~~~~~~~~~~~~~~~~~~~~~~~~~~~
 2118 |                         "ahead, then: #6 sneak %s !#0\n", buf);
      |                         ~~~~~~~~~~~~~~~~~~~~~~~~~~~~~~~~~~~~~~
act.other.cpp: In function ‘void do_payday(CHAR_DATA*, char*, int)’:
act.other.cpp:5581:44: warning: ‘%s’ directive writing up to 49151 bytes into a region of size 49150 [-Wformat-overflow=]
 5581 |                         sprintf(buffer, "#5%s", buf);
      |                                            ^~   ~~~
act.other.cpp:5581:32: note: ‘sprintf’ output between 3 and 49154 bytes into a destination of size 49152
 5581 |                         sprintf(buffer, "#5%s", buf);
      |                         ~~~~~~~^~~~~~~~~~~~~~~~~~~~~
act.other.cpp: In function ‘void do_knock(CHAR_DATA*, char*, int)’:
act.other.cpp:7100:46: warning: ‘%s’ directive writing up to 49151 bytes into a region of size 49145 [-Wformat-overflow=]
 7100 |                         sprintf(buf, "unlock %s %s", key_name, dirs[rev_dir[door]]);
      |                                              ^~      ~~~~~~~~
act.other.cpp:7100:32: note: ‘sprintf’ output 9 or more bytes (assuming 49160) into a destination of size 49152
 7100 |                         sprintf(buf, "unlock %s %s", key_name, dirs[rev_dir[door]]);
      |                         ~~~~~~~^~~~~~~~~~~~~~~~~~~~~~~~~~~~~~~~~~~~~~~~~~~~~~~~~~~~
act.other.cpp:7102:44: warning: ‘%s’ directive writing up to 49151 bytes into a region of size 49147 [-Wformat-overflow=]
 7102 |                         sprintf(buf, "open %s %s", key_name, dirs[rev_dir[door]]);
      |                                            ^~      ~~~~~~~~
act.other.cpp:7102:32: note: ‘sprintf’ output 7 or more bytes (assuming 49158) into a destination of size 49152
 7102 |                         sprintf(buf, "open %s %s", key_name, dirs[rev_dir[door]]);
      |                         ~~~~~~~^~~~~~~~~~~~~~~~~~~~~~~~~~~~~~~~~~~~~~~~~~~~~~~~~~
act.other.cpp:7104:44: warning: ‘sprintf’ may write a terminating nul past the end of the destination [-Wformat-overflow=]
 7104 |                         sprintf(buf, "%s %s", key_name, dirs[rev_dir[door]]);
      |                                            ^
act.other.cpp:7104:32: note: ‘sprintf’ output 2 or more bytes (assuming 49153) into a destination of size 49152
 7104 |                         sprintf(buf, "%s %s", key_name, dirs[rev_dir[door]]);
      |                         ~~~~~~~^~~~~~~~~~~~~~~~~~~~~~~~~~~~~~~~~~~~~~~~~~~~~
act.other.cpp: In function ‘void do_nod(CHAR_DATA*, char*, int)’:
act.other.cpp:7518:54: warning: ‘%s’ directive writing up to 49151 bytes into a region of size 49145 [-Wformat-overflow=]
 7518 |                                 sprintf(buf, "unlock %s %s", key_name, dirs[dir]);
      |                                                      ^~      ~~~~~~~~
act.other.cpp:7518:40: note: ‘sprintf’ output 9 or more bytes (assuming 49160) into a destination of size 49152
 7518 |                                 sprintf(buf, "unlock %s %s", key_name, dirs[dir]);
      |                                 ~~~~~~~^~~~~~~~~~~~~~~~~~~~~~~~~~~~~~~~~~~~~~~~~~
act.other.cpp:7520:52: warning: ‘%s’ directive writing up to 49151 bytes into a region of size 49147 [-Wformat-overflow=]
 7520 |                                 sprintf(buf, "open %s %s", key_name, dirs[dir]);
      |                                                    ^~      ~~~~~~~~
act.other.cpp:7520:40: note: ‘sprintf’ output 7 or more bytes (assuming 49158) into a destination of size 49152
 7520 |                                 sprintf(buf, "open %s %s", key_name, dirs[dir]);
      |                                 ~~~~~~~^~~~~~~~~~~~~~~~~~~~~~~~~~~~~~~~~~~~~~~~
act.other.cpp:7522:52: warning: ‘sprintf’ may write a terminating nul past the end of the destination [-Wformat-overflow=]
 7522 |                                 sprintf(buf, "%s %s", key_name, dirs[dir]);
      |                                                    ^
act.other.cpp:7522:40: note: ‘sprintf’ output 2 or more bytes (assuming 49153) into a destination of size 49152
 7522 |                                 sprintf(buf, "%s %s", key_name, dirs[dir]);
      |                                 ~~~~~~~^~~~~~~~~~~~~~~~~~~~~~~~~~~~~~~~~~~
act.other.cpp:7495:54: warning: ‘%s’ directive writing up to 49151 bytes into a region of size 49145 [-Wformat-overflow=]
 7495 |                                 sprintf(buf, "unlock %s %s", key_name, dirs[dir]);
      |                                                      ^~      ~~~~~~~~
act.other.cpp:7495:40: note: ‘sprintf’ output 9 or more bytes (assuming 49160) into a destination of size 49152
 7495 |                                 sprintf(buf, "unlock %s %s", key_name, dirs[dir]);
      |                                 ~~~~~~~^~~~~~~~~~~~~~~~~~~~~~~~~~~~~~~~~~~~~~~~~~
act.other.cpp:7497:52: warning: ‘%s’ directive writing up to 49151 bytes into a region of size 49147 [-Wformat-overflow=]
 7497 |                                 sprintf(buf, "open %s %s", key_name, dirs[dir]);
      |                                                    ^~      ~~~~~~~~
act.other.cpp:7497:40: note: ‘sprintf’ output 7 or more bytes (assuming 49158) into a destination of size 49152
 7497 |                                 sprintf(buf, "open %s %s", key_name, dirs[dir]);
      |                                 ~~~~~~~^~~~~~~~~~~~~~~~~~~~~~~~~~~~~~~~~~~~~~~~
act.other.cpp:7499:52: warning: ‘sprintf’ may write a terminating nul past the end of the destination [-Wformat-overflow=]
 7499 |                                 sprintf(buf, "%s %s", key_name, dirs[dir]);
      |                                                    ^
act.other.cpp:7499:40: note: ‘sprintf’ output 2 or more bytes (assuming 49153) into a destination of size 49152
 7499 |                                 sprintf(buf, "%s %s", key_name, dirs[dir]);
      |                                 ~~~~~~~^~~~~~~~~~~~~~~~~~~~~~~~~~~~~~~~~~~
act.other.cpp: In function ‘void do_nominate(CHAR_DATA*, char*, int)’:
act.other.cpp:3676:80: warning: ‘%s’ directive writing up to 49151 bytes into a region of size 49105 [-Wformat-overflow=]
 3676 |                 sprintf(buf, "Are you sure you wish to nominate #5%s#0? Type #6%s !#0 to confirm\n", char_short(tch), original);
      |                                                                                ^~                                     ~~~~~~~~
act.other.cpp:3676:24: note: ‘sprintf’ output 64 or more bytes (assuming 49215) into a destination of size 49152
 3676 |                 sprintf(buf, "Are you sure you wish to nominate #5%s#0? Type #6%s !#0 to confirm\n", char_short(tch), original);
      |                 ~~~~~~~^~~~~~~~~~~~~~~~~~~~~~~~~~~~~~~~~~~~~~~~~~~~~~~~~~~~~~~~~~~~~~~~~~~~~~~~~~~~~~~~~~~~~~~~~~~~~~~~~~~~~~~~
act.other.cpp: In function ‘void do_steal(CHAR_DATA*, char*, int)’:
act.other.cpp:3215:57: warning: ‘%s’ directive writing up to 7999 bytes into a region of size 7888 [-Wformat-overflow=]
 3215 |                                         "type \'#6steal %s !#0\', without the quotes.",
      |                                                         ^~
 3216 |                                         command);
      |                                         ~~~~~~~          
act.other.cpp:3212:40: note: ‘sprintf’ output between 139 and 8138 bytes into a destination of size 8000
 3212 |                                 sprintf(buf,
      |                                 ~~~~~~~^~~~~
 3213 |                                         "You are in a lawful area. If you're caught stealing, "
      |                                         ~~~~~~~~~~~~~~~~~~~~~~~~~~~~~~~~~~~~~~~~~~~~~~~~~~~~~~~
 3214 |                                         "you may be killed or imprisoned. To confirm, "
      |                                         ~~~~~~~~~~~~~~~~~~~~~~~~~~~~~~~~~~~~~~~~~~~~~~~
 3215 |                                         "type \'#6steal %s !#0\', without the quotes.",
      |                                         ~~~~~~~~~~~~~~~~~~~~~~~~~~~~~~~~~~~~~~~~~~~~~~~
 3216 |                                         command);
      |                                         ~~~~~~~~
act.other.cpp:3282:57: warning: ‘%s’ directive writing up to 7999 bytes into a region of size 7888 [-Wformat-overflow=]
 3282 |                                         "type \'#6steal %s !#0\', without the quotes.",
      |                                                         ^~
 3283 |                                         command);
      |                                         ~~~~~~~          
act.other.cpp:3279:40: note: ‘sprintf’ output between 139 and 8138 bytes into a destination of size 8000
 3279 |                                 sprintf(buf,
      |                                 ~~~~~~~^~~~~
 3280 |                                         "You are in a lawful area. If you're caught stealing, "
      |                                         ~~~~~~~~~~~~~~~~~~~~~~~~~~~~~~~~~~~~~~~~~~~~~~~~~~~~~~~
 3281 |                                         "you may be killed or imprisoned. To confirm, "
      |                                         ~~~~~~~~~~~~~~~~~~~~~~~~~~~~~~~~~~~~~~~~~~~~~~~
 3282 |                                         "type \'#6steal %s !#0\', without the quotes.",
      |                                         ~~~~~~~~~~~~~~~~~~~~~~~~~~~~~~~~~~~~~~~~~~~~~~~
 3283 |                                         command);
      |                                         ~~~~~~~~
act.other.cpp: In function ‘void sa_grenade(SECOND_AFFECT*)’:
act.other.cpp:3991:36: warning: ‘%s’ directive writing up to 49151 bytes into a region of size 49150 [-Wformat-overflow=]
 3991 |                 sprintf(buffer, "#2%s", buf);
      |                                    ^~   ~~~
act.other.cpp:3991:24: note: ‘sprintf’ output between 3 and 49154 bytes into a destination of size 49152
 3991 |                 sprintf(buffer, "#2%s", buf);
      |                 ~~~~~~~^~~~~~~~~~~~~~~~~~~~~
act.other.cpp: In function ‘void rl_minute_affect_update()’:
act.other.cpp:5116:121: warning: ‘%s’ directive writing up to 49151 bytes into a region of size 49089 [-Wformat-overflow=]
 5116 |                                                         "There seems to be a problem with one of the fade echoes on the %s spell. Please report this to the staff. Thank you.",
      |                                                                                                                         ^~
 5117 |                                                         buf);
      |                                                         ~~~                                                              
act.other.cpp:5115:56: note: ‘sprintf’ output between 115 and 49266 bytes into a destination of size 49152
 5115 |                                                 sprintf(buf2,
      |                                                 ~~~~~~~^~~~~~
 5116 |                                                         "There seems to be a problem with one of the fade echoes on the %s spell. Please report this to the staff. Thank you.",
      |                                                         ~~~~~~~~~~~~~~~~~~~~~~~~~~~~~~~~~~~~~~~~~~~~~~~~~~~~~~~~~~~~~~~~~~~~~~~~~~~~~~~~~~~~~~~~~~~~~~~~~~~~~~~~~~~~~~~~~~~~~~~
 5117 |                                                         buf);
      |                                                         ~~~~
arena.cpp: In function ‘void equip_slave(CHAR_DATA*, int)’:
arena.cpp:39:13: warning: unused variable ‘weapon’ [-Wunused-variable]
   39 |         int weapon;
      |             ^~~~~~
arena.cpp: In function ‘void grunge_arena_first()’:
arena.cpp:1025:20: warning: unused variable ‘tch’ [-Wunused-variable]
 1025 |         CHAR_DATA *tch;
      |                    ^~~
arena.cpp:1026:26: warning: unused variable ‘d’ [-Wunused-variable]
 1026 |         DESCRIPTOR_DATA *d;
      |                          ^
arena.cpp: In function ‘void grunge_arena()’:
arena.cpp:1074:20: warning: unused variable ‘blue_mob’ [-Wunused-variable]
 1074 |         CHAR_DATA *blue_mob = NULL;
      |                    ^~~~~~~~
arena.cpp:1075:20: warning: unused variable ‘red_mob’ [-Wunused-variable]
 1075 |         CHAR_DATA *red_mob = NULL;
      |                    ^~~~~~~
arena.cpp: In function ‘void grunge_arena__do_shout(CHAR_DATA*, char*, int)’:
arena.cpp:2085:41: warning: format not a string literal and no format arguments [-Wformat-security]
 2085 |                                 sprintf (buf2, argument);       /* Reset. */
      |                                 ~~~~~~~~^~~~~~~~~~~~~~~~
arena.cpp:2170:41: warning: format not a string literal and no format arguments [-Wformat-security]
 2170 |                                 sprintf (buf2, argument);       /* Reset. */
      |                                 ~~~~~~~~^~~~~~~~~~~~~~~~
arena.cpp:2001:14: warning: unused variable ‘buf4’ [-Wunused-variable]
 2001 |         char buf4[MAX_STRING_LENGTH] = { '\0' };
      |              ^~~~
arena.cpp: In function ‘void grunge_arena__do_enter(CHAR_DATA*, char*, int)’:
arena.cpp:2304:14: warning: unused variable ‘buf’ [-Wunused-variable]
 2304 |         char buf[MAX_INPUT_LENGTH];
      |              ^~~
arena.cpp:2305:14: warning: unused variable ‘buf2’ [-Wunused-variable]
 2305 |         char buf2[MAX_STRING_LENGTH];
      |              ^~~~
arena.cpp:2306:14: warning: unused variable ‘rand’ [-Wunused-variable]
 2306 |         char rand[AVG_STRING_LENGTH];
      |              ^~~~
arena.cpp:2307:13: warning: unused variable ‘roll’ [-Wunused-variable]
 2307 |         int roll = number (1, 2);
      |             ^~~~
arena.cpp:2308:13: warning: unused variable ‘i’ [-Wunused-variable]
 2308 |         int i = 0, j = 0;
      |             ^
arena.cpp:2308:20: warning: unused variable ‘j’ [-Wunused-variable]
 2308 |         int i = 0, j = 0;
      |                    ^
arena.cpp: In function ‘void grunge_arena__leave(CHAR_DATA*)’:
arena.cpp:1400:27: warning: ‘%s’ directive writing up to 49151 bytes into a region of size 49150 [-Wformat-overflow=]
 1400 |         sprintf (buf2, "#5%s", buf);
      |                           ^~   ~~~
arena.cpp:1400:17: note: ‘sprintf’ output between 3 and 49154 bytes into a destination of size 49152
 1400 |         sprintf (buf2, "#5%s", buf);
      |         ~~~~~~~~^~~~~~~~~~~~~~~~~~~
arena.cpp: In function ‘void grunge_combat_message(CHAR_DATA*, CHAR_DATA*, char*, int, int)’:
arena.cpp:1942:31: warning: ‘%s’ directive writing up to 49151 bytes into a region of size 49145 [-Wformat-overflow=]
 1942 |         sprintf (buf, "In the %s of the arena, #5%s#0", area, char_short (src));
      |                               ^~                        ~~~~
arena.cpp:1942:17: note: ‘sprintf’ output 27 or more bytes (assuming 49178) into a destination of size 49152
 1942 |         sprintf (buf, "In the %s of the arena, #5%s#0", area, char_short (src));
      |         ~~~~~~~~^~~~~~~~~~~~~~~~~~~~~~~~~~~~~~~~~~~~~~~~~~~~~~~~~~~~~~~~~~~~~~~
arena.cpp:1943:55: warning: ‘%s’ directive writing up to 49151 bytes into a region of size 49138 [-Wformat-overflow=]
 1943 |         sprintf (buf + strlen (buf), " strikes #5%s#0 %s the %s.", char_short (tar), impact, expand_wound_loc (location));
      |                                                       ^~                             ~~~~~~
arena.cpp:1943:17: note: ‘sprintf’ output 21 or more bytes (assuming 49172) into a destination of size 49152
 1943 |         sprintf (buf + strlen (buf), " strikes #5%s#0 %s the %s.", char_short (tar), impact, expand_wound_loc (location));
      |         ~~~~~~~~^~~~~~~~~~~~~~~~~~~~~~~~~~~~~~~~~~~~~~~~~~~~~~~~~~~~~~~~~~~~~~~~~~~~~~~~~~~~~~~~~~~~~~~~~~~~~~~~~~~~~~~~~
arena.cpp: In function ‘void do_arena(CHAR_DATA*, char*, int)’:
arena.cpp:481:43: warning: ‘%s’ directive writing 92 bytes into a region of size between 0 and 49151 [-Wformat-overflow=]
  481 |                         sprintf (buf, "%s %s", buf2, ARENA_FIGHT_TYPE);
      |                                           ^~
arena.cpp:481:33: note: ‘sprintf’ output between 94 and 49245 bytes into a destination of size 49152
  481 |                         sprintf (buf, "%s %s", buf2, ARENA_FIGHT_TYPE);
      |                         ~~~~~~~~^~~~~~~~~~~~~~~~~~~~~~~~~~~~~~~~~~~~~~
arena.cpp:469:51: warning: ‘%s’ directive writing 142 bytes into a region of size between 0 and 49151 [-Wformat-overflow=]
  469 |                                 sprintf (buf, "%s %s", buf2, ARENA_NO_CROWD);
      |                                                   ^~
arena.cpp:469:41: note: ‘sprintf’ output between 144 and 49295 bytes into a destination of size 49152
  469 |                                 sprintf (buf, "%s %s", buf2, ARENA_NO_CROWD);
      |                                 ~~~~~~~~^~~~~~~~~~~~~~~~~~~~~~~~~~~~~~~~~~~~
arena.cpp:585:43: warning: ‘%s’ directive writing 91 bytes into a region of size between 0 and 49151 [-Wformat-overflow=]
  585 |                         sprintf (buf, "%s %s", buf2, ARENA_READY_FIGHT);
      |                                           ^~
arena.cpp:585:33: note: ‘sprintf’ output between 93 and 49244 bytes into a destination of size 49152
  585 |                         sprintf (buf, "%s %s", buf2, ARENA_READY_FIGHT);
      |                         ~~~~~~~~^~~~~~~~~~~~~~~~~~~~~~~~~~~~~~~~~~~~~~~
arena.cpp:617:43: warning: ‘%s’ directive writing 91 bytes into a region of size between 0 and 49151 [-Wformat-overflow=]
  617 |                         sprintf (buf, "%s %s", buf2, ARENA_READY_FIGHT);
      |                                           ^~
arena.cpp:617:33: note: ‘sprintf’ output between 93 and 49244 bytes into a destination of size 49152
  617 |                         sprintf (buf, "%s %s", buf2, ARENA_READY_FIGHT);
      |                         ~~~~~~~~^~~~~~~~~~~~~~~~~~~~~~~~~~~~~~~~~~~~~~~
arena.cpp:574:43: warning: ‘%s’ directive writing 65 bytes into a region of size between 0 and 49151 [-Wformat-overflow=]
  574 |                         sprintf (buf, "%s %s", buf2, ARENA_TOO_FULL);
      |                                           ^~
arena.cpp:574:33: note: ‘sprintf’ output between 67 and 49218 bytes into a destination of size 49152
  574 |                         sprintf (buf, "%s %s", buf2, ARENA_TOO_FULL);
      |                         ~~~~~~~~^~~~~~~~~~~~~~~~~~~~~~~~~~~~~~~~~~~~
arena.cpp:540:43: warning: ‘%s’ directive writing 91 bytes into a region of size between 0 and 49151 [-Wformat-overflow=]
  540 |                         sprintf (buf, "%s %s", buf2, ARENA_READY_FIGHT);
      |                                           ^~
arena.cpp:540:33: note: ‘sprintf’ output between 93 and 49244 bytes into a destination of size 49152
  540 |                         sprintf (buf, "%s %s", buf2, ARENA_READY_FIGHT);
      |                         ~~~~~~~~^~~~~~~~~~~~~~~~~~~~~~~~~~~~~~~~~~~~~~~
arena.cpp:532:43: warning: ‘%s’ directive writing 147 bytes into a region of size between 0 and 49151 [-Wformat-overflow=]
  532 |                         sprintf (buf, "%s %s", buf2, ARENA_TOO_INJURED);
      |                                           ^~
arena.cpp:532:33: note: ‘sprintf’ output between 149 and 49300 bytes into a destination of size 49152
  532 |                         sprintf (buf, "%s %s", buf2, ARENA_TOO_INJURED);
      |                         ~~~~~~~~^~~~~~~~~~~~~~~~~~~~~~~~~~~~~~~~~~~~~~~
arena.cpp:524:43: warning: ‘%s’ directive writing 96 bytes into a region of size between 0 and 49151 [-Wformat-overflow=]
  524 |                         sprintf (buf, "%s %s", buf2, ARENA_NOT_REGISTERED);
      |                                           ^~
arena.cpp:524:33: note: ‘sprintf’ output between 98 and 49249 bytes into a destination of size 49152
  524 |                         sprintf (buf, "%s %s", buf2, ARENA_NOT_REGISTERED);
      |                         ~~~~~~~~^~~~~~~~~~~~~~~~~~~~~~~~~~~~~~~~~~~~~~~~~~
arena.cpp:502:43: warning: ‘%s’ directive writing 145 bytes into a region of size between 0 and 49151 [-Wformat-overflow=]
  502 |                         sprintf (buf, "%s %s", buf2, ARENA_DEFINE_WEAPONS);
      |                                           ^~
arena.cpp:502:33: note: ‘sprintf’ output between 147 and 49298 bytes into a destination of size 49152
  502 |                         sprintf (buf, "%s %s", buf2, ARENA_DEFINE_WEAPONS);
      |                         ~~~~~~~~^~~~~~~~~~~~~~~~~~~~~~~~~~~~~~~~~~~~~~~~~~
arena.cpp: In function ‘void grunge_arena__defeat(CHAR_DATA*)’:
arena.cpp:1515:27: warning: ‘%s’ directive writing up to 49151 bytes into a region of size 49150 [-Wformat-overflow=]
 1515 |         sprintf (buf2, "#5%s", buf);
      |                           ^~   ~~~
arena.cpp:1515:17: note: ‘sprintf’ output between 3 and 49154 bytes into a destination of size 49152
 1515 |         sprintf (buf2, "#5%s", buf);
      |         ~~~~~~~~^~~~~~~~~~~~~~~~~~~
arena.cpp: In function ‘void grunge_arena__death(CHAR_DATA*)’:
arena.cpp:1724:27: warning: ‘%s’ directive writing up to 49151 bytes into a region of size 49150 [-Wformat-overflow=]
 1724 |         sprintf (buf2, "#5%s", buf);
      |                           ^~   ~~~
arena.cpp:1724:17: note: ‘sprintf’ output between 3 and 49154 bytes into a destination of size 49152
 1724 |         sprintf (buf2, "#5%s", buf);
      |         ~~~~~~~~^~~~~~~~~~~~~~~~~~~
arena.cpp:1731:27: warning: ‘%s’ directive writing up to 49151 bytes into a region of size 49150 [-Wformat-overflow=]
 1731 |         sprintf (buf2, "#5%s", buf);
      |                           ^~   ~~~
arena.cpp:1731:17: note: ‘sprintf’ output between 3 and 49154 bytes into a destination of size 49152
 1731 |         sprintf (buf2, "#5%s", buf);
      |         ~~~~~~~~^~~~~~~~~~~~~~~~~~~
g++ -Wno-write-strings  -c -march=native  -ggdb -DLINUX -Wall -fpermissive -std=gnu++98 auctions.cpp 
g++ -Wno-write-strings  -c -march=native  -ggdb -DLINUX -Wall -fpermissive -std=gnu++98 clan.cpp 
clan.cpp: In function ‘void do_clan(CHAR_DATA*, char*, int)’:
clan.cpp:578:13: warning: variable ‘new_flags’ set but not used [-Wunused-but-set-variable]
  578 |         int new_flags;
      |             ^~~~~~~~~
clan.cpp: In function ‘char* get_clan_rank_name(CHAR_DATA*, char*, int)’:
clan.cpp:1722:24: warning: suggest parentheses around assignment used as truth value [-Wparentheses]
 1722 |         else if (flags = CLAN_MEMBER)
clan.cpp: In function ‘char* remove_clan_from_string(char*, char*)’:
clan.cpp:1401:58: warning: ‘' ’ directive writing 2 bytes into a region of size between 0 and 49151 [-Wformat-overflow=]
 1401 |                         sprintf (buf + strlen (buf), "'%s' %s ", clan_flags, clan_name);
      |                                                          ^~
clan.cpp:1401:33: note: ‘sprintf’ output between 5 and 98307 bytes into a destination of size 49152
 1401 |                         sprintf (buf + strlen (buf), "'%s' %s ", clan_flags, clan_name);
      |                         ~~~~~~~~^~~~~~~~~~~~~~~~~~~~~~~~~~~~~~~~~~~~~~~~~~~~~~~~~~~~~~~
clan.cpp: In function ‘void remove_clan(CHAR_DATA*, char*)’:
clan.cpp:1485:58: warning: ‘' ’ directive writing 2 bytes into a region of size between 0 and 49151 [-Wformat-overflow=]
 1485 |                         sprintf (buf + strlen (buf), "'%s' %s ", clan_flags, clan_name);
      |                                                          ^~
clan.cpp:1485:33: note: ‘sprintf’ output between 5 and 98307 bytes into a destination of size 49152
 1485 |                         sprintf (buf + strlen (buf), "'%s' %s ", clan_flags, clan_name);
      |                         ~~~~~~~~^~~~~~~~~~~~~~~~~~~~~~~~~~~~~~~~~~~~~~~~~~~~~~~~~~~~~~~
clan.cpp: In function ‘char* display_clan_ranks(CHAR_DATA*, CHAR_DATA*)’:
clan.cpp:294:84: warning: ‘%s’ directive writing up to 49151 bytes into a region of size 49147 [-Wformat-overflow=]
  294 |                                 sprintf (ranks_list + strlen (ranks_list), " %s in %s", get_clan_rank_name (ch, clan_name, flags2), name);
      |                                                                                    ^~                                               ~~~~
clan.cpp:294:41: note: ‘sprintf’ output 6 or more bytes (assuming 49157) into a destination of size 49152
  294 |                                 sprintf (ranks_list + strlen (ranks_list), " %s in %s", get_clan_rank_name (ch, clan_name, flags2), name);
      |                                 ~~~~~~~~^~~~~~~~~~~~~~~~~~~~~~~~~~~~~~~~~~~~~~~~~~~~~~~~~~~~~~~~~~~~~~~~~~~~~~~~~~~~~~~~~~~~~~~~~~~~~~~~~
clan.cpp: In function ‘void do_invite(CHAR_DATA*, char*, int)’:
clan.cpp:2316:46: warning: ‘%s’ directive writing up to 49151 bytes into a region of size 49130 [-Wformat-overflow=]
 2316 |         sprintf (buf, "You invite $N to join %s.",
      |                                              ^~
clan.cpp:2316:17: note: ‘sprintf’ output between 24 and 49175 bytes into a destination of size 49152
 2316 |         sprintf (buf, "You invite $N to join %s.",
      |         ~~~~~~~~^~~~~~~~~~~~~~~~~~~~~~~~~~~~~~~~~~
 2317 |                 clan ? clan->literal : clan_name);
      |                 ~~~~~~~~~~~~~~~~~~~~~~~~~~~~~~~~~
auctions.cpp: In function ‘void auction_notify(int, int)’:
auctions.cpp:188:100: warning: ‘%s’ directive writing up to 49151 bytes into a region of size 49097 [-Wformat-overflow=]
  188 |                                         "At this time, #2%s#0 was #3sold#0 for #6%d#0 credits to #5%s#0.\n\n"
      |                                                                                                    ^~
......
  191 |                                         row[15], value, buf5, row[12], row[7], buf2, row[3]);
      |                                                         ~~~~                                        
auctions.cpp:187:32: note: ‘sprintf’ output 199 or more bytes (assuming 98501) into a destination of size 49152
  187 |                         sprintf(buf3,
      |                         ~~~~~~~^~~~~~
  188 |                                         "At this time, #2%s#0 was #3sold#0 for #6%d#0 credits to #5%s#0.\n\n"
      |                                         ~~~~~~~~~~~~~~~~~~~~~~~~~~~~~~~~~~~~~~~~~~~~~~~~~~~~~~~~~~~~~~~~~~~~~
  189 |                                                         "The item was put up for sale by #5%s#0, was originally listed for a minimum bid of #6%s#0 credits %s, "
      |                                                         ~~~~~~~~~~~~~~~~~~~~~~~~~~~~~~~~~~~~~~~~~~~~~~~~~~~~~~~~~~~~~~~~~~~~~~~~~~~~~~~~~~~~~~~~~~~~~~~~~~~~~~~~
  190 |                                                         "and was offered for a period of #6%s#0 days.",
      |                                                         ~~~~~~~~~~~~~~~~~~~~~~~~~~~~~~~~~~~~~~~~~~~~~~~
  191 |                                         row[15], value, buf5, row[12], row[7], buf2, row[3]);
      |                                         ~~~~~~~~~~~~~~~~~~~~~~~~~~~~~~~~~~~~~~~~~~~~~~~~~~~~
clan.cpp:2321:47: warning: ‘%s’ directive writing up to 49151 bytes into a region of size 49129 [-Wformat-overflow=]
 2321 |         sprintf (buf, "$N invites you to join %s.",
      |                                               ^~
clan.cpp:2321:17: note: ‘sprintf’ output between 25 and 49176 bytes into a destination of size 49152
 2321 |         sprintf (buf, "$N invites you to join %s.",
      |         ~~~~~~~~^~~~~~~~~~~~~~~~~~~~~~~~~~~~~~~~~~~
 2322 |                 clan ? clan->literal : clan_name);
      |                 ~~~~~~~~~~~~~~~~~~~~~~~~~~~~~~~~~
auctions.cpp: In function ‘void cancel_auction(CHAR_DATA*, CHAR_DATA*, int, bool)’:
auctions.cpp:298:27: warning: ‘%s’ directive writing up to 49151 bytes into a region of size between 0 and 49151 [-Wformat-overflow=]
  298 |         sprintf(buf3, "%s %s", buf2, buf);
      |                           ^~         ~~~
auctions.cpp:298:16: note: ‘sprintf’ output between 2 and 98304 bytes into a destination of size 49152
  298 |         sprintf(buf3, "%s %s", buf2, buf);
      |         ~~~~~~~^~~~~~~~~~~~~~~~~~~~~~~~~~
auctions.cpp:272:35: warning: ‘%s’ directive writing up to 49151 bytes into a region of size between 0 and 49151 [-Wformat-overflow=]
  272 |                 sprintf(buf3, "%s %s", buf2, buf);
      |                                   ^~         ~~~
auctions.cpp:272:24: note: ‘sprintf’ output between 2 and 98304 bytes into a destination of size 49152
  272 |                 sprintf(buf3, "%s %s", buf2, buf);
      |                 ~~~~~~~^~~~~~~~~~~~~~~~~~~~~~~~~~
auctions.cpp:252:34: warning: ‘%s’ directive writing 45 bytes into a region of size between 0 and 49151 [-Wformat-overflow=]
  252 |                 sprintf(buf, "%s %s", buf2, NOT_YOUR_AUCTION);
      |                                  ^~
auctions.cpp:252:24: note: ‘sprintf’ output between 47 and 49198 bytes into a destination of size 49152
  252 |                 sprintf(buf, "%s %s", buf2, NOT_YOUR_AUCTION);
      |                 ~~~~~~~^~~~~~~~~~~~~~~~~~~~~~~~~~~~~~~~~~~~~~
auctions.cpp:241:34: warning: ‘%s’ directive writing 66 bytes into a region of size between 0 and 49151 [-Wformat-overflow=]
  241 |                 sprintf(buf, "%s %s", buf2, NO_SUCH_AUCTIONC);
      |                                  ^~
auctions.cpp:241:24: note: ‘sprintf’ output between 68 and 49219 bytes into a destination of size 49152
  241 |                 sprintf(buf, "%s %s", buf2, NO_SUCH_AUCTIONC);
      |                 ~~~~~~~^~~~~~~~~~~~~~~~~~~~~~~~~~~~~~~~~~~~~~
clan.cpp: In function ‘void invite_accept(CHAR_DATA*, char*)’:
clan.cpp:2359:53: warning: ‘%s’ directive writing up to 49151 bytes into a region of size 49123 [-Wformat-overflow=]
 2359 |         sprintf (buf, "You have been initiated into %s.",
      |                                                     ^~
clan.cpp:2359:17: note: ‘sprintf’ output between 31 and 49182 bytes into a destination of size 49152
 2359 |         sprintf (buf, "You have been initiated into %s.",
      |         ~~~~~~~~^~~~~~~~~~~~~~~~~~~~~~~~~~~~~~~~~~~~~~~~~
 2360 |                 clan ? clan->literal : clan_name);
      |                 ~~~~~~~~~~~~~~~~~~~~~~~~~~~~~~~~~
auctions.cpp: In function ‘void preview_auction(CHAR_DATA*, CHAR_DATA*, int)’:
auctions.cpp:335:34: warning: ‘%s’ directive writing 76 bytes into a region of size between 0 and 49151 [-Wformat-overflow=]
  335 |                 sprintf(buf, "%s %s", buf2, NO_SUCH_AUCTION);
      |                                  ^~
auctions.cpp:335:24: note: ‘sprintf’ output between 78 and 49229 bytes into a destination of size 49152
  335 |                 sprintf(buf, "%s %s", buf2, NO_SUCH_AUCTION);
      |                 ~~~~~~~^~~~~~~~~~~~~~~~~~~~~~~~~~~~~~~~~~~~~
auctions.cpp: In function ‘int retrieve_expiries(CHAR_DATA*, CHAR_DATA*)’:
auctions.cpp:436:42: warning: ‘%s’ directive writing 82 bytes into a region of size between 0 and 49151 [-Wformat-overflow=]
  436 |                         sprintf(buf, "%s %s", buf2, NO_HANDS_FREE);
      |                                          ^~
auctions.cpp:436:32: note: ‘sprintf’ output between 84 and 49235 bytes into a destination of size 49152
  436 |                         sprintf(buf, "%s %s", buf2, NO_HANDS_FREE);
      |                         ~~~~~~~^~~~~~~~~~~~~~~~~~~~~~~~~~~~~~~~~~~
auctions.cpp:455:36: warning: ‘ Here we are. As #2’ directive writing 19 bytes into a region of size between 1 and 49152 [-Wformat-overflow=]
  455 |                                 "%s Here we are. As #2%s#0 did not sell, I am afraid we will need to keep the deposit fee. "
      |                                    ^~~~~~~~~~~~~~~~~~~
auctions.cpp:454:24: note: ‘sprintf’ output 118 or more bytes (assuming 49269) into a destination of size 49152
  454 |                 sprintf(buf,
      |                 ~~~~~~~^~~~~
  455 |                                 "%s Here we are. As #2%s#0 did not sell, I am afraid we will need to keep the deposit fee. "
      |                                 ~~~~~~~~~~~~~~~~~~~~~~~~~~~~~~~~~~~~~~~~~~~~~~~~~~~~~~~~~~~~~~~~~~~~~~~~~~~~~~~~~~~~~~~~~~~~
  456 |                                                 "Better luck next time, perhaps.", buf2, row[15]);
      |                                                 ~~~~~~~~~~~~~~~~~~~~~~~~~~~~~~~~~~~~~~~~~~~~~~~~~
auctions.cpp:400:36: warning: ‘ Better luck next time perha...’ directive writing 40 bytes into a region of size between 1 and 49152 [-Wformat-overflow=]
  400 |                                 "%s Better luck next time perhaps - I have %d credits here from an unsuccessful bid you placed some time ago. Here you are.",
      |                                    ^~~~~~~~~~~~~~~~~~~~~~~~~~~~~~~~~~~~~~~~
auctions.cpp:399:24: note: ‘sprintf’ output between 120 and 49281 bytes into a destination of size 49152
  399 |                 sprintf(buf,
      |                 ~~~~~~~^~~~~
  400 |                                 "%s Better luck next time perhaps - I have %d credits here from an unsuccessful bid you placed some time ago. Here you are.",
      |                                 ~~~~~~~~~~~~~~~~~~~~~~~~~~~~~~~~~~~~~~~~~~~~~~~~~~~~~~~~~~~~~~~~~~~~~~~~~~~~~~~~~~~~~~~~~~~~~~~~~~~~~~~~~~~~~~~~~~~~~~~~~~~~~
  401 |                                 buf2, atoi(row[1]));
      |                                 ~~~~~~~~~~~~~~~~~~~
clan.cpp: In function ‘void clan__do_score(CHAR_DATA*)’:
clan.cpp:2879:42: warning: ‘%-40s’ directive writing between 40 and 49151 bytes into a region of size 254 [-Wformat-overflow=]
 2879 |                         sprintf (buf, "  %-40s ", clan_name);
      |                                          ^~~~~    ~~~~~~~~~
auctions.cpp: In function ‘int retrieve_winnings(CHAR_DATA*, CHAR_DATA*)’:
auctions.cpp:540:42: warning: ‘%s’ directive writing 82 bytes into a region of size between 0 and 49151 [-Wformat-overflow=]
  540 |                         sprintf(buf, "%s %s", buf2, NO_HANDS_FREE);
      |                                          ^~
auctions.cpp:540:32: note: ‘sprintf’ output between 84 and 49235 bytes into a destination of size 49152
  540 |                         sprintf(buf, "%s %s", buf2, NO_HANDS_FREE);
      |                         ~~~~~~~^~~~~~~~~~~~~~~~~~~~~~~~~~~~~~~~~~~
auctions.cpp:587:36: warning: ‘ Here we are. For the succes...’ directive writing 46 bytes into a region of size between 1 and 49152 [-Wformat-overflow=]
  587 |                                 "%s Here we are. For the successful auction of #2%s#0, you will receive %d credits, plus a refund of your %d credit deposit, minus a House consignment "
      |                                    ^~~~~~~~~~~~~~~~~~~~~~~~~~~~~~~~~~~~~~~~~~~~~~
auctions.cpp:587:33: note: directive argument in the range [0, 42949673]
  587 |                                 "%s Here we are. For the successful auction of #2%s#0, you will receive %d credits, plus a refund of your %d credit deposit, minus a House consignment "
      |                                 ^~~~~~~~~~~~~~~~~~~~~~~~~~~~~~~~~~~~~~~~~~~~~~~~~~~~~~~~~~~~~~~~~~~~~~~~~~~~~~~~~~~~~~~~~~~~~~~~~~~~~~~~~~~~~~~~~~~~~~~~~~~~~~~~~~~~~~~~~~~~~~~~~~~~~~~~
  588 |                                                 "fee of %d credits, for a net total of %d credits. Enjoy!",
      |                                                 ~~~~~~~~~~~~~~~~~~~~~~~~~~~~~~~~~~~~~~~~~~~~~~~~~~~~~~~~~~
auctions.cpp:586:24: note: ‘sprintf’ output 199 or more bytes (assuming 49357) into a destination of size 49152
  586 |                 sprintf(buf,
      |                 ~~~~~~~^~~~~
  587 |                                 "%s Here we are. For the successful auction of #2%s#0, you will receive %d credits, plus a refund of your %d credit deposit, minus a House consignment "
      |                                 ~~~~~~~~~~~~~~~~~~~~~~~~~~~~~~~~~~~~~~~~~~~~~~~~~~~~~~~~~~~~~~~~~~~~~~~~~~~~~~~~~~~~~~~~~~~~~~~~~~~~~~~~~~~~~~~~~~~~~~~~~~~~~~~~~~~~~~~~~~~~~~~~~~~~~~~~
  588 |                                                 "fee of %d credits, for a net total of %d credits. Enjoy!",
      |                                                 ~~~~~~~~~~~~~~~~~~~~~~~~~~~~~~~~~~~~~~~~~~~~~~~~~~~~~~~~~~~
  589 |                                 buf2, row[15], sold_for, atoi(row[5]), fee, net);
      |                                 ~~~~~~~~~~~~~~~~~~~~~~~~~~~~~~~~~~~~~~~~~~~~~~~~
auctions.cpp:612:42: warning: ‘%s’ directive writing 82 bytes into a region of size between 0 and 49151 [-Wformat-overflow=]
  612 |                         sprintf(buf, "%s %s", buf2, NO_HANDS_FREE);
      |                                          ^~
auctions.cpp:612:32: note: ‘sprintf’ output between 84 and 49235 bytes into a destination of size 49152
  612 |                         sprintf(buf, "%s %s", buf2, NO_HANDS_FREE);
      |                         ~~~~~~~^~~~~~~~~~~~~~~~~~~~~~~~~~~~~~~~~~~
auctions.cpp:658:36: warning: ‘ Ah, yes. I have something f...’ directive writing 50 bytes into a region of size between 1 and 49152 [-Wformat-overflow=]
  658 |                                 "%s Ah, yes. I have something for you right here - #2%s#0, won at auction for a bargain "
      |                                    ^~~~~~~~~~~~~~~~~~~~~~~~~~~~~~~~~~~~~~~~~~~~~~~~~~
auctions.cpp:657:24: note: ‘sprintf’ output 142 or more bytes (assuming 49293) into a destination of size 49152
  657 |                 sprintf(buf,
      |                 ~~~~~~~^~~~~
  658 |                                 "%s Ah, yes. I have something for you right here - #2%s#0, won at auction for a bargain "
      |                                 ~~~~~~~~~~~~~~~~~~~~~~~~~~~~~~~~~~~~~~~~~~~~~~~~~~~~~~~~~~~~~~~~~~~~~~~~~~~~~~~~~~~~~~~~~
  659 |                                                 "price of %d credits. Congratulations again on your success!",
      |                                                 ~~~~~~~~~~~~~~~~~~~~~~~~~~~~~~~~~~~~~~~~~~~~~~~~~~~~~~~~~~~~~~
  660 |                                 buf2, row[15], sold_for);
      |                                 ~~~~~~~~~~~~~~~~~~~~~~~~
clan.cpp:2879:33: note: ‘sprintf’ output between 44 and 49155 bytes into a destination of size 256
 2879 |                         sprintf (buf, "  %-40s ", clan_name);
      |                         ~~~~~~~~^~~~~~~~~~~~~~~~~~~~~~~~~~~~
auctions.cpp: In function ‘void record_bid(CHAR_DATA*, CHAR_DATA*, int, int, bool, int)’:
auctions.cpp:723:80: warning: ‘%s’ directive writing up to 49151 bytes into a region of size 48991 [-Wformat-overflow=]
  723 |                                         "(%d, %d, %s, UNIX_TIMESTAMP(), '%s', '%s', '%s', %d)",
      |                                                                                ^~
  724 |                         world_log_db.c_str(), id, bid, bought_out ? "TRUE" : "FALSE",
  725 |                         GET_NAME(ch), buf2, ch->pc->account_name, port);
      |                                       ~~~~                                      
auctions.cpp:720:16: note: ‘sprintf’ output 171 or more bytes (assuming 49322) into a destination of size 49152
  720 |         sprintf(buf,
      |         ~~~~~~~^~~~~
  721 |                         "INSERT INTO %s.ah_bids "
      |                         ~~~~~~~~~~~~~~~~~~~~~~~~~
  722 |                                         "(auction_id, bid_amount, buyout, placed_at, placed_by, placed_by_sdesc, placed_by_account, port) VALUES "
      |                                         ~~~~~~~~~~~~~~~~~~~~~~~~~~~~~~~~~~~~~~~~~~~~~~~~~~~~~~~~~~~~~~~~~~~~~~~~~~~~~~~~~~~~~~~~~~~~~~~~~~~~~~~~~~
  723 |                                         "(%d, %d, %s, UNIX_TIMESTAMP(), '%s', '%s', '%s', %d)",
      |                                         ~~~~~~~~~~~~~~~~~~~~~~~~~~~~~~~~~~~~~~~~~~~~~~~~~~~~~~~
  724 |                         world_log_db.c_str(), id, bid, bought_out ? "TRUE" : "FALSE",
      |                         ~~~~~~~~~~~~~~~~~~~~~~~~~~~~~~~~~~~~~~~~~~~~~~~~~~~~~~~~~~~~~
  725 |                         GET_NAME(ch), buf2, ch->pc->account_name, port);
      |                         ~~~~~~~~~~~~~~~~~~~~~~~~~~~~~~~~~~~~~~~~~~~~~~~
auctions.cpp: In function ‘void place_bid(CHAR_DATA*, CHAR_DATA*, int, int, bool)’:
auctions.cpp:803:42: warning: ‘%s’ directive writing 45 bytes into a region of size between 0 and 49151 [-Wformat-overflow=]
  803 |                         sprintf(buf, "%s %s", buf2, ALREADY_WINNING);
      |                                          ^~
auctions.cpp:803:32: note: ‘sprintf’ output between 47 and 49198 bytes into a destination of size 49152
  803 |                         sprintf(buf, "%s %s", buf2, ALREADY_WINNING);
      |                         ~~~~~~~^~~~~~~~~~~~~~~~~~~~~~~~~~~~~~~~~~~~~
auctions.cpp:793:42: warning: ‘%s’ directive writing 35 bytes into a region of size between 0 and 49151 [-Wformat-overflow=]
  793 |                         sprintf(buf, "%s %s", buf2, OWN_AUCTION);
      |                                          ^~
auctions.cpp:793:32: note: ‘sprintf’ output between 37 and 49188 bytes into a destination of size 49152
  793 |                         sprintf(buf, "%s %s", buf2, OWN_AUCTION);
      |                         ~~~~~~~^~~~~~~~~~~~~~~~~~~~~~~~~~~~~~~~~
auctions.cpp:829:36: warning: ‘ The buyout for this bid is ...’ directive writing 33 bytes into a region of size between 1 and 49152 [-Wformat-overflow=]
  829 |                                 "%s The buyout for this bid is only %s credits: there is no need to bid any higher.",
      |                                    ^~~~~~~~~~~~~~~~~~~~~~~~~~~~~~~~~
auctions.cpp:828:24: note: ‘sprintf’ output 79 or more bytes (assuming 49230) into a destination of size 49152
  828 |                 sprintf(buf,
      |                 ~~~~~~~^~~~~
  829 |                                 "%s The buyout for this bid is only %s credits: there is no need to bid any higher.",
      |                                 ~~~~~~~~~~~~~~~~~~~~~~~~~~~~~~~~~~~~~~~~~~~~~~~~~~~~~~~~~~~~~~~~~~~~~~~~~~~~~~~~~~~~~
  830 |                                 buf2, row[10]);
      |                                 ~~~~~~~~~~~~~~
auctions.cpp:890:34: warning: ‘%s’ directive writing 125 bytes into a region of size between 0 and 49151 [-Wformat-overflow=]
  890 |                 sprintf(buf, "%s %s", buf2, BUYOUT_ACCEPTED);
      |                                  ^~
auctions.cpp:890:24: note: ‘sprintf’ output between 127 and 49278 bytes into a destination of size 49152
  890 |                 sprintf(buf, "%s %s", buf2, BUYOUT_ACCEPTED);
      |                 ~~~~~~~^~~~~~~~~~~~~~~~~~~~~~~~~~~~~~~~~~~~~
auctions.cpp:898:34: warning: ‘%s’ directive writing 55 bytes into a region of size between 0 and 49151 [-Wformat-overflow=]
  898 |                 sprintf(buf, "%s %s", buf2, BID_ACCEPTED);
      |                                  ^~
auctions.cpp:898:24: note: ‘sprintf’ output between 57 and 49208 bytes into a destination of size 49152
  898 |                 sprintf(buf, "%s %s", buf2, BID_ACCEPTED);
      |                 ~~~~~~~^~~~~~~~~~~~~~~~~~~~~~~~~~~~~~~~~~
auctions.cpp:863:35: warning: ‘%s’ directive writing up to 49151 bytes into a region of size between 0 and 49151 [-Wformat-overflow=]
  863 |                 sprintf(buf3, "%s %s", buf2, buf);
      |                                   ^~         ~~~
auctions.cpp:863:24: note: ‘sprintf’ output between 2 and 98304 bytes into a destination of size 49152
  863 |                 sprintf(buf3, "%s %s", buf2, buf);
      |                 ~~~~~~~^~~~~~~~~~~~~~~~~~~~~~~~~~
auctions.cpp:842:34: warning: ‘%s’ directive writing 77 bytes into a region of size between 0 and 49151 [-Wformat-overflow=]
  842 |                 sprintf(buf, "%s %s", buf2, MISSING_CASH_BID);
      |                                  ^~
auctions.cpp:842:24: note: ‘sprintf’ output between 79 and 49230 bytes into a destination of size 49152
  842 |                 sprintf(buf, "%s %s", buf2, MISSING_CASH_BID);
      |                 ~~~~~~~^~~~~~~~~~~~~~~~~~~~~~~~~~~~~~~~~~~~~~
auctions.cpp:818:36: warning: ‘ I am sorry, but the next av...’ directive writing 79 bytes into a region of size between 1 and 49152 [-Wformat-overflow=]
  818 |                                 "%s I am sorry, but the next available bid on this auction is set at a minimum of %s credits.",
      |                                    ^~~~~~~~~~~~~~~~~~~~~~~~~~~~~~~~~~~~~~~~~~~~~~~~~~~~~~~~~~~~~~~~~~~~~~~~~~~~~~~
auctions.cpp:817:24: note: ‘sprintf’ output 89 or more bytes (assuming 49240) into a destination of size 49152
  817 |                 sprintf(buf,
      |                 ~~~~~~~^~~~~
  818 |                                 "%s I am sorry, but the next available bid on this auction is set at a minimum of %s credits.",
      |                                 ~~~~~~~~~~~~~~~~~~~~~~~~~~~~~~~~~~~~~~~~~~~~~~~~~~~~~~~~~~~~~~~~~~~~~~~~~~~~~~~~~~~~~~~~~~~~~~~
  819 |                                 buf2, row[9]);
      |                                 ~~~~~~~~~~~~~
auctions.cpp:779:34: warning: ‘%s’ directive writing 76 bytes into a region of size between 0 and 49151 [-Wformat-overflow=]
  779 |                 sprintf(buf, "%s %s", buf2, NO_SUCH_AUCTION);
      |                                  ^~
auctions.cpp:779:24: note: ‘sprintf’ output between 78 and 49229 bytes into a destination of size 49152
  779 |                 sprintf(buf, "%s %s", buf2, NO_SUCH_AUCTION);
      |                 ~~~~~~~^~~~~~~~~~~~~~~~~~~~~~~~~~~~~~~~~~~~~
auctions.cpp: In function ‘void list_auctions(CHAR_DATA*, CHAR_DATA*, char*, int)’:
auctions.cpp:952:42: warning: ‘%s’ directive writing 65 bytes into a region of size between 0 and 49151 [-Wformat-overflow=]
  952 |                         sprintf(buf, "%s %s", buf2, LOOKING_FOR);
      |                                          ^~
auctions.cpp:952:32: note: ‘sprintf’ output between 67 and 49218 bytes into a destination of size 49152
  952 |                         sprintf(buf, "%s %s", buf2, LOOKING_FOR);
      |                         ~~~~~~~^~~~~~~~~~~~~~~~~~~~~~~~~~~~~~~~~
auctions.cpp:982:66: warning: ‘%s’ directive writing up to 49151 bytes into a region of size 49054 [-Wformat-overflow=]
  982 |                                 " AND (obj_short_desc LIKE \"%%%%%s%%%%\""
      |                                                                  ^~
......
  986 |                                 buf2, buf2, house_id, port);
      |                                 ~~~~                              
clan.cpp: In function ‘void do_clan(CHAR_DATA*, char*, int)’:
clan.cpp:835:57: warning: ‘%s’ directive writing up to 49151 bytes into a region of size 49147 [-Wformat-overflow=]
  835 |                                 sprintf (literal, "Flag %s is unknown for clans.\n", buf);
      |                                                         ^~                           ~~~
clan.cpp:835:41: note: ‘sprintf’ output between 29 and 49180 bytes into a destination of size 49152
  835 |                                 sprintf (literal, "Flag %s is unknown for clans.\n", buf);
      |                                 ~~~~~~~~^~~~~~~~~~~~~~~~~~~~~~~~~~~~~~~~~~~~~~~~~~~~~~~~~
auctions.cpp:980:24: note: ‘sprintf’ output 187 or more bytes (assuming 98489) into a destination of size 49152
  980 |                 sprintf(buf, "SELECT * FROM %s.ah_auctions"
      |                 ~~~~~~~^~~~~~~~~~~~~~~~~~~~~~~~~~~~~~~~~~~~
  981 |                                 " WHERE (expires_at - UNIX_TIMESTAMP()) > 0 "
      |                                 ~~~~~~~~~~~~~~~~~~~~~~~~~~~~~~~~~~~~~~~~~~~~~
  982 |                                 " AND (obj_short_desc LIKE \"%%%%%s%%%%\""
      |                                 ~~~~~~~~~~~~~~~~~~~~~~~~~~~~~~~~~~~~~~~~~~
  983 |                                 " OR obj_full_desc LIKE \"%%%%%s%%%%\")"
      |                                 ~~~~~~~~~~~~~~~~~~~~~~~~~~~~~~~~~~~~~~~~
  984 |                                 " AND house_id = %d "
      |                                 ~~~~~~~~~~~~~~~~~~~~~
  985 |                                 " AND port = %d ORDER BY expires_at ASC", world_log_db.c_str(),
      |                                 ~~~~~~~~~~~~~~~~~~~~~~~~~~~~~~~~~~~~~~~~~~~~~~~~~~~~~~~~~~~~~~~
  986 |                                 buf2, buf2, house_id, port);
      |                                 ~~~~~~~~~~~~~~~~~~~~~~~~~~~
auctions.cpp: In function ‘void record_auction(CHAR_DATA*, CHAR_DATA*, OBJ_DATA*, int, int, int, int)’:
auctions.cpp:1107:116: warning: ‘%s’ directive writing up to 49151 bytes into a region of size between 48755 and 48758 [-Wformat-overflow=]
 1107 |                                         "(%d, UNIX_TIMESTAMP(), %d, %d, %d, %d, %d, %d, %d, '%s', '%s', '%s', %d, '%s', '%s', '%s', %d, 0, 0, 0, %d, '%s', %d)",
      |                                                                                                                    ^~
......
 1110 |                         ch->pc->account_name, GET_ITEM_TYPE(obj), buf4, buf3, buf2,
      |                                                                   ~~~~                                              
auctions.cpp:1102:16: note: ‘sprintf’ output 427 or more bytes (assuming 147883) into a destination of size 49152
 1102 |         sprintf(buf,
      |         ~~~~~~~^~~~~
 1103 |                         "INSERT INTO %s.ah_auctions "
      |                         ~~~~~~~~~~~~~~~~~~~~~~~~~~~~~
 1104 |                                         "(house_id, placed_at, auction_period, expires_at, deposit_paid, obj_real_value, "
      |                                         ~~~~~~~~~~~~~~~~~~~~~~~~~~~~~~~~~~~~~~~~~~~~~~~~~~~~~~~~~~~~~~~~~~~~~~~~~~~~~~~~~~
 1105 |                                         "min_bid, next_bid, buyout, placed_by, placed_by_sdesc, placed_by_account, obj_type, "
      |                                         ~~~~~~~~~~~~~~~~~~~~~~~~~~~~~~~~~~~~~~~~~~~~~~~~~~~~~~~~~~~~~~~~~~~~~~~~~~~~~~~~~~~~~~
 1106 |                                         "obj_short_desc, obj_long_desc, obj_full_desc, obj_vnum, buyer_pickup, seller_pickup, bought_out, port, auctioneer_sdesc, auctioneer_board) VALUES "
      |                                         ~~~~~~~~~~~~~~~~~~~~~~~~~~~~~~~~~~~~~~~~~~~~~~~~~~~~~~~~~~~~~~~~~~~~~~~~~~~~~~~~~~~~~~~~~~~~~~~~~~~~~~~~~~~~~~~~~~~~~~~~~~~~~~~~~~~~~~~~~~~~~~~~~~~~
 1107 |                                         "(%d, UNIX_TIMESTAMP(), %d, %d, %d, %d, %d, %d, %d, '%s', '%s', '%s', %d, '%s', '%s', '%s', %d, 0, 0, 0, %d, '%s', %d)",
      |                                         ~~~~~~~~~~~~~~~~~~~~~~~~~~~~~~~~~~~~~~~~~~~~~~~~~~~~~~~~~~~~~~~~~~~~~~~~~~~~~~~~~~~~~~~~~~~~~~~~~~~~~~~~~~~~~~~~~~~~~~~~
 1108 |                         world_log_db.c_str(), house_id, length, expires_at, deposit,
      |                         ~~~~~~~~~~~~~~~~~~~~~~~~~~~~~~~~~~~~~~~~~~~~~~~~~~~~~~~~~~~~
 1109 |                         real_value, min_bid, min_bid, buyout, GET_NAME(ch), char_short(ch),
      |                         ~~~~~~~~~~~~~~~~~~~~~~~~~~~~~~~~~~~~~~~~~~~~~~~~~~~~~~~~~~~~~~~~~~~
 1110 |                         ch->pc->account_name, GET_ITEM_TYPE(obj), buf4, buf3, buf2,
      |                         ~~~~~~~~~~~~~~~~~~~~~~~~~~~~~~~~~~~~~~~~~~~~~~~~~~~~~~~~~~~
 1111 |                         obj->nVirtual, port, char_short(auctioneer), auctioneer->circle);
      |                         ~~~~~~~~~~~~~~~~~~~~~~~~~~~~~~~~~~~~~~~~~~~~~~~~~~~~~~~~~~~~~~~~
auctions.cpp: In function ‘void place_auction(CHAR_DATA*, CHAR_DATA*, OBJ_DATA*, int, int, int, bool)’:
auctions.cpp:1163:34: warning: ‘%s’ directive writing 71 bytes into a region of size between 0 and 49151 [-Wformat-overflow=]
 1163 |                 sprintf(buf, "%s %s", buf2, BO_TOO_LOW);
      |                                  ^~
auctions.cpp:1163:24: note: ‘sprintf’ output between 73 and 49224 bytes into a destination of size 49152
 1163 |                 sprintf(buf, "%s %s", buf2, BO_TOO_LOW);
      |                 ~~~~~~~^~~~~~~~~~~~~~~~~~~~~~~~~~~~~~~~
auctions.cpp:1219:124: warning: ‘%s’ directive writing up to 49151 bytes into a region of size between 49056 and 49065 [-Wformat-overflow=]
 1219 |                                 "Let's see if I have this right: you wish to auction #2%s#0 for a minimum bid of %d credits%s, "
      |                                                                                                                            ^~
auctions.cpp:1219:33: note: directive argument in the range [1, 60]
 1219 |                                 "Let's see if I have this right: you wish to auction #2%s#0 for a minimum bid of %d credits%s, "
      |                                 ^~~~~~~~~~~~~~~~~~~~~~~~~~~~~~~~~~~~~~~~~~~~~~~~~~~~~~~~~~~~~~~~~~~~~~~~~~~~~~~~~~~~~~~~~~~~~~~~
 1220 |                                                 "and you wish it to be listed for %d days. We will require you to place a deposit of "
      |                                                 ~~~~~~~~~~~~~~~~~~~~~~~~~~~~~~~~~~~~~~~~~~~~~~~~~~~~~~~~~~~~~~~~~~~~~~~~~~~~~~~~~~~~~~
 1221 |                                                 "%d credits that will be returned upon the successful sale of your auction. Is this agreeable?",
      |                                                 ~~~~~~~~~~~~~~~~~~~~~~~~~~~~~~~~~~~~~~~~~~~~~~~~~~~~~~~~~~~~~~~~~~~~~~~~~~~~~~~~~~~~~~~~~~~~~~~
auctions.cpp:1219:33: note: directive argument ‘1’
auctions.cpp:1218:24: note: ‘sprintf’ output 265 or more bytes (assuming 49426) into a destination of size 49152
 1218 |                 sprintf(buf,
      |                 ~~~~~~~^~~~~
 1219 |                                 "Let's see if I have this right: you wish to auction #2%s#0 for a minimum bid of %d credits%s, "
      |                                 ~~~~~~~~~~~~~~~~~~~~~~~~~~~~~~~~~~~~~~~~~~~~~~~~~~~~~~~~~~~~~~~~~~~~~~~~~~~~~~~~~~~~~~~~~~~~~~~~
 1220 |                                                 "and you wish it to be listed for %d days. We will require you to place a deposit of "
      |                                                 ~~~~~~~~~~~~~~~~~~~~~~~~~~~~~~~~~~~~~~~~~~~~~~~~~~~~~~~~~~~~~~~~~~~~~~~~~~~~~~~~~~~~~~
 1221 |                                                 "%d credits that will be returned upon the successful sale of your auction. Is this agreeable?",
      |                                                 ~~~~~~~~~~~~~~~~~~~~~~~~~~~~~~~~~~~~~~~~~~~~~~~~~~~~~~~~~~~~~~~~~~~~~~~~~~~~~~~~~~~~~~~~~~~~~~~~
 1222 |                                 obj->short_description, min_bid, buyout ? buf3 : "", length,
      |                                 ~~~~~~~~~~~~~~~~~~~~~~~~~~~~~~~~~~~~~~~~~~~~~~~~~~~~~~~~~~~~
 1223 |                                 deposit);
      |                                 ~~~~~~~~
auctions.cpp:1226:27: warning: ‘%s’ directive writing up to 49151 bytes into a region of size between 0 and 49151 [-Wformat-overflow=]
 1226 |         sprintf(buf3, "%s %s", buf2, buf);
      |                           ^~         ~~~
auctions.cpp:1226:16: note: ‘sprintf’ output between 2 and 98304 bytes into a destination of size 49152
 1226 |         sprintf(buf3, "%s %s", buf2, buf);
      |         ~~~~~~~^~~~~~~~~~~~~~~~~~~~~~~~~~
auctions.cpp:1190:42: warning: ‘%s’ directive writing 42 bytes into a region of size between 0 and 49151 [-Wformat-overflow=]
 1190 |                         sprintf(buf, "%s %s", buf2, AUCTION_ACCEPTED);
      |                                          ^~
auctions.cpp:1190:32: note: ‘sprintf’ output between 44 and 49195 bytes into a destination of size 49152
 1190 |                         sprintf(buf, "%s %s", buf2, AUCTION_ACCEPTED);
      |                         ~~~~~~~^~~~~~~~~~~~~~~~~~~~~~~~~~~~~~~~~~~~~~
auctions.cpp:1181:42: warning: ‘%s’ directive writing 67 bytes into a region of size between 0 and 49151 [-Wformat-overflow=]
 1181 |                         sprintf(buf, "%s %s", buf2, MISSING_CASH);
      |                                          ^~
auctions.cpp:1181:32: note: ‘sprintf’ output between 69 and 49220 bytes into a destination of size 49152
 1181 |                         sprintf(buf, "%s %s", buf2, MISSING_CASH);
      |                         ~~~~~~~^~~~~~~~~~~~~~~~~~~~~~~~~~~~~~~~~~
auctions.cpp:1170:34: warning: ‘%s’ directive writing 76 bytes into a region of size between 0 and 49151 [-Wformat-overflow=]
 1170 |                 sprintf(buf, "%s %s", buf2, LENGTH_SANITY);
      |                                  ^~
auctions.cpp:1170:24: note: ‘sprintf’ output between 78 and 49229 bytes into a destination of size 49152
 1170 |                 sprintf(buf, "%s %s", buf2, LENGTH_SANITY);
      |                 ~~~~~~~^~~~~~~~~~~~~~~~~~~~~~~~~~~~~~~~~~~
auctions.cpp:1150:34: warning: ‘%s’ directive writing 71 bytes into a region of size between 0 and 49151 [-Wformat-overflow=]
 1150 |                 sprintf(buf, "%s %s", buf2, GIVE_AWAY);
      |                                  ^~
auctions.cpp:1150:24: note: ‘sprintf’ output between 73 and 49224 bytes into a destination of size 49152
 1150 |                 sprintf(buf, "%s %s", buf2, GIVE_AWAY);
      |                 ~~~~~~~^~~~~~~~~~~~~~~~~~~~~~~~~~~~~~~
auctions.cpp: In function ‘void do_auction(CHAR_DATA*, char*, int)’:
auctions.cpp:1431:42: warning: ‘%s’ directive writing 126 bytes into a region of size between 0 and 49151 [-Wformat-overflow=]
 1431 |                         sprintf(buf, "%s %s", buf2, NO_WINNINGS);
      |                                          ^~
auctions.cpp:1431:32: note: ‘sprintf’ output between 128 and 49279 bytes into a destination of size 49152
 1431 |                         sprintf(buf, "%s %s", buf2, NO_WINNINGS);
      |                         ~~~~~~~^~~~~~~~~~~~~~~~~~~~~~~~~~~~~~~~~
auctions.cpp:1409:34: warning: ‘%s’ directive writing 132 bytes into a region of size between 0 and 49151 [-Wformat-overflow=]
 1409 |                 sprintf(buf, "%s %s", buf2,
      |                                  ^~
 1410 |                                 "Unfortunately, the cancel auction feature is not working at present. Please contact an admin to have your item removed from auction.");
      |                                 ~~~~~~~~~~~~~~~~~~~~~~~~~~~~~~~~~~~~~~~~~~~~~~~~~~~~~~~~~~~~~~~~~~~~~~~~~~~~~~~~~~~~~~~~~~~~~~~~~~~~~~~~~~~~~~~~~~~~~~~~~~~~~~~~~~~~~~
auctions.cpp:1409:24: note: ‘sprintf’ output between 134 and 49285 bytes into a destination of size 49152
 1409 |                 sprintf(buf, "%s %s", buf2,
      |                 ~~~~~~~^~~~~~~~~~~~~~~~~~~~
 1410 |                                 "Unfortunately, the cancel auction feature is not working at present. Please contact an admin to have your item removed from auction.");
      |                                 ~~~~~~~~~~~~~~~~~~~~~~~~~~~~~~~~~~~~~~~~~~~~~~~~~~~~~~~~~~~~~~~~~~~~~~~~~~~~~~~~~~~~~~~~~~~~~~~~~~~~~~~~~~~~~~~~~~~~~~~~~~~~~~~~~~~~~~~
auctions.cpp:1399:42: warning: ‘%s’ directive writing 38 bytes into a region of size between 0 and 49151 [-Wformat-overflow=]
 1399 |                         sprintf(buf, "%s %s", buf2, WHICH_AUCTIONP);
      |                                          ^~
auctions.cpp:1399:32: note: ‘sprintf’ output between 40 and 49191 bytes into a destination of size 49152
 1399 |                         sprintf(buf, "%s %s", buf2, WHICH_AUCTIONP);
      |                         ~~~~~~~^~~~~~~~~~~~~~~~~~~~~~~~~~~~~~~~~~~~
auctions.cpp:1387:50: warning: ‘%s’ directive writing 53 bytes into a region of size between 0 and 49151 [-Wformat-overflow=]
 1387 |                                 sprintf(buf, "%s %s", buf2, HOW_MUCH);
      |                                                  ^~
auctions.cpp:1387:40: note: ‘sprintf’ output between 55 and 49206 bytes into a destination of size 49152
 1387 |                                 sprintf(buf, "%s %s", buf2, HOW_MUCH);
      |                                 ~~~~~~~^~~~~~~~~~~~~~~~~~~~~~~~~~~~~~
auctions.cpp:1375:42: warning: ‘%s’ directive writing 45 bytes into a region of size between 0 and 49151 [-Wformat-overflow=]
 1375 |                         sprintf(buf, "%s %s", buf2, WHICH_AUCTION);
      |                                          ^~
auctions.cpp:1375:32: note: ‘sprintf’ output between 47 and 49198 bytes into a destination of size 49152
 1375 |                         sprintf(buf, "%s %s", buf2, WHICH_AUCTION);
      |                         ~~~~~~~^~~~~~~~~~~~~~~~~~~~~~~~~~~~~~~~~~~
auctions.cpp:1316:42: warning: ‘%s’ directive writing 63 bytes into a region of size between 0 and 49151 [-Wformat-overflow=]
 1316 |                         sprintf(buf, "%s %s", buf2, ILLEGAL_ITEM);
      |                                          ^~
auctions.cpp:1316:32: note: ‘sprintf’ output between 65 and 49216 bytes into a destination of size 49152
 1316 |                         sprintf(buf, "%s %s", buf2, ILLEGAL_ITEM);
      |                         ~~~~~~~^~~~~~~~~~~~~~~~~~~~~~~~~~~~~~~~~~
auctions.cpp:1351:50: warning: ‘%s’ directive writing 56 bytes into a region of size between 0 and 49151 [-Wformat-overflow=]
 1351 |                                 sprintf(buf, "%s %s", buf2, NO_LENGTH);
      |                                                  ^~
auctions.cpp:1351:40: note: ‘sprintf’ output between 58 and 49209 bytes into a destination of size 49152
 1351 |                                 sprintf(buf, "%s %s", buf2, NO_LENGTH);
      |                                 ~~~~~~~^~~~~~~~~~~~~~~~~~~~~~~~~~~~~~~
auctions.cpp:1338:42: warning: ‘%s’ directive writing 129 bytes into a region of size between 0 and 49151 [-Wformat-overflow=]
 1338 |                         sprintf(buf, "%s %s", buf2, NO_LENGTH_BO);
      |                                          ^~
auctions.cpp:1338:32: note: ‘sprintf’ output between 131 and 49282 bytes into a destination of size 49152
 1338 |                         sprintf(buf, "%s %s", buf2, NO_LENGTH_BO);
      |                         ~~~~~~~^~~~~~~~~~~~~~~~~~~~~~~~~~~~~~~~~~
auctions.cpp:1329:42: warning: ‘%s’ directive writing 69 bytes into a region of size between 0 and 49151 [-Wformat-overflow=]
 1329 |                         sprintf(buf, "%s %s", buf2, NO_MIN_BID);
      |                                          ^~
auctions.cpp:1329:32: note: ‘sprintf’ output between 71 and 49222 bytes into a destination of size 49152
 1329 |                         sprintf(buf, "%s %s", buf2, NO_MIN_BID);
      |                         ~~~~~~~^~~~~~~~~~~~~~~~~~~~~~~~~~~~~~~~
auctions.cpp:1322:42: warning: ‘%s’ directive writing 65 bytes into a region of size between 0 and 49151 [-Wformat-overflow=]
 1322 |                         sprintf(buf, "%s %s", buf2, NOT_EMPTY);
      |                                          ^~
auctions.cpp:1322:32: note: ‘sprintf’ output between 67 and 49218 bytes into a destination of size 49152
 1322 |                         sprintf(buf, "%s %s", buf2, NOT_EMPTY);
      |                         ~~~~~~~^~~~~~~~~~~~~~~~~~~~~~~~~~~~~~~
auctions.cpp:1309:42: warning: ‘%s’ directive writing 77 bytes into a region of size between 0 and 49151 [-Wformat-overflow=]
 1309 |                         sprintf(buf, "%s %s", buf2, NO_SUCH_ITEM);
      |                                          ^~
auctions.cpp:1309:32: note: ‘sprintf’ output between 79 and 49230 bytes into a destination of size 49152
 1309 |                         sprintf(buf, "%s %s", buf2, NO_SUCH_ITEM);
      |                         ~~~~~~~^~~~~~~~~~~~~~~~~~~~~~~~~~~~~~~~~~
auctions.cpp:1302:42: warning: ‘%s’ directive writing 46 bytes into a region of size between 0 and 49151 [-Wformat-overflow=]
 1302 |                         sprintf(buf, "%s %s", buf2, AUCTION_WHAT);
      |                                          ^~
auctions.cpp:1302:32: note: ‘sprintf’ output between 48 and 49199 bytes into a destination of size 49152
 1302 |                         sprintf(buf, "%s %s", buf2, AUCTION_WHAT);
      |                         ~~~~~~~^~~~~~~~~~~~~~~~~~~~~~~~~~~~~~~~~~
g++ -Wno-write-strings  -c -march=native  -ggdb -DLINUX -Wall -fpermissive -std=gnu++98 comm.cpp 
g++ -Wno-write-strings  -c -march=native  -ggdb -DLINUX -Wall -fpermissive -std=gnu++98 commands.cpp 
comm.cpp:327:13: warning: sigmask is deprecated
  327 |     mask = sigmask (SIGINT) |
      |             ^~~~~~~~~~~~~~~~~      
comm.cpp:328:13: warning: sigmask is deprecated
  328 |            sigmask (SIGPIPE) | sigmask (SIGALRM) | sigmask (SIGTERM) |
      |             ^~~~~~~~~~~~~~~~~~~~~~~
comm.cpp:328:13: warning: sigmask is deprecated
comm.cpp:328:13: warning: sigmask is deprecated
comm.cpp:329:13: warning: sigmask is deprecated
  329 |            sigmask (SIGURG) | sigmask (SIGXCPU) | sigmask (SIGHUP);
      |             ^~~~~~~~~~~~~~~~~~~~~~~
comm.cpp:329:13: warning: sigmask is deprecated
comm.cpp:329:13: warning: sigmask is deprecated
comm.cpp: In function ‘int game_loop(int)’:
comm.cpp:729:44: warning: ‘*’ in boolean context, suggest ‘&&’ instead [-Wint-in-bool-context]
  729 |         if (!((pulse + 5) % PULSE_AUTOSAVE * 1))
      |              ~~~~~~~~~~~~~~~~~~~~~~~~~~~~~~^~~~
comm.cpp:734:44: warning: ‘*’ in boolean context, suggest ‘&&’ instead [-Wint-in-bool-context]
  734 |         if (!((pulse + 5) % PULSE_AUTOSAVE * 12) && engine.in_play_mode ())
      |              ~~~~~~~~~~~~~~~~~~~~~~~~~~~~~~^~~~~
comm.cpp:739:44: warning: ‘*’ in boolean context, suggest ‘&&’ instead [-Wint-in-bool-context]
  739 |         if (!((pulse + 5) % PULSE_AUTOSAVE * 13))
      |              ~~~~~~~~~~~~~~~~~~~~~~~~~~~~~~^~~~~
comm.cpp:743:44: warning: ‘*’ in boolean context, suggest ‘&&’ instead [-Wint-in-bool-context]
  743 |         if (!((pulse + 5) % PULSE_AUTOSAVE * 14))
      |              ~~~~~~~~~~~~~~~~~~~~~~~~~~~~~~^~~~~
comm.cpp:747:44: warning: ‘*’ in boolean context, suggest ‘&&’ instead [-Wint-in-bool-context]
  747 |         if (!((pulse + 5) % PULSE_AUTOSAVE * 15))
      |              ~~~~~~~~~~~~~~~~~~~~~~~~~~~~~~^~~~~
comm.cpp: In function ‘void handle_sec_input(int)’:
comm.cpp:912:18: warning: format not a string literal and no format arguments [-Wformat-security]
  912 |     fprintf (fp, buf);
      |                  ^~~
commands.cpp: In function ‘void show_to_watchers(CHAR_DATA*, char*)’:
commands.cpp:718:38: warning: cast to pointer from integer of different size [-Wint-to-pointer-cast]
  718 |                 if (!is_he_somewhere((CHAR_DATA *) af->a.spell.t))
      |                                      ^~~~~~~~~~~~~~~~~~~~~~~~~~~
commands.cpp:722:31: warning: cast to pointer from integer of different size [-Wint-to-pointer-cast]
  722 |                         tch = (CHAR_DATA *) af->a.spell.t;
      |                               ^~~~~~~~~~~~~~~~~~~~~~~~~~~
commands.cpp:730:38: warning: cast to pointer from integer of different size [-Wint-to-pointer-cast]
  730 |                 if (!is_he_somewhere((CHAR_DATA *) af->a.spell.t))
      |                                      ^~~~~~~~~~~~~~~~~~~~~~~~~~~
commands.cpp:734:31: warning: cast to pointer from integer of different size [-Wint-to-pointer-cast]
  734 |                         tch = (CHAR_DATA *) af->a.spell.t;
      |                               ^~~~~~~~~~~~~~~~~~~~~~~~~~~
commands.cpp:742:38: warning: cast to pointer from integer of different size [-Wint-to-pointer-cast]
  742 |                 if (!is_he_somewhere((CHAR_DATA *) af->a.spell.t))
      |                                      ^~~~~~~~~~~~~~~~~~~~~~~~~~~
commands.cpp:746:31: warning: cast to pointer from integer of different size [-Wint-to-pointer-cast]
  746 |                         tch = (CHAR_DATA *) af->a.spell.t;
      |                               ^~~~~~~~~~~~~~~~~~~~~~~~~~~
In file included from account.h:34,
                 from comm.cpp:30:
comm.cpp: In function ‘void copyover_recovery()’:
utils.h:31:25: warning: operation on ‘* d->descriptor_data::character->char_data::tname’ may be undefined [-Wsequence-point]
   31 | #define CAP(st)  (*(st) = toupper(*(st)), st)
      |                   ~~~~~~^~~~~~~~~~~~~~~~
comm.cpp:2897:22: note: in expansion of macro ‘CAP’
 2897 |                      CAP (GET_NAME (d->character)));
      |                      ^~~
comm.cpp:2801:16: warning: variable ‘conn’ set but not used [-Wunused-but-set-variable]
 2801 |     int i = 0, conn, pos = 0, count = 0;
      |                ^~~~
commands.cpp: In function ‘void argument_interpreter(char*, char*, char*)’:
commands.cpp:1382:22: warning: variable ‘found’ set but not used [-Wunused-but-set-variable]
 1382 |         int look_at, found, begin;
      |                      ^~~~~
commands.cpp: In function ‘int is_number2(const char*, int)’:
commands.cpp:1443:16: warning: deleting ‘void*’ is undefined [-Wdelete-incomplete]
 1443 |         delete ss;
      |                ^~
comm.cpp: In function ‘char* one_word(char*, char*)’:
comm.cpp:3419:9: warning: variable ‘found’ set but not used [-Wunused-but-set-variable]
 3419 |     int found, begin, look_at;
      |         ^~~~~
g++ -Wno-write-strings  -c -march=native  -ggdb -DLINUX -Wall -fpermissive -std=gnu++98 commerce.cpp 
g++ -Wno-write-strings  -c -march=native  -ggdb -DLINUX -Wall -fpermissive -std=gnu++98 constants.cpp 
g++ -Wno-write-strings  -c -march=native  -ggdb -DLINUX -Wall -fpermissive -std=gnu++98 control.cpp 
commerce.cpp: In function ‘void do_classify(CHAR_DATA*, char*, int)’:
commerce.cpp:440:38: warning: ‘sprintf’ may write a terminating nul past the end of the destination [-Wformat-overflow=]
  440 |                 sprintf (buf2, "%s %s", obj->name, buf);
      |                                      ^
commerce.cpp:440:25: note: ‘sprintf’ output 2 or more bytes (assuming 49153) into a destination of size 49152
  440 |                 sprintf (buf2, "%s %s", obj->name, buf);
      |                 ~~~~~~~~^~~~~~~~~~~~~~~~~~~~~~~~~~~~~~~
commerce.cpp:388:62: warning: ‘sprintf’ may write a terminating nul past the end of the destination [-Wformat-overflow=]
  388 |                                         sprintf (buf3, "%s %s", obj->name, buf2);
      |                                                              ^
commerce.cpp:388:49: note: ‘sprintf’ output 2 or more bytes (assuming 49153) into a destination of size 49152
  388 |                                         sprintf (buf3, "%s %s", obj->name, buf2);
      |                                         ~~~~~~~~^~~~~~~~~~~~~~~~~~~~~~~~~~~~~~~~
commerce.cpp: In function ‘void do_preview(CHAR_DATA*, char*, int)’:
commerce.cpp:2521:35: warning: ‘%s’ directive writing 78 bytes into a region of size between 0 and 49151 [-Wformat-overflow=]
 2521 |                 sprintf (buf, "%s %s", buf2, NO_SUCH_ITEM1);
      |                                   ^~
commerce.cpp:2521:25: note: ‘sprintf’ output between 80 and 49231 bytes into a destination of size 49152
 2521 |                 sprintf (buf, "%s %s", buf2, NO_SUCH_ITEM1);
      |                 ~~~~~~~~^~~~~~~~~~~~~~~~~~~~~~~~~~~~~~~~~~~
commerce.cpp:2509:43: warning: ‘%s’ directive writing 78 bytes into a region of size between 0 and 49151 [-Wformat-overflow=]
 2509 |                         sprintf (buf, "%s %s", buf2, NO_SUCH_ITEM1);
      |                                           ^~
commerce.cpp:2509:33: note: ‘sprintf’ output between 80 and 49231 bytes into a destination of size 49152
 2509 |                         sprintf (buf, "%s %s", buf2, NO_SUCH_ITEM1);
      |                         ~~~~~~~~^~~~~~~~~~~~~~~~~~~~~~~~~~~~~~~~~~~
commerce.cpp:2531:87: warning: ‘%s’ directive writing up to 49151 bytes into a region of size 49097 [-Wformat-overflow=]
 2531 |                 sprintf(buf3, "To see a sample description of this object, type #6buy %s var#0.\n", buf);
      |                                                                                       ^~            ~~~
commerce.cpp:2531:24: note: ‘sprintf’ output between 64 and 49215 bytes into a destination of size 49152
 2531 |                 sprintf(buf3, "To see a sample description of this object, type #6buy %s var#0.\n", buf);
      |                 ~~~~~~~^~~~~~~~~~~~~~~~~~~~~~~~~~~~~~~~~~~~~~~~~~~~~~~~~~~~~~~~~~~~~~~~~~~~~~~~~~~~~~~~~
commerce.cpp: In function ‘void unstable(CHAR_DATA*, OBJ_DATA*, CHAR_DATA*)’:
commerce.cpp:5374:37: warning: ‘%s’ directive writing up to 49151 bytes into a region of size 49147 [-Wformat-overflow=]
 5374 |                 sprintf (buf, "tell %s Yeah, that's my ticket, but I don't have "
      |                                     ^~
 5375 |                         "anyting in that stall.", buf2);
      |                                                   ~~~~
commerce.cpp:5374:25: note: ‘sprintf’ output between 70 and 49221 bytes into a destination of size 49152
 5374 |                 sprintf (buf, "tell %s Yeah, that's my ticket, but I don't have "
      |                 ~~~~~~~~^~~~~~~~~~~~~~~~~~~~~~~~~~~~~~~~~~~~~~~~~~~~~~~~~~~~~~~~~
 5375 |                         "anyting in that stall.", buf2);
      |                         ~~~~~~~~~~~~~~~~~~~~~~~~~~~~~~~
commerce.cpp:5364:37: warning: ‘%s’ directive writing up to 49151 bytes into a region of size 49147 [-Wformat-overflow=]
 5364 |                 sprintf (buf, "tell %s Sorry, that's not one of my tickets.", buf2);
      |                                     ^~                                        ~~~~
commerce.cpp:5364:25: note: ‘sprintf’ output between 43 and 49194 bytes into a destination of size 49152
 5364 |                 sprintf (buf, "tell %s Sorry, that's not one of my tickets.", buf2);
      |                 ~~~~~~~~^~~~~~~~~~~~~~~~~~~~~~~~~~~~~~~~~~~~~~~~~~~~~~~~~~~~~~~~~~~
commerce.cpp: In function ‘void do_stable(CHAR_DATA*, char*, int)’:
commerce.cpp:5215:37: warning: ‘%s’ directive writing up to 49151 bytes into a region of size 49147 [-Wformat-overflow=]
 5215 |                 sprintf (buf, "tell %s Have #5%s#0 dismount your hitch first.",
      |                                     ^~
 5216 |                         buf2, char_short (ch->hitchee->mount));
      |                         ~~~~         
commerce.cpp:5215:25: note: ‘sprintf’ output 43 or more bytes (assuming 49194) into a destination of size 49152
 5215 |                 sprintf (buf, "tell %s Have #5%s#0 dismount your hitch first.",
      |                 ~~~~~~~~^~~~~~~~~~~~~~~~~~~~~~~~~~~~~~~~~~~~~~~~~~~~~~~~~~~~~~~
 5216 |                         buf2, char_short (ch->hitchee->mount));
      |                         ~~~~~~~~~~~~~~~~~~~~~~~~~~~~~~~~~~~~~~
commerce.cpp:5242:34: warning: ‘ You seem to be a bit short ...’ directive writing 47 bytes into a region of size between 1 and 49152 [-Wformat-overflow=]
 5242 |                 sprintf (buf, "%s You seem to be a bit short on coins right now.", buf2);
      |                                  ^~~~~~~~~~~~~~~~~~~~~~~~~~~~~~~~~~~~~~~~~~~~~~~
commerce.cpp:5242:25: note: ‘sprintf’ output between 48 and 49199 bytes into a destination of size 49152
 5242 |                 sprintf (buf, "%s You seem to be a bit short on coins right now.", buf2);
      |                 ~~~~~~~~^~~~~~~~~~~~~~~~~~~~~~~~~~~~~~~~~~~~~~~~~~~~~~~~~~~~~~~~~~~~~~~~
commerce.cpp: In function ‘void do_value(CHAR_DATA*, char*, int)’:
commerce.cpp:4709:34: warning: ‘ No, I wouldn't even think o...’ directive writing 42 bytes into a region of size between 1 and 49152 [-Wformat-overflow=]
 4709 |                 sprintf (buf, "%s No, I wouldn't even think of buying that.", buf2);
      |                                  ^~~~~~~~~~~~~~~~~~~~~~~~~~~~~~~~~~~~~~~~~~
commerce.cpp:4709:25: note: ‘sprintf’ output between 43 and 49194 bytes into a destination of size 49152
 4709 |                 sprintf (buf, "%s No, I wouldn't even think of buying that.", buf2);
      |                 ~~~~~~~~^~~~~~~~~~~~~~~~~~~~~~~~~~~~~~~~~~~~~~~~~~~~~~~~~~~~~~~~~~~
commerce.cpp:4744:34: warning: ‘ I'd buy ’ directive writing 9 bytes into a region of size between 1 and 49152 [-Wformat-overflow=]
 4744 |                 sprintf (buf, "%s I'd buy %s for... %s.", buf2,
      |                                  ^~~~~~~~~
commerce.cpp:4744:25: note: ‘sprintf’ output 23 or more bytes (assuming 98325) into a destination of size 49152
 4744 |                 sprintf (buf, "%s I'd buy %s for... %s.", buf2,
      |                 ~~~~~~~~^~~~~~~~~~~~~~~~~~~~~~~~~~~~~~~~~~~~~~~
 4745 |                 obj->count > 1 ? "those" : "that", buf3);
      |                 ~~~~~~~~~~~~~~~~~~~~~~~~~~~~~~~~~~~~~~~~
commerce.cpp:4740:42: warning: ‘ I'm afraid that isn't even ...’ directive writing 44 bytes into a region of size between 1 and 49152 [-Wformat-overflow=]
 4740 |                         sprintf (buf, "%s I'm afraid that isn't even worth my time...", buf2);
      |                                          ^~~~~~~~~~~~~~~~~~~~~~~~~~~~~~~~~~~~~~~~~~~~
commerce.cpp:4740:33: note: ‘sprintf’ output between 45 and 49196 bytes into a destination of size 49152
 4740 |                         sprintf (buf, "%s I'm afraid that isn't even worth my time...", buf2);
      |                         ~~~~~~~~^~~~~~~~~~~~~~~~~~~~~~~~~~~~~~~~~~~~~~~~~~~~~~~~~~~~~~~~~~~~~
commerce.cpp:4736:42: warning: ‘ I do not deal in those sort...’ directive writing 42 bytes into a region of size between 1 and 49152 [-Wformat-overflow=]
 4736 |                         sprintf (buf, "%s I do not deal in those sort of resources.", buf2);
      |                                          ^~~~~~~~~~~~~~~~~~~~~~~~~~~~~~~~~~~~~~~~~~
commerce.cpp:4736:33: note: ‘sprintf’ output between 43 and 49194 bytes into a destination of size 49152
 4736 |                         sprintf (buf, "%s I do not deal in those sort of resources.", buf2);
      |                         ~~~~~~~~^~~~~~~~~~~~~~~~~~~~~~~~~~~~~~~~~~~~~~~~~~~~~~~~~~~~~~~~~~~
commerce.cpp:4701:35: warning: ‘%s’ directive writing 46 bytes into a region of size between 0 and 49151 [-Wformat-overflow=]
 4701 |                 sprintf (buf, "%s %s", buf2, DO_NOT_BUY);
      |                                   ^~
commerce.cpp:4701:25: note: ‘sprintf’ output between 48 and 49199 bytes into a destination of size 49152
 4701 |                 sprintf (buf, "%s %s", buf2, DO_NOT_BUY);
      |                 ~~~~~~~~^~~~~~~~~~~~~~~~~~~~~~~~~~~~~~~~
commerce.cpp:4693:35: warning: ‘%s’ directive writing 59 bytes into a region of size between 0 and 49151 [-Wformat-overflow=]
 4693 |                 sprintf (buf, "%s %s", buf2, NO_SUCH_ITEM2);
      |                                   ^~
commerce.cpp:4693:25: note: ‘sprintf’ output between 61 and 49212 bytes into a destination of size 49152
 4693 |                 sprintf (buf, "%s %s", buf2, NO_SUCH_ITEM2);
      |                 ~~~~~~~~^~~~~~~~~~~~~~~~~~~~~~~~~~~~~~~~~~~
commerce.cpp: In function ‘void delayed_trade(CHAR_DATA*)’:
commerce.cpp:8158:106: warning: ‘%s’ directive writing up to 49151 bytes into a region of size 49070 [-Wformat-overflow=]
 8158 |                 sprintf(buf, "After a %s bout of hawking from your stall at $P, all of $p is gone. %s%s%s%sFor your troubles, you have made #2%d white, circular chip%s#0.",
      |                                                                                                          ^~
commerce.cpp:8158:24: note: ‘sprintf’ output 143 or more bytes (assuming 49294) into a destination of size 49152
 8158 |                 sprintf(buf, "After a %s bout of hawking from your stall at $P, all of $p is gone. %s%s%s%sFor your troubles, you have made #2%d white, circular chip%s#0.",
      |                 ~~~~~~~^~~~~~~~~~~~~~~~~~~~~~~~~~~~~~~~~~~~~~~~~~~~~~~~~~~~~~~~~~~~~~~~~~~~~~~~~~~~~~~~~~~~~~~~~~~~~~~~~~~~~~~~~~~~~~~~~~~~~~~~~~~~~~~~~~~~~~~~~~~~~~~~~~~~~
 8159 |                         (skill_mod >= 3 ? "fantasticaly successful" : skill_mod >= 2 ? "very successful" : skill_mod >= 1 ? "modestly successful" : skill_mod >= 0 ? "barely worthwhile" : "embarrasingly poor"),
      |                         ~~~~~~~~~~~~~~~~~~~~~~~~~~~~~~~~~~~~~~~~~~~~~~~~~~~~~~~~~~~~~~~~~~~~~~~~~~~~~~~~~~~~~~~~~~~~~~~~~~~~~~~~~~~~~~~~~~~~~~~~~~~~~~~~~~~~~~~~~~~~~~~~~~~~~~~~~~~~~~~~~~~~~~~~~~~~~~~~~~~~~~~~~
 8160 |                         (sneak_pass ? "" : "However, from the lessened business that passed by your stall, you suspect customers passed on word on your shortchanging. "),
      |                         ~~~~~~~~~~~~~~~~~~~~~~~~~~~~~~~~~~~~~~~~~~~~~~~~~~~~~~~~~~~~~~~~~~~~~~~~~~~~~~~~~~~~~~~~~~~~~~~~~~~~~~~~~~~~~~~~~~~~~~~~~~~~~~~~~~~~~~~~~~~~~~~~~~
 8161 |                         (shout_pass ? "" : "However, from the lessened business that passed by your stall, you suspect your boisterous shouting repelled and not attrachted customers. "),
      |                         ~~~~~~~~~~~~~~~~~~~~~~~~~~~~~~~~~~~~~~~~~~~~~~~~~~~~~~~~~~~~~~~~~~~~~~~~~~~~~~~~~~~~~~~~~~~~~~~~~~~~~~~~~~~~~~~~~~~~~~~~~~~~~~~~~~~~~~~~~~~~~~~~~~~~~~~~~~~~~~~~~~
 8162 |                         (cloth_pass ? "" : "Sadly, the foul condition of your clothing lost you a number of prospective sales. "),
      |                         ~~~~~~~~~~~~~~~~~~~~~~~~~~~~~~~~~~~~~~~~~~~~~~~~~~~~~~~~~~~~~~~~~~~~~~~~~~~~~~~~~~~~~~~~~~~~~~~~~~~~~~~~~~
 8163 |                         (thief_pass ? "" : buf2),
      |                         ~~~~~~~~~~~~~~~~~~~~~~~~~
 8164 |                         current_price, current_price > 1 ? "s" : "");
      |                         ~~~~~~~~~~~~~~~~~~~~~~~~~~~~~~~~~~~~~~~~~~~~
commerce.cpp: In function ‘void do_trade(CHAR_DATA*, char*, int)’:
commerce.cpp:7629:68: warning: ‘%s’ directive writing up to 49151 bytes into a region of size 49115 [-Wformat-overflow=]
 7629 |                 sprintf(buf, "You move to assist $N in $S trading, %s", buf2);
      |                                                                    ^~   ~~~~
commerce.cpp:7629:24: note: ‘sprintf’ output between 38 and 49189 bytes into a destination of size 49152
 7629 |                 sprintf(buf, "You move to assist $N in $S trading, %s", buf2);
      |                 ~~~~~~~^~~~~~~~~~~~~~~~~~~~~~~~~~~~~~~~~~~~~~~~~~~~~~~~~~~~~~
commerce.cpp:7631:71: warning: ‘%s’ directive writing up to 49151 bytes into a region of size 49112 [-Wformat-overflow=]
 7631 |                 sprintf(buf, "$n moves to assist you in your trading, %s", buf2);
      |                                                                       ^~   ~~~~
commerce.cpp:7631:24: note: ‘sprintf’ output between 41 and 49192 bytes into a destination of size 49152
 7631 |                 sprintf(buf, "$n moves to assist you in your trading, %s", buf2);
      |                 ~~~~~~~^~~~~~~~~~~~~~~~~~~~~~~~~~~~~~~~~~~~~~~~~~~~~~~~~~~~~~~~~
commerce.cpp:7633:68: warning: ‘%s’ directive writing up to 49151 bytes into a region of size 49115 [-Wformat-overflow=]
 7633 |                 sprintf(buf, "$n moves to assist $N in $S trading, %s", buf2);
      |                                                                    ^~   ~~~~
commerce.cpp:7633:24: note: ‘sprintf’ output between 38 and 49189 bytes into a destination of size 49152
 7633 |                 sprintf(buf, "$n moves to assist $N in $S trading, %s", buf2);
      |                 ~~~~~~~^~~~~~~~~~~~~~~~~~~~~~~~~~~~~~~~~~~~~~~~~~~~~~~~~~~~~~
commerce.cpp: In function ‘void do_order(CHAR_DATA*, char*, int)’:
commerce.cpp:1761:50: warning: ‘ Sorry, but #2’ directive writing 14 bytes into a region of size between 1 and 49152 [-Wformat-overflow=]
 1761 |                                 sprintf (buf, "%s Sorry, but #2%s#0 does not have enough uses to satisfy the demands of the order.", buf2, obj_short_desc(obj));
      |                                                  ^~~~~~~~~~~~~~
commerce.cpp:1761:41: note: ‘sprintf’ output 80 or more bytes (assuming 49231) into a destination of size 49152
 1761 |                                 sprintf (buf, "%s Sorry, but #2%s#0 does not have enough uses to satisfy the demands of the order.", buf2, obj_short_desc(obj));
      |                                 ~~~~~~~~^~~~~~~~~~~~~~~~~~~~~~~~~~~~~~~~~~~~~~~~~~~~~~~~~~~~~~~~~~~~~~~~~~~~~~~~~~~~~~~~~~~~~~~~~~~~~~~~~~~~~~~~~~~~~~~~~~~~~~~
commerce.cpp:1714:50: warning: ‘ Sorry, but #2’ directive writing 14 bytes into a region of size between 1 and 49152 [-Wformat-overflow=]
 1714 |                                 sprintf (buf, "%s Sorry, but #2%s#0 is not in good enough condition to satisfy the demands of the order.", buf2, obj_short_desc(obj));
      |                                                  ^~~~~~~~~~~~~~
commerce.cpp:1714:41: note: ‘sprintf’ output 86 or more bytes (assuming 49237) into a destination of size 49152
 1714 |                                 sprintf (buf, "%s Sorry, but #2%s#0 is not in good enough condition to satisfy the demands of the order.", buf2, obj_short_desc(obj));
      |                                 ~~~~~~~~^~~~~~~~~~~~~~~~~~~~~~~~~~~~~~~~~~~~~~~~~~~~~~~~~~~~~~~~~~~~~~~~~~~~~~~~~~~~~~~~~~~~~~~~~~~~~~~~~~~~~~~~~~~~~~~~~~~~~~~~~~~~~
commerce.cpp:1789:50: warning: ‘ Sorry, but #2’ directive writing 14 bytes into a region of size between 1 and 49152 [-Wformat-overflow=]
 1789 |                                 sprintf (buf, "%s Sorry, but #2%s#0 does not have the right variables to satisfy the demands of the order.", buf2, obj_short_desc(obj));
      |                                                  ^~~~~~~~~~~~~~
commerce.cpp:1789:41: note: ‘sprintf’ output 88 or more bytes (assuming 49239) into a destination of size 49152
 1789 |                                 sprintf (buf, "%s Sorry, but #2%s#0 does not have the right variables to satisfy the demands of the order.", buf2, obj_short_desc(obj));
      |                                 ~~~~~~~~^~~~~~~~~~~~~~~~~~~~~~~~~~~~~~~~~~~~~~~~~~~~~~~~~~~~~~~~~~~~~~~~~~~~~~~~~~~~~~~~~~~~~~~~~~~~~~~~~~~~~~~~~~~~~~~~~~~~~~~~~~~~~~~
commerce.cpp:1881:42: warning: ‘ All right, #2’ directive writing 14 bytes into a region of size between 1 and 49152 [-Wformat-overflow=]
 1881 |                         sprintf (buf, "%s All right, #2%s#0 looks like it will fill the order. I'll take it off your hands for #6%d#0 coins if you type #6ACCEPT#0.", buf2, obj_short_desc(obj), price);
      |                                          ^~~~~~~~~~~~~~
commerce.cpp:1881:33: note: ‘sprintf’ output 120 or more bytes (assuming 49271) into a destination of size 49152
 1881 |                         sprintf (buf, "%s All right, #2%s#0 looks like it will fill the order. I'll take it off your hands for #6%d#0 coins if you type #6ACCEPT#0.", buf2, obj_short_desc(obj), price);
      |                         ~~~~~~~~^~~~~~~~~~~~~~~~~~~~~~~~~~~~~~~~~~~~~~~~~~~~~~~~~~~~~~~~~~~~~~~~~~~~~~~~~~~~~~~~~~~~~~~~~~~~~~~~~~~~~~~~~~~~~~~~~~~~~~~~~~~~~~~~~~~~~~~~~~~~~~~~~~~~~~~~~~~~~~~~~~~~~~~
commerce.cpp:1805:42: warning: ‘ Good, good. Here is #6’ directive writing 23 bytes into a region of size between 1 and 49152 [-Wformat-overflow=]
 1805 |                         sprintf (buf, "%s Good, good. Here is #6%d#0 chips for your #2%s#0. I'll be holding on to it until the person who made the order comes to retrieve it.", buf2, price, obj_short_desc(obj));
      |                                          ^~~~~~~~~~~~~~~~~~~~~~~
commerce.cpp:1805:33: note: ‘sprintf’ output 131 or more bytes (assuming 49282) into a destination of size 49152
 1805 |                         sprintf (buf, "%s Good, good. Here is #6%d#0 chips for your #2%s#0. I'll be holding on to it until the person who made the order comes to retrieve it.", buf2, price, obj_short_desc(obj));
      |                         ~~~~~~~~^~~~~~~~~~~~~~~~~~~~~~~~~~~~~~~~~~~~~~~~~~~~~~~~~~~~~~~~~~~~~~~~~~~~~~~~~~~~~~~~~~~~~~~~~~~~~~~~~~~~~~~~~~~~~~~~~~~~~~~~~~~~~~~~~~~~~~~~~~~~~~~~~~~~~~~~~~~~~~~~~~~~~~~~~~~~~~~~~~
commerce.cpp:1684:42: warning: ‘ You need #6’ directive writing 12 bytes into a region of size between 1 and 49152 [-Wformat-overflow=]
 1684 |                         sprintf (buf, "%s You need #6%d#0 of those to fill this order: you only have #6%d#0.", buf2, count, obj->count);
      |                                          ^~~~~~~~~~~~
commerce.cpp:1684:39: note: directive argument in the range [-2147483647, 2147483647]
 1684 |                         sprintf (buf, "%s You need #6%d#0 of those to fill this order: you only have #6%d#0.", buf2, count, obj->count);
      |                                       ^~~~~~~~~~~~~~~~~~~~~~~~~~~~~~~~~~~~~~~~~~~~~~~~~~~~~~~~~~~~~~~~~~~~~~~
commerce.cpp:1684:33: note: ‘sprintf’ output between 66 and 49237 bytes into a destination of size 49152
 1684 |                         sprintf (buf, "%s You need #6%d#0 of those to fill this order: you only have #6%d#0.", buf2, count, obj->count);
      |                         ~~~~~~~~^~~~~~~~~~~~~~~~~~~~~~~~~~~~~~~~~~~~~~~~~~~~~~~~~~~~~~~~~~~~~~~~~~~~~~~~~~~~~~~~~~~~~~~~~~~~~~~~~~~~~~~
commerce.cpp:1672:42: warning: ‘ #2’ directive writing 3 bytes into a region of size between 1 and 49152 [-Wformat-overflow=]
 1672 |                         sprintf (buf, "%s #2%s#0 doesn't match #2%s#0!", buf2, obj_short_desc(obj), row[10]);
      |                                          ^~~
commerce.cpp:1672:33: note: ‘sprintf’ output 26 or more bytes (assuming 49177) into a destination of size 49152
 1672 |                         sprintf (buf, "%s #2%s#0 doesn't match #2%s#0!", buf2, obj_short_desc(obj), row[10]);
      |                         ~~~~~~~~^~~~~~~~~~~~~~~~~~~~~~~~~~~~~~~~~~~~~~~~~~~~~~~~~~~~~~~~~~~~~~~~~~~~~~~~~~~~
commerce.cpp:1661:42: warning: ‘ That order has already been...’ directive writing 36 bytes into a region of size between 1 and 49152 [-Wformat-overflow=]
 1661 |                         sprintf (buf, "%s That order has already been filled.", buf2);
      |                                          ^~~~~~~~~~~~~~~~~~~~~~~~~~~~~~~~~~~~
commerce.cpp:1661:33: note: ‘sprintf’ output between 37 and 49188 bytes into a destination of size 49152
 1661 |                         sprintf (buf, "%s That order has already been filled.", buf2);
      |                         ~~~~~~~~^~~~~~~~~~~~~~~~~~~~~~~~~~~~~~~~~~~~~~~~~~~~~~~~~~~~~
commerce.cpp:1649:42: warning: ‘ I don't see any order by th...’ directive writing 94 bytes into a region of size between 1 and 49152 [-Wformat-overflow=]
 1649 |                         sprintf (buf, "%s I don't see any order by that number: type #6ORDER LIST#0 to see what orders are outstanding.", buf2);
      |                                          ^~~~~~~~~~~~~~~~~~~~~~~~~~~~~~~~~~~~~~~~~~~~~~~~~~~~~~~~~~~~~~~~~~~~~~~~~~~~~~~~~~~~~~~~~~~~~~
commerce.cpp:1649:33: note: ‘sprintf’ output between 95 and 49246 bytes into a destination of size 49152
 1649 |                         sprintf (buf, "%s I don't see any order by that number: type #6ORDER LIST#0 to see what orders are outstanding.", buf2);
      |                         ~~~~~~~~^~~~~~~~~~~~~~~~~~~~~~~~~~~~~~~~~~~~~~~~~~~~~~~~~~~~~~~~~~~~~~~~~~~~~~~~~~~~~~~~~~~~~~~~~~~~~~~~~~~~~~~~~~~~~~~
commerce.cpp:1631:42: warning: ‘ I only want the object, and...’ directive writing 92 bytes into a region of size between 1 and 49152 [-Wformat-overflow=]
 1631 |                         sprintf (buf, "%s I only want the object, and nothing inside of it - I'm not getting paid to hold that stuff.", buf2);
      |                                          ^~~~~~~~~~~~~~~~~~~~~~~~~~~~~~~~~~~~~~~~~~~~~~~~~~~~~~~~~~~~~~~~~~~~~~~~~~~~~~~~~~~~~~~~~~~~
commerce.cpp:1631:33: note: ‘sprintf’ output between 93 and 49244 bytes into a destination of size 49152
 1631 |                         sprintf (buf, "%s I only want the object, and nothing inside of it - I'm not getting paid to hold that stuff.", buf2);
      |                         ~~~~~~~~^~~~~~~~~~~~~~~~~~~~~~~~~~~~~~~~~~~~~~~~~~~~~~~~~~~~~~~~~~~~~~~~~~~~~~~~~~~~~~~~~~~~~~~~~~~~~~~~~~~~~~~~~~~~~
commerce.cpp:1623:42: warning: ‘ You tell me what you are us...’ directive writing 78 bytes into a region of size between 1 and 49152 [-Wformat-overflow=]
 1623 |                         sprintf (buf, "%s You tell me what you are using to fill this order, and have it in your hands!", buf2);
      |                                          ^~~~~~~~~~~~~~~~~~~~~~~~~~~~~~~~~~~~~~~~~~~~~~~~~~~~~~~~~~~~~~~~~~~~~~~~~~~~~~
commerce.cpp:1623:33: note: ‘sprintf’ output between 79 and 49230 bytes into a destination of size 49152
 1623 |                         sprintf (buf, "%s You tell me what you are using to fill this order, and have it in your hands!", buf2);
      |                         ~~~~~~~~^~~~~~~~~~~~~~~~~~~~~~~~~~~~~~~~~~~~~~~~~~~~~~~~~~~~~~~~~~~~~~~~~~~~~~~~~~~~~~~~~~~~~~~~~~~~~~~
commerce.cpp:1614:42: warning: ‘ You tell me what you are us...’ directive writing 78 bytes into a region of size between 1 and 49152 [-Wformat-overflow=]
 1614 |                         sprintf (buf, "%s You tell me what you are using to fill this order, and have it in your hands!", buf2);
      |                                          ^~~~~~~~~~~~~~~~~~~~~~~~~~~~~~~~~~~~~~~~~~~~~~~~~~~~~~~~~~~~~~~~~~~~~~~~~~~~~~
commerce.cpp:1614:33: note: ‘sprintf’ output between 79 and 49230 bytes into a destination of size 49152
 1614 |                         sprintf (buf, "%s You tell me what you are using to fill this order, and have it in your hands!", buf2);
      |                         ~~~~~~~~^~~~~~~~~~~~~~~~~~~~~~~~~~~~~~~~~~~~~~~~~~~~~~~~~~~~~~~~~~~~~~~~~~~~~~~~~~~~~~~~~~~~~~~~~~~~~~~
commerce.cpp:1603:42: warning: ‘ I don't see any order by th...’ directive writing 94 bytes into a region of size between 1 and 49152 [-Wformat-overflow=]
 1603 |                         sprintf (buf, "%s I don't see any order by that number: type #6ORDER LIST#0 to see what orders are outstanding.", buf2);
      |                                          ^~~~~~~~~~~~~~~~~~~~~~~~~~~~~~~~~~~~~~~~~~~~~~~~~~~~~~~~~~~~~~~~~~~~~~~~~~~~~~~~~~~~~~~~~~~~~~
commerce.cpp:1603:33: note: ‘sprintf’ output between 95 and 49246 bytes into a destination of size 49152
 1603 |                         sprintf (buf, "%s I don't see any order by that number: type #6ORDER LIST#0 to see what orders are outstanding.", buf2);
      |                         ~~~~~~~~^~~~~~~~~~~~~~~~~~~~~~~~~~~~~~~~~~~~~~~~~~~~~~~~~~~~~~~~~~~~~~~~~~~~~~~~~~~~~~~~~~~~~~~~~~~~~~~~~~~~~~~~~~~~~~~
commerce.cpp:1477:42: warning: ‘ I don't see any order by th...’ directive writing 94 bytes into a region of size between 1 and 49152 [-Wformat-overflow=]
 1477 |                         sprintf (buf, "%s I don't see any order by that number: type #6ORDER LIST#0 to see what orders are outstanding.", buf2);
      |                                          ^~~~~~~~~~~~~~~~~~~~~~~~~~~~~~~~~~~~~~~~~~~~~~~~~~~~~~~~~~~~~~~~~~~~~~~~~~~~~~~~~~~~~~~~~~~~~~
commerce.cpp:1477:33: note: ‘sprintf’ output between 95 and 49246 bytes into a destination of size 49152
 1477 |                         sprintf (buf, "%s I don't see any order by that number: type #6ORDER LIST#0 to see what orders are outstanding.", buf2);
      |                         ~~~~~~~~^~~~~~~~~~~~~~~~~~~~~~~~~~~~~~~~~~~~~~~~~~~~~~~~~~~~~~~~~~~~~~~~~~~~~~~~~~~~~~~~~~~~~~~~~~~~~~~~~~~~~~~~~~~~~~~
commerce.cpp:1458:42: warning: ‘ I don't see any order by th...’ directive writing 94 bytes into a region of size between 1 and 49152 [-Wformat-overflow=]
 1458 |                         sprintf (buf, "%s I don't see any order by that number: type #6ORDER LIST#0 to see what orders are outstanding.", buf2);
      |                                          ^~~~~~~~~~~~~~~~~~~~~~~~~~~~~~~~~~~~~~~~~~~~~~~~~~~~~~~~~~~~~~~~~~~~~~~~~~~~~~~~~~~~~~~~~~~~~~
commerce.cpp:1458:33: note: ‘sprintf’ output between 95 and 49246 bytes into a destination of size 49152
 1458 |                         sprintf (buf, "%s I don't see any order by that number: type #6ORDER LIST#0 to see what orders are outstanding.", buf2);
      |                         ~~~~~~~~^~~~~~~~~~~~~~~~~~~~~~~~~~~~~~~~~~~~~~~~~~~~~~~~~~~~~~~~~~~~~~~~~~~~~~~~~~~~~~~~~~~~~~~~~~~~~~~~~~~~~~~~~~~~~~~
commerce.cpp:1021:49: warning: ‘ You can only order between ...’ directive writing 58 bytes into a region of size between 1 and 49152 [-Wformat-overflow=]
 1021 |                                 sprintf(buf, "%s You can only order between one and fifty items at a time.", buf2);
      |                                                 ^~~~~~~~~~~~~~~~~~~~~~~~~~~~~~~~~~~~~~~~~~~~~~~~~~~~~~~~~~
commerce.cpp:1021:40: note: ‘sprintf’ output between 59 and 49210 bytes into a destination of size 49152
 1021 |                                 sprintf(buf, "%s You can only order between one and fifty items at a time.", buf2);
      |                                 ~~~~~~~^~~~~~~~~~~~~~~~~~~~~~~~~~~~~~~~~~~~~~~~~~~~~~~~~~~~~~~~~~~~~~~~~~~~~~~~~~~
commerce.cpp:1286:41: warning: ‘ In addition to the #6’ directive writing 22 bytes into a region of size between 1 and 49152 [-Wformat-overflow=]
 1286 |                         sprintf(buf, "%s In addition to the #6%d#0 chips you will need to place here as surety for the order, it will cost for #6%d#0 chips to make it worth my time. To pay the total of #6%d#0 chips, and place your order, type #6ACCEPT#0.\n", buf2, price, fee, price + fee);
      |                                         ^~~~~~~~~~~~~~~~~~~~~~
commerce.cpp:1286:38: note: directive argument in the range [1, 2147483647]
 1286 |                         sprintf(buf, "%s In addition to the #6%d#0 chips you will need to place here as surety for the order, it will cost for #6%d#0 chips to make it worth my time. To pay the total of #6%d#0 chips, and place your order, type #6ACCEPT#0.\n", buf2, price, fee, price + fee);
      |                                      ^~~~~~~~~~~~~~~~~~~~~~~~~~~~~~~~~~~~~~~~~~~~~~~~~~~~~~~~~~~~~~~~~~~~~~~~~~~~~~~~~~~~~~~~~~~~~~~~~~~~~~~~~~~~~~~~~~~~~~~~~~~~~~~~~~~~~~~~~~~~~~~~~~~~~~~~~~~~~~~~~~~~~~~~~~~~~~~~~~~~~~~~~~~~~~~~~~~~~~~~~~~~~~~~~~~~~~~~~~~~
commerce.cpp:1286:38: note: directive argument in the range [0, 42949673]
commerce.cpp:1286:38: note: directive argument in the range [1, 2147483647]
commerce.cpp:1286:32: note: ‘sprintf’ output between 213 and 49389 bytes into a destination of size 49152
 1286 |                         sprintf(buf, "%s In addition to the #6%d#0 chips you will need to place here as surety for the order, it will cost for #6%d#0 chips to make it worth my time. To pay the total of #6%d#0 chips, and place your order, type #6ACCEPT#0.\n", buf2, price, fee, price + fee);
      |                         ~~~~~~~^~~~~~~~~~~~~~~~~~~~~~~~~~~~~~~~~~~~~~~~~~~~~~~~~~~~~~~~~~~~~~~~~~~~~~~~~~~~~~~~~~~~~~~~~~~~~~~~~~~~~~~~~~~~~~~~~~~~~~~~~~~~~~~~~~~~~~~~~~~~~~~~~~~~~~~~~~~~~~~~~~~~~~~~~~~~~~~~~~~~~~~~~~~~~~~~~~~~~~~~~~~~~~~~~~~~~~~~~~~~~~~~~~~~~~~~~~~~~~~~~~~~~~~~~~~~~~~~~~
commerce.cpp:1231:41: warning: ‘ I will now pay #6’ directive writing 18 bytes into a region of size between 1 and 49152 [-Wformat-overflow=]
 1231 |                         sprintf(buf, "%s I will now pay #6%d#0 chips to the first person who can fill your order. In addition, I have taken #6%d#0 coins for my services. I will let you know when your order has been fulfilled - you will then be able to #6ORDER RETRIEVE#0 to receive your item. If no one fills your order in One Lunar Day, I will remove your order, allow you to retrieve your money, but keep my fee.\n", buf2, price, fee);
      |                                         ^~~~~~~~~~~~~~~~~~
commerce.cpp:1231:38: note: directive argument in the range [1, 2147483647]
 1231 |                         sprintf(buf, "%s I will now pay #6%d#0 chips to the first person who can fill your order. In addition, I have taken #6%d#0 coins for my services. I will let you know when your order has been fulfilled - you will then be able to #6ORDER RETRIEVE#0 to receive your item. If no one fills your order in One Lunar Day, I will remove your order, allow you to retrieve your money, but keep my fee.\n", buf2, price, fee);
      |                                      ^~~~~~~~~~~~~~~~~~~~~~~~~~~~~~~~~~~~~~~~~~~~~~~~~~~~~~~~~~~~~~~~~~~~~~~~~~~~~~~~~~~~~~~~~~~~~~~~~~~~~~~~~~~~~~~~~~~~~~~~~~~~~~~~~~~~~~~~~~~~~~~~~~~~~~~~~~~~~~~~~~~~~~~~~~~~~~~~~~~~~~~~~~~~~~~~~~~~~~~~~~~~~~~~~~~~~~~~~~~~~~~~~~~~~~~~~~~~~~~~~~~~~~~~~~~~~~~~~~~~~~~~~~~~~~~~~~~~~~~~~~~~~~~~~~~~~~~~~~~~~~~~~~~~~~~~~~~~~~~~~~~~~~~~~~~~~~~~~~~~~~~~~~~~~~~~~~~~~~~~~~~~~~~~~~~~~~~~~~~~
commerce.cpp:1231:38: note: directive argument in the range [0, 42949673]
commerce.cpp:1231:32: note: ‘sprintf’ output between 374 and 49541 bytes into a destination of size 49152
 1231 |                         sprintf(buf, "%s I will now pay #6%d#0 chips to the first person who can fill your order. In addition, I have taken #6%d#0 coins for my services. I will let you know when your order has been fulfilled - you will then be able to #6ORDER RETRIEVE#0 to receive your item. If no one fills your order in One Lunar Day, I will remove your order, allow you to retrieve your money, but keep my fee.\n", buf2, price, fee);
      |                         ~~~~~~~^~~~~~~~~~~~~~~~~~~~~~~~~~~~~~~~~~~~~~~~~~~~~~~~~~~~~~~~~~~~~~~~~~~~~~~~~~~~~~~~~~~~~~~~~~~~~~~~~~~~~~~~~~~~~~~~~~~~~~~~~~~~~~~~~~~~~~~~~~~~~~~~~~~~~~~~~~~~~~~~~~~~~~~~~~~~~~~~~~~~~~~~~~~~~~~~~~~~~~~~~~~~~~~~~~~~~~~~~~~~~~~~~~~~~~~~~~~~~~~~~~~~~~~~~~~~~~~~~~~~~~~~~~~~~~~~~~~~~~~~~~~~~~~~~~~~~~~~~~~~~~~~~~~~~~~~~~~~~~~~~~~~~~~~~~~~~~~~~~~~~~~~~~~~~~~~~~~~~~~~~~~~~~~~~~~~~~~~~~~~~~~~~~~~~~~~~~~~~~~~~~~~~
commerce.cpp:1225:50: warning: ‘ You don't seem to have enou...’ directive writing 61 bytes into a region of size between 1 and 49152 [-Wformat-overflow=]
 1225 |                                 sprintf (buf, "%s You don't seem to have enough coins to place for that order.", buf2);
      |                                                  ^~~~~~~~~~~~~~~~~~~~~~~~~~~~~~~~~~~~~~~~~~~~~~~~~~~~~~~~~~~~~
commerce.cpp:1225:41: note: ‘sprintf’ output between 62 and 49213 bytes into a destination of size 49152
 1225 |                                 sprintf (buf, "%s You don't seem to have enough coins to place for that order.", buf2);
      |                                 ~~~~~~~~^~~~~~~~~~~~~~~~~~~~~~~~~~~~~~~~~~~~~~~~~~~~~~~~~~~~~~~~~~~~~~~~~~~~~~~~~~~~~~
commerce.cpp:1084:41: warning: ‘ You need to nominate a pric...’ directive writing 77 bytes into a region of size between 1 and 49152 [-Wformat-overflow=]
 1084 |                         sprintf(buf, "%s You need to nominate a price in coins you are willing to pay for this order.", buf2);
      |                                         ^~~~~~~~~~~~~~~~~~~~~~~~~~~~~~~~~~~~~~~~~~~~~~~~~~~~~~~~~~~~~~~~~~~~~~~~~~~~~
commerce.cpp:1084:32: note: ‘sprintf’ output between 78 and 49229 bytes into a destination of size 49152
 1084 |                         sprintf(buf, "%s You need to nominate a price in coins you are willing to pay for this order.", buf2);
      |                         ~~~~~~~^~~~~~~~~~~~~~~~~~~~~~~~~~~~~~~~~~~~~~~~~~~~~~~~~~~~~~~~~~~~~~~~~~~~~~~~~~~~~~~~~~~~~~~~~~~~~~
commerce.cpp:997:36: warning: ‘ I have neither any filled o...’ directive writing 67 bytes into a region of size between 1 and 49152 [-Wformat-overflow=]
  997 |                 sprintf (buf,   "%s I have neither any filled orders, nor lapsed orders, for you here.", buf2);
      |                                    ^~~~~~~~~~~~~~~~~~~~~~~~~~~~~~~~~~~~~~~~~~~~~~~~~~~~~~~~~~~~~~~~~~~
commerce.cpp:997:25: note: ‘sprintf’ output between 68 and 49219 bytes into a destination of size 49152
  997 |                 sprintf (buf,   "%s I have neither any filled orders, nor lapsed orders, for you here.", buf2);
      |                 ~~~~~~~~^~~~~~~~~~~~~~~~~~~~~~~~~~~~~~~~~~~~~~~~~~~~~~~~~~~~~~~~~~~~~~~~~~~~~~~~~~~~~~~~~~~~~~
commerce.cpp:959:44: warning: ‘ You've got an order for #2’ directive writing 27 bytes into a region of size between 1 and 49152 [-Wformat-overflow=]
  959 |                         sprintf (buf,   "%s You've got an order for #2%s#0 that no one filled - I'm releasing the #6%s#0 of chips you gave me for the price of the good.", buf2, row[10], row[5]);
      |                                            ^~~~~~~~~~~~~~~~~~~~~~~~~~~
commerce.cpp:959:33: note: ‘sprintf’ output 122 or more bytes (assuming 49273) into a destination of size 49152
  959 |                         sprintf (buf,   "%s You've got an order for #2%s#0 that no one filled - I'm releasing the #6%s#0 of chips you gave me for the price of the good.", buf2, row[10], row[5]);
      |                         ~~~~~~~~^~~~~~~~~~~~~~~~~~~~~~~~~~~~~~~~~~~~~~~~~~~~~~~~~~~~~~~~~~~~~~~~~~~~~~~~~~~~~~~~~~~~~~~~~~~~~~~~~~~~~~~~~~~~~~~~~~~~~~~~~~~~~~~~~~~~~~~~~~~~~~~~~~~~~~~~~~~~~~~~~
commerce.cpp:934:44: warning: ‘ Yes, yes, I have something ...’ directive writing 55 bytes into a region of size between 1 and 49152 [-Wformat-overflow=]
  934 |                         sprintf (buf,   "%s Yes, yes, I have something for you - go on and take #2%s#0.", buf2, obj_short_desc(tobj));
      |                                            ^~~~~~~~~~~~~~~~~~~~~~~~~~~~~~~~~~~~~~~~~~~~~~~~~~~~~~~
commerce.cpp:934:33: note: ‘sprintf’ output 59 or more bytes (assuming 49210) into a destination of size 49152
  934 |                         sprintf (buf,   "%s Yes, yes, I have something for you - go on and take #2%s#0.", buf2, obj_short_desc(tobj));
      |                         ~~~~~~~~^~~~~~~~~~~~~~~~~~~~~~~~~~~~~~~~~~~~~~~~~~~~~~~~~~~~~~~~~~~~~~~~~~~~~~~~~~~~~~~~~~~~~~~~~~~~~~~~~~~~~
g++ -Wno-write-strings  -c -march=native  -ggdb -DLINUX -Wall -fpermissive -std=gnu++98 crafts.cpp 
commerce.cpp: In function ‘void do_buy(CHAR_DATA*, char*, int)’:
commerce.cpp:3117:43: warning: ‘%s’ directive writing 78 bytes into a region of size between 0 and 49151 [-Wformat-overflow=]
 3117 |                         sprintf (buf, "%s %s", buf2, NO_SUCH_ITEM1);
      |                                           ^~
commerce.cpp:3117:33: note: ‘sprintf’ output between 80 and 49231 bytes into a destination of size 49152
 3117 |                         sprintf (buf, "%s %s", buf2, NO_SUCH_ITEM1);
      |                         ~~~~~~~~^~~~~~~~~~~~~~~~~~~~~~~~~~~~~~~~~~~
commerce.cpp:3381:103: warning: ‘%s’ directive writing up to 49151 bytes into a region of size 49097 [-Wformat-overflow=]
 3381 |                                 sprintf(buf4, "You can only buy that object as a variable. Type #6buy %s var ?#0 to get started.", buf);
      |                                                                                                       ^~                           ~~~
commerce.cpp:3381:40: note: ‘sprintf’ output between 80 and 49231 bytes into a destination of size 49152
 3381 |                                 sprintf(buf4, "You can only buy that object as a variable. Type #6buy %s var ?#0 to get started.", buf);
      |                                 ~~~~~~~^~~~~~~~~~~~~~~~~~~~~~~~~~~~~~~~~~~~~~~~~~~~~~~~~~~~~~~~~~~~~~~~~~~~~~~~~~~~~~~~~~~~~~~~~~~~~~~~
commerce.cpp:3212:110: warning: ‘%s’ directive writing up to 49151 bytes into a region of size 49131 [-Wformat-overflow=]
 3212 |                                                         sprintf(buf4 + strlen(buf4), "\n\nFor example: #6buy %s var '%s'\n", buf, vc_rand(zcolor[0]));
      |                                                                                                              ^~              ~~~
commerce.cpp:3212:64: note: ‘sprintf’ output 30 or more bytes (assuming 49181) into a destination of size 49152
 3212 |                                                         sprintf(buf4 + strlen(buf4), "\n\nFor example: #6buy %s var '%s'\n", buf, vc_rand(zcolor[0]));
      |                                                         ~~~~~~~^~~~~~~~~~~~~~~~~~~~~~~~~~~~~~~~~~~~~~~~~~~~~~~~~~~~~~~~~~~~~~~~~~~~~~~~~~~~~~~~~~~~~~
commerce.cpp:3217:106: warning: ‘%s’ directive writing up to 49151 bytes into a region of size 49133 [-Wformat-overflow=]
 3217 |                                                         sprintf(buf4 + strlen(buf4), "For example: #6buy %s var !\n\n", buf);
      |                                                                                                          ^~             ~~~
commerce.cpp:3217:64: note: ‘sprintf’ output between 28 and 49179 bytes into a destination of size 49152
 3217 |                                                         sprintf(buf4 + strlen(buf4), "For example: #6buy %s var !\n\n", buf);
      |                                                         ~~~~~~~^~~~~~~~~~~~~~~~~~~~~~~~~~~~~~~~~~~~~~~~~~~~~~~~~~~~~~~~~~~~~
commerce.cpp:3219:119: warning: ‘%s’ directive writing up to 49151 bytes into a region of size 49120 [-Wformat-overflow=]
 3219 |                                                         sprintf(buf4 + strlen(buf4), "Finally you can just type #6buy %s var#0 to see a random possibility available to you.\n", buf);
      |                                                                                                                       ^~                                                         ~~~
commerce.cpp:3219:64: note: ‘sprintf’ output between 86 and 49237 bytes into a destination of size 49152
 3219 |                                                         sprintf(buf4 + strlen(buf4), "Finally you can just type #6buy %s var#0 to see a random possibility available to you.\n", buf);
      |                                                         ~~~~~~~^~~~~~~~~~~~~~~~~~~~~~~~~~~~~~~~~~~~~~~~~~~~~~~~~~~~~~~~~~~~~~~~~~~~~~~~~~~~~~~~~~~~~~~~~~~~~~~~~~~~~~~~~~~~~~~~~~~~~~
commerce.cpp:3201:110: warning: ‘%s’ directive writing up to 49151 bytes into a region of size 49131 [-Wformat-overflow=]
 3201 |                                                         sprintf(buf4 + strlen(buf4), "\n\nFor example: #6buy %s var '%s' '%s'#0 etc...\n", buf, vc_rand(zcolor[0]), vc_rand(zcolor[1]));
      |                                                                                                              ^~                            ~~~
commerce.cpp:3201:64: note: ‘sprintf’ output 42 or more bytes (assuming 49193) into a destination of size 49152
 3201 |                                                         sprintf(buf4 + strlen(buf4), "\n\nFor example: #6buy %s var '%s' '%s'#0 etc...\n", buf, vc_rand(zcolor[0]), vc_rand(zcolor[1]));
      |                                                         ~~~~~~~^~~~~~~~~~~~~~~~~~~~~~~~~~~~~~~~~~~~~~~~~~~~~~~~~~~~~~~~~~~~~~~~~~~~~~~~~~~~~~~~~~~~~~~~~~~~~~~~~~~~~~~~~~~~~~~~~~~~~~~~
commerce.cpp:3206:106: warning: ‘%s’ directive writing up to 49151 bytes into a region of size 49133 [-Wformat-overflow=]
 3206 |                                                         sprintf(buf4 + strlen(buf4), "For example: #6buy %s var ! '%s'\n\n", buf, vc_rand(zcolor[1]));
      |                                                                                                          ^~                  ~~~
commerce.cpp:3206:64: note: ‘sprintf’ output 31 or more bytes (assuming 49182) into a destination of size 49152
 3206 |                                                         sprintf(buf4 + strlen(buf4), "For example: #6buy %s var ! '%s'\n\n", buf, vc_rand(zcolor[1]));
      |                                                         ~~~~~~~^~~~~~~~~~~~~~~~~~~~~~~~~~~~~~~~~~~~~~~~~~~~~~~~~~~~~~~~~~~~~~~~~~~~~~~~~~~~~~~~~~~~~~
commerce.cpp:3208:119: warning: ‘%s’ directive writing up to 49151 bytes into a region of size 49120 [-Wformat-overflow=]
 3208 |                                                         sprintf(buf4 + strlen(buf4), "Finally you can just type #6buy %s var#0 to see a random possibility available to you.\n", buf);
      |                                                                                                                       ^~                                                         ~~~
commerce.cpp:3208:64: note: ‘sprintf’ output between 86 and 49237 bytes into a destination of size 49152
 3208 |                                                         sprintf(buf4 + strlen(buf4), "Finally you can just type #6buy %s var#0 to see a random possibility available to you.\n", buf);
      |                                                         ~~~~~~~^~~~~~~~~~~~~~~~~~~~~~~~~~~~~~~~~~~~~~~~~~~~~~~~~~~~~~~~~~~~~~~~~~~~~~~~~~~~~~~~~~~~~~~~~~~~~~~~~~~~~~~~~~~~~~~~~~~~~~
commerce.cpp:3186:100: warning: ‘%s’ directive writing up to 49151 bytes into a region of size between 49131 and 49141 [-Wformat-overflow=]
 3186 |                                                         sprintf(buf4 + strlen(buf4), "\n   #2%d:#0 %s", x,temp);
      |                                                                                                    ^~     ~~~~
commerce.cpp:3186:64: note: ‘sprintf’ output between 12 and 49173 bytes into a destination of size 49152
 3186 |                                                         sprintf(buf4 + strlen(buf4), "\n   #2%d:#0 %s", x,temp);
      |                                                         ~~~~~~~^~~~~~~~~~~~~~~~~~~~~~~~~~~~~~~~~~~~~~~~~~~~~~~~
commerce.cpp:3414:42: warning: ‘ I only have ’ directive writing 13 bytes into a region of size between 1 and 49152 [-Wformat-overflow=]
 3414 |                         sprintf (buf, "%s I only have %d of that in stock at the moment.",
      |                                          ^~~~~~~~~~~~~
commerce.cpp:3414:33: note: ‘sprintf’ output between 47 and 49208 bytes into a destination of size 49152
 3414 |                         sprintf (buf, "%s I only have %d of that in stock at the moment.",
      |                         ~~~~~~~~^~~~~~~~~~~~~~~~~~~~~~~~~~~~~~~~~~~~~~~~~~~~~~~~~~~~~~~~~~
 3415 |                                 buf2, obj->count);
      |                                 ~~~~~~~~~~~~~~~~~
commerce.cpp:3477:34: warning: ‘ Those are illegal.  I can't...’ directive writing 39 bytes into a region of size between 1 and 49152 [-Wformat-overflow=]
 3477 |                 sprintf (buf, "%s Those are illegal.  I can't sell them.", buf2);
      |                                  ^~~~~~~~~~~~~~~~~~~~~~~~~~~~~~~~~~~~~~~
commerce.cpp:3477:25: note: ‘sprintf’ output between 40 and 49191 bytes into a destination of size 49152
 3477 |                 sprintf (buf, "%s Those are illegal.  I can't sell them.", buf2);
      |                 ~~~~~~~~^~~~~~~~~~~~~~~~~~~~~~~~~~~~~~~~~~~~~~~~~~~~~~~~~~~~~~~~
commerce.cpp:3810:34: warning: ‘ A veritable steal at ’ directive writing 22 bytes into a region of size between 1 and 49152 [-Wformat-overflow=]
 3810 |                 sprintf (buf, "%s A veritable steal at ", buf2);
      |                                  ^~~~~~~~~~~~~~~~~~~~~~
commerce.cpp:3810:25: note: ‘sprintf’ output between 23 and 49174 bytes into a destination of size 49152
 3810 |                 sprintf (buf, "%s A veritable steal at ", buf2);
      |                 ~~~~~~~~^~~~~~~~~~~~~~~~~~~~~~~~~~~~~~~~~~~~~~~
commerce.cpp:3805:28: warning: ‘ You're lucky I gave it to y...’ directive writing 35 bytes into a region of size between 1 and 49152 [-Wformat-overflow=]
 3805 |                         "%s You're lucky I gave it to you for %d coin%s, maggot.",
      |                            ^~~~~~~~~~~~~~~~~~~~~~~~~~~~~~~~~~~
commerce.cpp:3804:25: note: ‘sprintf’ output 51 or more bytes (assuming 49202) into a destination of size 49152
 3804 |                 sprintf (buf,
      |                 ~~~~~~~~^~~~~
 3805 |                         "%s You're lucky I gave it to you for %d coin%s, maggot.",
      |                         ~~~~~~~~~~~~~~~~~~~~~~~~~~~~~~~~~~~~~~~~~~~~~~~~~~~~~~~~~~
 3806 |                         buf2, (int) keepers_cost, (int) keepers_cost > 1 ? "s" : "");
      |                         ~~~~~~~~~~~~~~~~~~~~~~~~~~~~~~~~~~~~~~~~~~~~~~~~~~~~~~~~~~~~
commerce.cpp:3903:44: warning: ‘%s’ directive writing up to 49151 bytes into a region of size 49140 [-Wformat-overflow=]
 3903 |                 sprintf (buf, "emote sets *%s down nearby, nodding to ~%s.", buf2,
      |                                            ^~                                ~~~~
commerce.cpp:3903:25: note: ‘sprintf’ output 40 or more bytes (assuming 49191) into a destination of size 49152
 3903 |                 sprintf (buf, "emote sets *%s down nearby, nodding to ~%s.", buf2,
      |                 ~~~~~~~~^~~~~~~~~~~~~~~~~~~~~~~~~~~~~~~~~~~~~~~~~~~~~~~~~~~~~~~~~~
 3904 |                         ch->tname);
      |                         ~~~~~~~~~~
commerce.cpp:3890:44: warning: ‘%s’ directive writing up to 49151 bytes into a region of size 49140 [-Wformat-overflow=]
 3890 |                 sprintf (buf, "emote sets *%s down nearby, nodding to ~%s.", buf2, ch->tname);
      |                                            ^~                                ~~~~
commerce.cpp:3890:25: note: ‘sprintf’ output 40 or more bytes (assuming 49191) into a destination of size 49152
 3890 |                 sprintf (buf, "emote sets *%s down nearby, nodding to ~%s.", buf2, ch->tname);
      |                 ~~~~~~~~^~~~~~~~~~~~~~~~~~~~~~~~~~~~~~~~~~~~~~~~~~~~~~~~~~~~~~~~~~~~~~~~~~~~~
commerce.cpp:3834:35: warning: ‘%s’ directive writing up to 49151 bytes into a region of size 49150 [-Wformat-overflow=]
 3834 |                 sprintf (buf2, "#5%s", buf);
      |                                   ^~   ~~~
commerce.cpp:3834:25: note: ‘sprintf’ output between 3 and 49154 bytes into a destination of size 49152
 3834 |                 sprintf (buf2, "#5%s", buf);
      |                 ~~~~~~~~^~~~~~~~~~~~~~~~~~~
commerce.cpp:3839:35: warning: ‘%s’ directive writing up to 49151 bytes into a region of size 49150 [-Wformat-overflow=]
 3839 |                 sprintf (buf2, "#5%s", buf);
      |                                   ^~   ~~~
commerce.cpp:3839:25: note: ‘sprintf’ output between 3 and 49154 bytes into a destination of size 49152
 3839 |                 sprintf (buf2, "#5%s", buf);
      |                 ~~~~~~~~^~~~~~~~~~~~~~~~~~~
commerce.cpp:3843:37: warning: ‘sprintf’ may write a terminating nul past the end of the destination [-Wformat-overflow=]
 3843 |                 sprintf (buf, "%s %s", horse->name, name);
      |                                     ^
commerce.cpp:3843:25: note: ‘sprintf’ output 2 or more bytes (assuming 49153) into a destination of size 49152
 3843 |                 sprintf (buf, "%s %s", horse->name, name);
      |                 ~~~~~~~~^~~~~~~~~~~~~~~~~~~~~~~~~~~~~~~~~
commerce.cpp:3727:35: warning: ‘%s’ directive writing 72 bytes into a region of size between 0 and 49151 [-Wformat-overflow=]
 3727 |                 sprintf (buf, "%s %s", buf2, MISSING_CASH2);
      |                                   ^~
commerce.cpp:3727:25: note: ‘sprintf’ output between 74 and 49225 bytes into a destination of size 49152
 3727 |                 sprintf (buf, "%s %s", buf2, MISSING_CASH2);
      |                 ~~~~~~~~^~~~~~~~~~~~~~~~~~~~~~~~~~~~~~~~~~~
commerce.cpp: In function ‘void do_sell(CHAR_DATA*, char*, int)’:
commerce.cpp:4307:43: warning: ‘%s’ directive writing 59 bytes into a region of size between 0 and 49151 [-Wformat-overflow=]
 4307 |                         sprintf (buf, "%s %s", buf2, NO_SUCH_ITEM2);
      |                                           ^~
commerce.cpp:4307:33: note: ‘sprintf’ output between 61 and 49212 bytes into a destination of size 49152
 4307 |                         sprintf (buf, "%s %s", buf2, NO_SUCH_ITEM2);
      |                         ~~~~~~~~^~~~~~~~~~~~~~~~~~~~~~~~~~~~~~~~~~~
commerce.cpp:4327:42: warning: ‘ I only deal in bulk goods.’ directive writing 27 bytes into a region of size between 1 and 49152 [-Wformat-overflow=]
 4327 |                         sprintf (buf, "%s I only deal in bulk goods.", buf2);
      |                                          ^~~~~~~~~~~~~~~~~~~~~~~~~~~
commerce.cpp:4327:33: note: ‘sprintf’ output between 28 and 49179 bytes into a destination of size 49152
 4327 |                         sprintf (buf, "%s I only deal in bulk goods.", buf2);
      |                         ~~~~~~~~^~~~~~~~~~~~~~~~~~~~~~~~~~~~~~~~~~~~~~~~~~~~
commerce.cpp:4344:34: warning: ‘ No, I wouldn't even think o...’ directive writing 42 bytes into a region of size between 1 and 49152 [-Wformat-overflow=]
 4344 |                 sprintf (buf, "%s No, I wouldn't even think of buying that.", buf2);
      |                                  ^~~~~~~~~~~~~~~~~~~~~~~~~~~~~~~~~~~~~~~~~~
commerce.cpp:4344:25: note: ‘sprintf’ output between 43 and 49194 bytes into a destination of size 49152
 4344 |                 sprintf (buf, "%s No, I wouldn't even think of buying that.", buf2);
      |                 ~~~~~~~~^~~~~~~~~~~~~~~~~~~~~~~~~~~~~~~~~~~~~~~~~~~~~~~~~~~~~~~~~~~
commerce.cpp:4353:34: warning: ‘ I can't buy that.  It's ill...’ directive writing 44 bytes into a region of size between 1 and 49152 [-Wformat-overflow=]
 4353 |                 sprintf (buf, "%s I can't buy that.  It's illegal to possess.", buf2);
      |                                  ^~~~~~~~~~~~~~~~~~~~~~~~~~~~~~~~~~~~~~~~~~~~
commerce.cpp:4353:25: note: ‘sprintf’ output between 45 and 49196 bytes into a destination of size 49152
 4353 |                 sprintf (buf, "%s I can't buy that.  It's illegal to possess.", buf2);
      |                 ~~~~~~~~^~~~~~~~~~~~~~~~~~~~~~~~~~~~~~~~~~~~~~~~~~~~~~~~~~~~~~~~~~~~~
commerce.cpp:4378:36: warning: ‘ I have quite enough of that...’ directive writing 70 bytes into a region of size between 1 and 49152 [-Wformat-overflow=]
 4378 |                                 "%s I have quite enough of that for now, thank you; try back again later.",
      |                                    ^~~~~~~~~~~~~~~~~~~~~~~~~~~~~~~~~~~~~~~~~~~~~~~~~~~~~~~~~~~~~~~~~~~~~~
commerce.cpp:4377:33: note: ‘sprintf’ output between 71 and 49222 bytes into a destination of size 49152
 4377 |                         sprintf (buf,
      |                         ~~~~~~~~^~~~~
 4378 |                                 "%s I have quite enough of that for now, thank you; try back again later.",
      |                                 ~~~~~~~~~~~~~~~~~~~~~~~~~~~~~~~~~~~~~~~~~~~~~~~~~~~~~~~~~~~~~~~~~~~~~~~~~~~
 4379 |                                 buf2);
      |                                 ~~~~~
commerce.cpp:4388:36: warning: ‘ I have too much stuff as it...’ directive writing 83 bytes into a region of size between 1 and 49152 [-Wformat-overflow=]
 4388 |                                 "%s I have too much stuff as it is.  Perhaps you'd like to purchase something instead?",
      |                                    ^~~~~~~~~~~~~~~~~~~~~~~~~~~~~~~~~~~~~~~~~~~~~~~~~~~~~~~~~~~~~~~~~~~~~~~~~~~~~~~~~~~
commerce.cpp:4387:33: note: ‘sprintf’ output between 84 and 49235 bytes into a destination of size 49152
 4387 |                         sprintf (buf,
      |                         ~~~~~~~~^~~~~
 4388 |                                 "%s I have too much stuff as it is.  Perhaps you'd like to purchase something instead?",
      |                                 ~~~~~~~~~~~~~~~~~~~~~~~~~~~~~~~~~~~~~~~~~~~~~~~~~~~~~~~~~~~~~~~~~~~~~~~~~~~~~~~~~~~~~~~~
 4389 |                                 buf2);
      |                                 ~~~~~
commerce.cpp:4580:26: warning: ‘ Here's the amount we've agr...’ directive writing 37 bytes into a region of size between 1 and 49152 [-Wformat-overflow=]
 4580 |         sprintf (buf, "%s Here's the amount we've agreed upon.", buf2);
      |                          ^~~~~~~~~~~~~~~~~~~~~~~~~~~~~~~~~~~~~
commerce.cpp:4580:17: note: ‘sprintf’ output between 38 and 49189 bytes into a destination of size 49152
 4580 |         sprintf (buf, "%s Here's the amount we've agreed upon.", buf2);
      |         ~~~~~~~~^~~~~~~~~~~~~~~~~~~~~~~~~~~~~~~~~~~~~~~~~~~~~~~~~~~~~~
commerce.cpp:4564:35: warning: ‘%s’ directive writing 66 bytes into a region of size between 0 and 49151 [-Wformat-overflow=]
 4564 |                 sprintf (buf, "%s %s", buf2, MISSING_CASH1);
      |                                   ^~
commerce.cpp:4564:25: note: ‘sprintf’ output between 68 and 49219 bytes into a destination of size 49152
 4564 |                 sprintf (buf, "%s %s", buf2, MISSING_CASH1);
      |                 ~~~~~~~~^~~~~~~~~~~~~~~~~~~~~~~~~~~~~~~~~~~
commerce.cpp:4555:34: warning: ‘ Pah, that's not even worth ...’ directive writing 62 bytes into a region of size between 1 and 49152 [-Wformat-overflow=]
 4555 |                 sprintf (buf, "%s Pah, that's not even worth one coin! Don't you have any more?", buf2);
      |                                  ^~~~~~~~~~~~~~~~~~~~~~~~~~~~~~~~~~~~~~~~~~~~~~~~~~~~~~~~~~~~~~
commerce.cpp:4555:25: note: ‘sprintf’ output between 63 and 49214 bytes into a destination of size 49152
 4555 |                 sprintf (buf, "%s Pah, that's not even worth one coin! Don't you have any more?", buf2);
      |                 ~~~~~~~~^~~~~~~~~~~~~~~~~~~~~~~~~~~~~~~~~~~~~~~~~~~~~~~~~~~~~~~~~~~~~~~~~~~~~~~~~~~~~~~
commerce.cpp:4336:35: warning: ‘%s’ directive writing 46 bytes into a region of size between 0 and 49151 [-Wformat-overflow=]
 4336 |                 sprintf (buf, "%s %s", buf2, DO_NOT_BUY);
      |                                   ^~
commerce.cpp:4336:25: note: ‘sprintf’ output between 48 and 49199 bytes into a destination of size 49152
 4336 |                 sprintf (buf, "%s %s", buf2, DO_NOT_BUY);
      |                 ~~~~~~~~^~~~~~~~~~~~~~~~~~~~~~~~~~~~~~~~
commerce.cpp: In function ‘void do_rent(CHAR_DATA*, char*, int)’:
commerce.cpp:8798:36: warning: ‘%s’ directive writing 39 bytes into a region of size between 0 and 49151 [-Wformat-overflow=]
 8798 |                 sprintf (buf3, "%s %s", buf2, GO_ON_UP);
      |                                    ^~
commerce.cpp:8798:25: note: ‘sprintf’ output between 41 and 49192 bytes into a destination of size 49152
 8798 |                 sprintf (buf3, "%s %s", buf2, GO_ON_UP);
      |                 ~~~~~~~~^~~~~~~~~~~~~~~~~~~~~~~~~~~~~~~
commerce.cpp:8792:44: warning: ‘%s’ directive writing 85 bytes into a region of size between 0 and 49151 [-Wformat-overflow=]
 8792 |                         sprintf (buf3, "%s %s", buf2, ROOM_PROBLEM);
      |                                            ^~
commerce.cpp:8792:33: note: ‘sprintf’ output between 87 and 49238 bytes into a destination of size 49152
 8792 |                         sprintf (buf3, "%s %s", buf2, ROOM_PROBLEM);
      |                         ~~~~~~~~^~~~~~~~~~~~~~~~~~~~~~~~~~~~~~~~~~~
commerce.cpp:8781:44: warning: ‘%s’ directive writing 94 bytes into a region of size between 0 and 49151 [-Wformat-overflow=]
 8781 |                         sprintf (buf3, "%s %s", buf2, MISSING_RENT);
      |                                            ^~
commerce.cpp:8781:33: note: ‘sprintf’ output between 96 and 49247 bytes into a destination of size 49152
 8781 |                         sprintf (buf3, "%s %s", buf2, MISSING_RENT);
      |                         ~~~~~~~~^~~~~~~~~~~~~~~~~~~~~~~~~~~~~~~~~~~
commerce.cpp:8769:44: warning: ‘%s’ directive writing 44 bytes into a region of size between 0 and 49151 [-Wformat-overflow=]
 8769 |                         sprintf (buf3, "%s %s", buf2, KEY_PROBLEM);
      |                                            ^~
commerce.cpp:8769:33: note: ‘sprintf’ output between 46 and 49197 bytes into a destination of size 49152
 8769 |                         sprintf (buf3, "%s %s", buf2, KEY_PROBLEM);
      |                         ~~~~~~~~^~~~~~~~~~~~~~~~~~~~~~~~~~~~~~~~~~
commerce.cpp:8755:44: warning: ‘%s’ directive writing 63 bytes into a region of size between 0 and 49151 [-Wformat-overflow=]
 8755 |                         sprintf (buf3, "%s %s", buf2, MISSING_KEY);
      |                                            ^~
commerce.cpp:8755:33: note: ‘sprintf’ output between 65 and 49216 bytes into a destination of size 49152
 8755 |                         sprintf (buf3, "%s %s", buf2, MISSING_KEY);
      |                         ~~~~~~~~^~~~~~~~~~~~~~~~~~~~~~~~~~~~~~~~~~
commerce.cpp:8736:36: warning: ‘%s’ directive writing up to 49151 bytes into a region of size between 0 and 49151 [-Wformat-overflow=]
 8736 |                 sprintf (buf3, "%s %s", buf2, buf);
      |                                    ^~         ~~~
commerce.cpp:8736:25: note: ‘sprintf’ output between 2 and 98304 bytes into a destination of size 49152
 8736 |                 sprintf (buf3, "%s %s", buf2, buf);
      |                 ~~~~~~~~^~~~~~~~~~~~~~~~~~~~~~~~~~
commerce.cpp:8712:44: warning: ‘%s’ directive writing 108 bytes into a region of size between 0 and 49151 [-Wformat-overflow=]
 8712 |                         sprintf (buf3, "%s %s", buf2, NOT_RENTING);
      |                                            ^~
commerce.cpp:8712:33: note: ‘sprintf’ output between 110 and 49261 bytes into a destination of size 49152
 8712 |                         sprintf (buf3, "%s %s", buf2, NOT_RENTING);
      |                         ~~~~~~~~^~~~~~~~~~~~~~~~~~~~~~~~~~~~~~~~~~
commerce.cpp:8702:44: warning: ‘%s’ directive writing 55 bytes into a region of size between 0 and 49151 [-Wformat-overflow=]
 8702 |                         sprintf (buf3, "%s %s", buf2, RENT_PROBLEM);
      |                                            ^~
commerce.cpp:8702:33: note: ‘sprintf’ output between 57 and 49208 bytes into a destination of size 49152
 8702 |                         sprintf (buf3, "%s %s", buf2, RENT_PROBLEM);
      |                         ~~~~~~~~^~~~~~~~~~~~~~~~~~~~~~~~~~~~~~~~~~~
commerce.cpp:8688:44: warning: ‘%s’ directive writing 63 bytes into a region of size between 0 and 49151 [-Wformat-overflow=]
 8688 |                         sprintf (buf3, "%s %s", buf2, MISSING_KEY);
      |                                            ^~
commerce.cpp:8688:33: note: ‘sprintf’ output between 65 and 49216 bytes into a destination of size 49152
 8688 |                         sprintf (buf3, "%s %s", buf2, MISSING_KEY);
      |                         ~~~~~~~~^~~~~~~~~~~~~~~~~~~~~~~~~~~~~~~~~~
commerce.cpp:8665:36: warning: ‘%s’ directive writing up to 49151 bytes into a region of size between 0 and 49151 [-Wformat-overflow=]
 8665 |                 sprintf (buf3, "%s %s", buf2, buf);
      |                                    ^~         ~~~
commerce.cpp:8665:25: note: ‘sprintf’ output between 2 and 98304 bytes into a destination of size 49152
 8665 |                 sprintf (buf3, "%s %s", buf2, buf);
      |                 ~~~~~~~~^~~~~~~~~~~~~~~~~~~~~~~~~~
commerce.cpp:8653:44: warning: ‘%s’ directive writing 108 bytes into a region of size between 0 and 49151 [-Wformat-overflow=]
 8653 |                         sprintf (buf3, "%s %s", buf2, NOT_RENTING);
      |                                            ^~
commerce.cpp:8653:33: note: ‘sprintf’ output between 110 and 49261 bytes into a destination of size 49152
 8653 |                         sprintf (buf3, "%s %s", buf2, NOT_RENTING);
      |                         ~~~~~~~~^~~~~~~~~~~~~~~~~~~~~~~~~~~~~~~~~~
commerce.cpp:8643:44: warning: ‘%s’ directive writing 55 bytes into a region of size between 0 and 49151 [-Wformat-overflow=]
 8643 |                         sprintf (buf3, "%s %s", buf2, RENT_PROBLEM);
      |                                            ^~
commerce.cpp:8643:33: note: ‘sprintf’ output between 57 and 49208 bytes into a destination of size 49152
 8643 |                         sprintf (buf3, "%s %s", buf2, RENT_PROBLEM);
      |                         ~~~~~~~~^~~~~~~~~~~~~~~~~~~~~~~~~~~~~~~~~~~
commerce.cpp:8624:36: warning: ‘%s’ directive writing up to 49151 bytes into a region of size between 0 and 49151 [-Wformat-overflow=]
 8624 |                 sprintf (buf3, "%s %s", buf2, buf);
      |                                    ^~         ~~~
commerce.cpp:8624:25: note: ‘sprintf’ output between 2 and 98304 bytes into a destination of size 49152
 8624 |                 sprintf (buf3, "%s %s", buf2, buf);
      |                 ~~~~~~~~^~~~~~~~~~~~~~~~~~~~~~~~~~
commerce.cpp:8613:44: warning: ‘%s’ directive writing 108 bytes into a region of size between 0 and 49151 [-Wformat-overflow=]
 8613 |                         sprintf (buf3, "%s %s", buf2, NOT_RENTING);
      |                                            ^~
commerce.cpp:8613:33: note: ‘sprintf’ output between 110 and 49261 bytes into a destination of size 49152
 8613 |                         sprintf (buf3, "%s %s", buf2, NOT_RENTING);
      |                         ~~~~~~~~^~~~~~~~~~~~~~~~~~~~~~~~~~~~~~~~~~
commerce.cpp:8603:44: warning: ‘%s’ directive writing 55 bytes into a region of size between 0 and 49151 [-Wformat-overflow=]
 8603 |                         sprintf (buf3, "%s %s", buf2, RENT_PROBLEM);
      |                                            ^~
commerce.cpp:8603:33: note: ‘sprintf’ output between 57 and 49208 bytes into a destination of size 49152
 8603 |                         sprintf (buf3, "%s %s", buf2, RENT_PROBLEM);
      |                         ~~~~~~~~^~~~~~~~~~~~~~~~~~~~~~~~~~~~~~~~~~~
commerce.cpp:8589:44: warning: ‘%s’ directive writing 63 bytes into a region of size between 0 and 49151 [-Wformat-overflow=]
 8589 |                         sprintf (buf3, "%s %s", buf2, MISSING_KEY);
      |                                            ^~
commerce.cpp:8589:33: note: ‘sprintf’ output between 65 and 49216 bytes into a destination of size 49152
 8589 |                         sprintf (buf3, "%s %s", buf2, MISSING_KEY);
      |                         ~~~~~~~~^~~~~~~~~~~~~~~~~~~~~~~~~~~~~~~~~~
commerce.cpp:8567:36: warning: ‘%s’ directive writing up to 49151 bytes into a region of size between 0 and 49151 [-Wformat-overflow=]
 8567 |                 sprintf (buf3, "%s %s", buf2, buf);
      |                                    ^~         ~~~
commerce.cpp:8567:25: note: ‘sprintf’ output between 2 and 98304 bytes into a destination of size 49152
 8567 |                 sprintf (buf3, "%s %s", buf2, buf);
      |                 ~~~~~~~~^~~~~~~~~~~~~~~~~~~~~~~~~~
commerce.cpp:8555:44: warning: ‘%s’ directive writing 108 bytes into a region of size between 0 and 49151 [-Wformat-overflow=]
 8555 |                         sprintf (buf3, "%s %s", buf2, NOT_RENTING);
      |                                            ^~
commerce.cpp:8555:33: note: ‘sprintf’ output between 110 and 49261 bytes into a destination of size 49152
 8555 |                         sprintf (buf3, "%s %s", buf2, NOT_RENTING);
      |                         ~~~~~~~~^~~~~~~~~~~~~~~~~~~~~~~~~~~~~~~~~~
commerce.cpp:8545:44: warning: ‘%s’ directive writing 55 bytes into a region of size between 0 and 49151 [-Wformat-overflow=]
 8545 |                         sprintf (buf3, "%s %s", buf2, RENT_PROBLEM);
      |                                            ^~
commerce.cpp:8545:33: note: ‘sprintf’ output between 57 and 49208 bytes into a destination of size 49152
 8545 |                         sprintf (buf3, "%s %s", buf2, RENT_PROBLEM);
      |                         ~~~~~~~~^~~~~~~~~~~~~~~~~~~~~~~~~~~~~~~~~~~
commerce.cpp:8531:44: warning: ‘%s’ directive writing 63 bytes into a region of size between 0 and 49151 [-Wformat-overflow=]
 8531 |                         sprintf (buf3, "%s %s", buf2, MISSING_KEY);
      |                                            ^~
commerce.cpp:8531:33: note: ‘sprintf’ output between 65 and 49216 bytes into a destination of size 49152
 8531 |                         sprintf (buf3, "%s %s", buf2, MISSING_KEY);
      |                         ~~~~~~~~^~~~~~~~~~~~~~~~~~~~~~~~~~~~~~~~~~
commerce.cpp:8486:52: warning: ‘%s’ directive writing 59 bytes into a region of size between 0 and 49151 [-Wformat-overflow=]
 8486 |                                 sprintf (buf3, "%s %s", buf2, ALREADY_RENTING);
      |                                                    ^~
commerce.cpp:8486:41: note: ‘sprintf’ output between 61 and 49212 bytes into a destination of size 49152
 8486 |                                 sprintf (buf3, "%s %s", buf2, ALREADY_RENTING);
      |                                 ~~~~~~~~^~~~~~~~~~~~~~~~~~~~~~~~~~~~~~~~~~~~~~
commerce.cpp:8509:36: warning: ‘%s’ directive writing up to 49151 bytes into a region of size between 0 and 49151 [-Wformat-overflow=]
 8509 |                 sprintf (buf3, "%s %s", buf2, buf);
      |                                    ^~         ~~~
commerce.cpp:8509:25: note: ‘sprintf’ output between 2 and 98304 bytes into a destination of size 49152
 8509 |                 sprintf (buf3, "%s %s", buf2, buf);
      |                 ~~~~~~~~^~~~~~~~~~~~~~~~~~~~~~~~~~
commerce.cpp:8470:44: warning: ‘%s’ directive writing 55 bytes into a region of size between 0 and 49151 [-Wformat-overflow=]
 8470 |                         sprintf (buf3, "%s %s", buf2, RENT_PROBLEM);
      |                                            ^~
commerce.cpp:8470:33: note: ‘sprintf’ output between 57 and 49208 bytes into a destination of size 49152
 8470 |                         sprintf (buf3, "%s %s", buf2, RENT_PROBLEM);
      |                         ~~~~~~~~^~~~~~~~~~~~~~~~~~~~~~~~~~~~~~~~~~~
commerce.cpp:8462:44: warning: ‘%s’ directive writing 55 bytes into a region of size between 0 and 49151 [-Wformat-overflow=]
 8462 |                         sprintf (buf3, "%s %s", buf2, RENT_PROBLEM);
      |                                            ^~
commerce.cpp:8462:33: note: ‘sprintf’ output between 57 and 49208 bytes into a destination of size 49152
 8462 |                         sprintf (buf3, "%s %s", buf2, RENT_PROBLEM);
      |                         ~~~~~~~~^~~~~~~~~~~~~~~~~~~~~~~~~~~~~~~~~~~
commerce.cpp:8449:36: warning: ‘%s’ directive writing 79 bytes into a region of size between 0 and 49151 [-Wformat-overflow=]
 8449 |                 sprintf (buf3, "%s %s", buf2, RENT_TOPPEDUP);
      |                                    ^~
commerce.cpp:8449:25: note: ‘sprintf’ output between 81 and 49232 bytes into a destination of size 49152
 8449 |                 sprintf (buf3, "%s %s", buf2, RENT_TOPPEDUP);
      |                 ~~~~~~~~^~~~~~~~~~~~~~~~~~~~~~~~~~~~~~~~~~~~
commerce.cpp:8441:44: warning: ‘%s’ directive writing 63 bytes into a region of size between 0 and 49151 [-Wformat-overflow=]
 8441 |                         sprintf (buf3, "%s %s", buf2, MISSING_KEY);
      |                                            ^~
commerce.cpp:8441:33: note: ‘sprintf’ output between 65 and 49216 bytes into a destination of size 49152
 8441 |                         sprintf (buf3, "%s %s", buf2, MISSING_KEY);
      |                         ~~~~~~~~^~~~~~~~~~~~~~~~~~~~~~~~~~~~~~~~~~
commerce.cpp:8424:43: warning: ‘%s’ directive writing 84 bytes into a region of size between 0 and 49151 [-Wformat-overflow=]
 8424 |                         sprintf (buf, "%s %s", buf2, SHORT_ON_RENT);
      |                                           ^~
commerce.cpp:8424:33: note: ‘sprintf’ output between 86 and 49237 bytes into a destination of size 49152
 8424 |                         sprintf (buf, "%s %s", buf2, SHORT_ON_RENT);
      |                         ~~~~~~~~^~~~~~~~~~~~~~~~~~~~~~~~~~~~~~~~~~~
commerce.cpp:8409:36: warning: ‘%s’ directive writing 62 bytes into a region of size between 0 and 49151 [-Wformat-overflow=]
 8409 |                 sprintf (buf3, "%s %s", buf2, RENT_REPLICATED);
      |                                    ^~
commerce.cpp:8409:25: note: ‘sprintf’ output between 64 and 49215 bytes into a destination of size 49152
 8409 |                 sprintf (buf3, "%s %s", buf2, RENT_REPLICATED);
      |                 ~~~~~~~~^~~~~~~~~~~~~~~~~~~~~~~~~~~~~~~~~~~~~~
commerce.cpp:8395:44: warning: ‘%s’ directive writing 55 bytes into a region of size between 0 and 49151 [-Wformat-overflow=]
 8395 |                         sprintf (buf3, "%s %s", buf2, RENT_PROBLEM);
      |                                            ^~
commerce.cpp:8395:33: note: ‘sprintf’ output between 57 and 49208 bytes into a destination of size 49152
 8395 |                         sprintf (buf3, "%s %s", buf2, RENT_PROBLEM);
      |                         ~~~~~~~~^~~~~~~~~~~~~~~~~~~~~~~~~~~~~~~~~~~
commerce.cpp:8381:44: warning: ‘%s’ directive writing 55 bytes into a region of size between 0 and 49151 [-Wformat-overflow=]
 8381 |                         sprintf (buf3, "%s %s", buf2, RENT_PROBLEM);
      |                                            ^~
commerce.cpp:8381:33: note: ‘sprintf’ output between 57 and 49208 bytes into a destination of size 49152
 8381 |                         sprintf (buf3, "%s %s", buf2, RENT_PROBLEM);
      |                         ~~~~~~~~^~~~~~~~~~~~~~~~~~~~~~~~~~~~~~~~~~~
commerce.cpp:8373:43: warning: ‘%s’ directive writing 84 bytes into a region of size between 0 and 49151 [-Wformat-overflow=]
 8373 |                         sprintf (buf, "%s %s", buf2, SHORT_ON_RENT);
      |                                           ^~
commerce.cpp:8373:33: note: ‘sprintf’ output between 86 and 49237 bytes into a destination of size 49152
 8373 |                         sprintf (buf, "%s %s", buf2, SHORT_ON_RENT);
      |                         ~~~~~~~~^~~~~~~~~~~~~~~~~~~~~~~~~~~~~~~~~~~
commerce.cpp:8355:36: warning: ‘%s’ directive writing 66 bytes into a region of size between 0 and 49151 [-Wformat-overflow=]
 8355 |                 sprintf (buf3, "%s %s", buf2, RENT_REPLACED);
      |                                    ^~
commerce.cpp:8355:25: note: ‘sprintf’ output between 68 and 49219 bytes into a destination of size 49152
 8355 |                 sprintf (buf3, "%s %s", buf2, RENT_REPLACED);
      |                 ~~~~~~~~^~~~~~~~~~~~~~~~~~~~~~~~~~~~~~~~~~~~
commerce.cpp:8342:44: warning: ‘%s’ directive writing 55 bytes into a region of size between 0 and 49151 [-Wformat-overflow=]
 8342 |                         sprintf (buf3, "%s %s", buf2, RENT_PROBLEM);
      |                                            ^~
commerce.cpp:8342:33: note: ‘sprintf’ output between 57 and 49208 bytes into a destination of size 49152
 8342 |                         sprintf (buf3, "%s %s", buf2, RENT_PROBLEM);
      |                         ~~~~~~~~^~~~~~~~~~~~~~~~~~~~~~~~~~~~~~~~~~~
commerce.cpp:8328:44: warning: ‘%s’ directive writing 55 bytes into a region of size between 0 and 49151 [-Wformat-overflow=]
 8328 |                         sprintf (buf3, "%s %s", buf2, RENT_PROBLEM);
      |                                            ^~
commerce.cpp:8328:33: note: ‘sprintf’ output between 57 and 49208 bytes into a destination of size 49152
 8328 |                         sprintf (buf3, "%s %s", buf2, RENT_PROBLEM);
      |                         ~~~~~~~~^~~~~~~~~~~~~~~~~~~~~~~~~~~~~~~~~~~
commerce.cpp:8320:43: warning: ‘%s’ directive writing 84 bytes into a region of size between 0 and 49151 [-Wformat-overflow=]
 8320 |                         sprintf (buf, "%s %s", buf2, SHORT_ON_RENT);
      |                                           ^~
commerce.cpp:8320:33: note: ‘sprintf’ output between 86 and 49237 bytes into a destination of size 49152
 8320 |                         sprintf (buf, "%s %s", buf2, SHORT_ON_RENT);
      |                         ~~~~~~~~^~~~~~~~~~~~~~~~~~~~~~~~~~~~~~~~~~~
commerce.cpp:8302:36: warning: ‘%s’ directive writing 191 bytes into a region of size between 0 and 49151 [-Wformat-overflow=]
 8302 |                 sprintf (buf3, "%s %s", buf2, RENT_COMMENCED);
      |                                    ^~
commerce.cpp:8302:25: note: ‘sprintf’ output between 193 and 49344 bytes into a destination of size 49152
 8302 |                 sprintf (buf3, "%s %s", buf2, RENT_COMMENCED);
      |                 ~~~~~~~~^~~~~~~~~~~~~~~~~~~~~~~~~~~~~~~~~~~~~
commerce.cpp:8283:44: warning: ‘%s’ directive writing 55 bytes into a region of size between 0 and 49151 [-Wformat-overflow=]
 8283 |                         sprintf (buf3, "%s %s", buf2, RENT_PROBLEM);
      |                                            ^~
commerce.cpp:8283:33: note: ‘sprintf’ output between 57 and 49208 bytes into a destination of size 49152
 8283 |                         sprintf (buf3, "%s %s", buf2, RENT_PROBLEM);
      |                         ~~~~~~~~^~~~~~~~~~~~~~~~~~~~~~~~~~~~~~~~~~~
commerce.cpp:8273:44: warning: ‘%s’ directive writing 55 bytes into a region of size between 0 and 49151 [-Wformat-overflow=]
 8273 |                         sprintf (buf3, "%s %s", buf2, RENT_PROBLEM);
      |                                            ^~
commerce.cpp:8273:33: note: ‘sprintf’ output between 57 and 49208 bytes into a destination of size 49152
 8273 |                         sprintf (buf3, "%s %s", buf2, RENT_PROBLEM);
      |                         ~~~~~~~~^~~~~~~~~~~~~~~~~~~~~~~~~~~~~~~~~~~
commerce.cpp:8265:44: warning: ‘%s’ directive writing 55 bytes into a region of size between 0 and 49151 [-Wformat-overflow=]
 8265 |                         sprintf (buf3, "%s %s", buf2, RENT_PROBLEM);
      |                                            ^~
commerce.cpp:8265:33: note: ‘sprintf’ output between 57 and 49208 bytes into a destination of size 49152
 8265 |                         sprintf (buf3, "%s %s", buf2, RENT_PROBLEM);
      |                         ~~~~~~~~^~~~~~~~~~~~~~~~~~~~~~~~~~~~~~~~~~~
commerce.cpp:8257:43: warning: ‘%s’ directive writing 84 bytes into a region of size between 0 and 49151 [-Wformat-overflow=]
 8257 |                         sprintf (buf, "%s %s", buf2, SHORT_ON_RENT);
      |                                           ^~
commerce.cpp:8257:33: note: ‘sprintf’ output between 86 and 49237 bytes into a destination of size 49152
 8257 |                         sprintf (buf, "%s %s", buf2, SHORT_ON_RENT);
      |                         ~~~~~~~~^~~~~~~~~~~~~~~~~~~~~~~~~~~~~~~~~~~
crafts.cpp: In function ‘AFFECTED_TYPE* is_craft_command(CHAR_DATA*, char*)’:
crafts.cpp:329:9: warning: this ‘else’ clause does not guard... [-Wmisleading-indentation]
  329 |         else
      |         ^~~~
crafts.cpp:339:17: note: ...this statement, but the latter is misleadingly indented as if it were guarded by the ‘else’
  339 |                 if (i > CRAFT_LAST)
      |                 ^~
crafts.cpp: In function ‘void add_to_default_list(DEFAULT_ITEM_DATA*, char*)’:
crafts.cpp:1735:24: warning: ‘memset’ used with length equal to number of elements without multiplication by element size [-Wmemset-elt-size]
 1735 |                 memset (items->items, 0, MAX_DEFAULT_ITEMS);
      |                 ~~~~~~~^~~~~~~~~~~~~~~~~~~~~~~~~~~~~~~~~~~~
crafts.cpp: In function ‘void reg_read_crafts(FILE*, char*)’:
crafts.cpp:2642:15: warning: variable ‘argument’ set but not used [-Wunused-but-set-variable]
 2642 |         char *argument;
      |               ^~~~~~~~
crafts.cpp: In function ‘void branch_craft(CHAR_DATA*, SUBCRAFT_HEAD_DATA*)’:
crafts.cpp:3834:13: warning: unused variable ‘pc_count’ [-Wunused-variable]
 3834 |         int pc_count = 0;
      |             ^~~~~~~~
crafts.cpp: In function ‘void activate_phase(CHAR_DATA*, AFFECTED_TYPE*)’:
crafts.cpp:4360:19: warning: variable ‘target_obj’ set but not used [-Wunused-but-set-variable]
 4360 |         OBJ_DATA *target_obj = NULL;
      |                   ^~~~~~~~~~
crafts.cpp: In function ‘OBJ_DATA* item_obj(CHAR_DATA*, DEFAULT_ITEM_DATA*)’:
crafts.cpp:3624:1: warning: control reaches end of non-void function [-Wreturn-type]
 3624 | }
      | ^
crafts.cpp: In function ‘void do_materials(CHAR_DATA*, char*, int)’:
crafts.cpp:581:63: warning: ‘%s’ directive writing up to 49151 bytes into a region of size 49130 [-Wformat-overflow=]
  581 |                         sprintf (buf2, "#6Opening Craft For:#0%s\n", buf);
      |                                                               ^~     ~~~
crafts.cpp:581:33: note: ‘sprintf’ output between 24 and 49175 bytes into a destination of size 49152
  581 |                         sprintf (buf2, "#6Opening Craft For:#0%s\n", buf);
      |                         ~~~~~~~~^~~~~~~~~~~~~~~~~~~~~~~~~~~~~~~~~~~~~~~~~
crafts.cpp: In function ‘void craft_setup(CHAR_DATA*, char*, char*)’:
crafts.cpp:5823:61: warning: ‘%s’ directive writing up to 49151 bytes into a region of size 49126 [-Wformat-overflow=]
 5823 |                 sprintf (output, "Craft command changed to '%s'.\n", buf);
      |                                                             ^~       ~~~
crafts.cpp:5823:25: note: ‘sprintf’ output between 30 and 49181 bytes into a destination of size 49152
 5823 |                 sprintf (output, "Craft command changed to '%s'.\n", buf);
      |                 ~~~~~~~~^~~~~~~~~~~~~~~~~~~~~~~~~~~~~~~~~~~~~~~~~~~~~~~~~
crafts.cpp:5810:61: warning: ‘%s’ directive writing up to 49151 bytes into a region of size 49126 [-Wformat-overflow=]
 5810 |                 sprintf (output, "Subcraft name changed to '%s'.\n", buf);
      |                                                             ^~       ~~~
crafts.cpp:5810:25: note: ‘sprintf’ output between 30 and 49181 bytes into a destination of size 49152
 5810 |                 sprintf (output, "Subcraft name changed to '%s'.\n", buf);
      |                 ~~~~~~~~^~~~~~~~~~~~~~~~~~~~~~~~~~~~~~~~~~~~~~~~~~~~~~~~~
crafts.cpp:5797:58: warning: ‘%s’ directive writing up to 49151 bytes into a region of size 49129 [-Wformat-overflow=]
 5797 |                 sprintf (output, "Craft name changed to '%s'.\n", buf);
      |                                                          ^~       ~~~
crafts.cpp:5797:25: note: ‘sprintf’ output between 27 and 49178 bytes into a destination of size 49152
 5797 |                 sprintf (output, "Craft name changed to '%s'.\n", buf);
      |                 ~~~~~~~~^~~~~~~~~~~~~~~~~~~~~~~~~~~~~~~~~~~~~~~~~~~~~~
crafts.cpp: In function ‘void do_crafts(CHAR_DATA*, char*, int)’:
crafts.cpp:1143:59: warning: ‘%s’ directive writing up to 49151 bytes into a region of size 49127 [-Wformat-overflow=]
 1143 |                 sprintf (buf2, "\nWe have the following #6%s#0 crafts:\n\n", buf);
      |                                                           ^~                 ~~~
crafts.cpp:1143:25: note: ‘sprintf’ output between 38 and 49189 bytes into a destination of size 49152
 1143 |                 sprintf (buf2, "\nWe have the following #6%s#0 crafts:\n\n", buf);
      |                 ~~~~~~~~^~~~~~~~~~~~~~~~~~~~~~~~~~~~~~~~~~~~~~~~~~~~~~~~~~~~~~~~~
crafts.cpp:946:50: warning: ‘%s’ directive writing up to 49151 bytes into a region of size 49150 [-Wformat-overflow=]
  946 |                                 sprintf(buf2, "#6%s#0", buf);
      |                                                  ^~     ~~~
crafts.cpp:946:40: note: ‘sprintf’ output between 5 and 49156 bytes into a destination of size 49152
  946 |                                 sprintf(buf2, "#6%s#0", buf);
      |                                 ~~~~~~~^~~~~~~~~~~~~~~~~~~~~
crafts.cpp:963:62: warning: ‘%-30s’ directive writing between 30 and 49151 bytes into a region of size 49147 [-Wformat-overflow=]
  963 |                                         sprintf (buf2, "   #6%-30s#0", name);
      |                                                              ^~~~~     ~~~~
crafts.cpp:963:49: note: ‘sprintf’ output between 38 and 49159 bytes into a destination of size 49152
  963 |                                         sprintf (buf2, "   #6%-30s#0", name);
      |                                         ~~~~~~~~^~~~~~~~~~~~~~~~~~~~~~~~~~~~
g++ -Wno-write-strings  -c -march=native  -ggdb -DLINUX -Wall -fpermissive -std=gnu++98 create_mobile.cpp 
create_mobile.cpp: In function ‘void insert_mobile_variables(CHAR_DATA*, CHAR_DATA*, char*, char*, char*, char*, char*, char*, char*, char*, char*, char*)’:
create_mobile.cpp:930:37: warning: logical not is only applied to the left hand side of comparison [-Wlogical-not-parentheses]
  930 |                 while (!original[j] == ' ' && !original[j] == '#')
      |                                     ^~
create_mobile.cpp:930:24: note: add parentheses around left hand side expression to silence this warning
  930 |                 while (!original[j] == ' ' && !original[j] == '#')
      |                        ^~~~~~~~~~~~
      |                        (           )
create_mobile.cpp:930:37: warning: comparison of constant ‘' '’ with boolean expression is always false [-Wbool-compare]
  930 |                 while (!original[j] == ' ' && !original[j] == '#')
      |                        ~~~~~~~~~~~~~^~~~~~
create_mobile.cpp:930:60: warning: logical not is only applied to the left hand side of comparison [-Wlogical-not-parentheses]
  930 |                 while (!original[j] == ' ' && !original[j] == '#')
      |                                                            ^~
create_mobile.cpp:930:47: note: add parentheses around left hand side expression to silence this warning
  930 |                 while (!original[j] == ' ' && !original[j] == '#')
      |                                               ^~~~~~~~~~~~
      |                                               (           )
create_mobile.cpp:930:60: warning: comparison of constant ‘'#'’ with boolean expression is always false [-Wbool-compare]
  930 |                 while (!original[j] == ' ' && !original[j] == '#')
      |                                               ~~~~~~~~~~~~~^~~~~~
create_mobile.cpp: In function ‘void randomize_mobile(CHAR_DATA*)’:
create_mobile.cpp:1932:16: warning: unused variable ‘proto’ [-Wunused-variable]
 1932 |     CHAR_DATA *proto;
      |                ^~~~~
create_mobile.cpp:1933:9: warning: unused variable ‘attr_starters’ [-Wunused-variable]
 1933 |     int attr_starters[] = { 16, 15, 12, 12, 11, 10, 8 };
      |         ^~~~~~~~~~~~~
create_mobile.cpp:1934:9: warning: unused variable ‘attr_priorities’ [-Wunused-variable]
 1934 |     int attr_priorities[] = { -1, -1, -1, -1, -1, -1, 1 };
      |         ^~~~~~~~~~~~~~~
create_mobile.cpp:1935:9: warning: unused variable ‘slots_taken’ [-Wunused-variable]
 1935 |     int slots_taken[] = { 0, 0, 0, 0, 0, 0, 0 };
      |         ^~~~~~~~~~~
create_mobile.cpp:1936:9: warning: unused variable ‘i’ [-Wunused-variable]
 1936 |     int i, roll, bonus;
      |         ^
create_mobile.cpp:1936:18: warning: unused variable ‘bonus’ [-Wunused-variable]
 1936 |     int i, roll, bonus;
      |                  ^~~~~
create_mobile.cpp:1937:9: warning: unused variable ‘type_bonus’ [-Wunused-variable]
 1937 |     int type_bonus = 0;
      |         ^~~~~~~~~~
create_mobile.cpp: In function ‘void new_create_description(CHAR_DATA*, char*, char*, char*, char*, char*, char*, char*, char*, char*, char*, char*)’:
create_mobile.cpp:3246:31: warning: format not a string literal and no format arguments [-Wformat-security]
 3246 |                 sprintf(adj2, temp_adj);
      |                               ^~~~~~~~
create_mobile.cpp:3248:31: warning: format not a string literal and no format arguments [-Wformat-security]
 3248 |                 sprintf(adj1, temp_adj);
      |                               ^~~~~~~~
create_mobile.cpp:3488:31: warning: format not a string literal and no format arguments [-Wformat-security]
 3488 |                 sprintf(adj2, temp_adj);
      |                               ^~~~~~~~
create_mobile.cpp:3490:31: warning: format not a string literal and no format arguments [-Wformat-security]
 3490 |                 sprintf(adj1, temp_adj);
      |                               ^~~~~~~~
create_mobile.cpp:3730:31: warning: format not a string literal and no format arguments [-Wformat-security]
 3730 |                 sprintf(adj3, temp_adj);
      |                               ^~~~~~~~
create_mobile.cpp:3732:31: warning: format not a string literal and no format arguments [-Wformat-security]
 3732 |                 sprintf(adj2, temp_adj);
      |                               ^~~~~~~~
create_mobile.cpp:3734:31: warning: format not a string literal and no format arguments [-Wformat-security]
 3734 |                 sprintf(adj1, temp_adj);
      |                               ^~~~~~~~
create_mobile.cpp: In function ‘void insert_mobile_variables(CHAR_DATA*, CHAR_DATA*, char*, char*, char*, char*, char*, char*, char*, char*, char*, char*)’:
create_mobile.cpp:910:42: warning: ‘%s’ directive writing up to 49151 bytes into a region of size 256 [-Wformat-overflow=]
  910 |                     sprintf (tempcolor, "%s", manual ? temp_name : mob_vc_rand(temp, &i));
      |                                          ^~
create_mobile.cpp:910:29: note: ‘sprintf’ output between 1 and 49152 bytes into a destination of size 256
  910 |                     sprintf (tempcolor, "%s", manual ? temp_name : mob_vc_rand(temp, &i));
      |                     ~~~~~~~~^~~~~~~~~~~~~~~~~~~~~~~~~~~~~~~~~~~~~~~~~~~~~~~~~~~~~~~~~~~~~
create_mobile.cpp: In function ‘void old_create_description(CHAR_DATA*)’:
create_mobile.cpp:1675:30: warning: ‘ is here.’ directive writing 9 bytes into a region of size between 1 and 49152 [-Wformat-overflow=]
 1675 |             sprintf (buf, "%s is here.", sdesc);
      |                              ^~~~~~~~~
create_mobile.cpp:1675:21: note: ‘sprintf’ output between 10 and 49161 bytes into a destination of size 49152
 1675 |             sprintf (buf, "%s is here.", sdesc);
      |             ~~~~~~~~^~~~~~~~~~~~~~~~~~~~~~~~~~~
create_mobile.cpp:1673:30: warning: ‘ stands here.’ directive writing 13 bytes into a region of size between 1 and 49152 [-Wformat-overflow=]
 1673 |             sprintf (buf, "%s stands here.", sdesc);
      |                              ^~~~~~~~~~~~~
create_mobile.cpp:1673:21: note: ‘sprintf’ output between 14 and 49165 bytes into a destination of size 49152
 1673 |             sprintf (buf, "%s stands here.", sdesc);
      |             ~~~~~~~~^~~~~~~~~~~~~~~~~~~~~~~~~~~~~~~
create_mobile.cpp:1671:30: warning: ‘ is here, twitching spasmodi...’ directive writing 34 bytes into a region of size between 1 and 49152 [-Wformat-overflow=]
 1671 |             sprintf (buf, "%s is here, twitching spasmodically.", sdesc);
      |                              ^~~~~~~~~~~~~~~~~~~~~~~~~~~~~~~~~~
create_mobile.cpp:1671:21: note: ‘sprintf’ output between 35 and 49186 bytes into a destination of size 49152
 1671 |             sprintf (buf, "%s is here, twitching spasmodically.", sdesc);
      |             ~~~~~~~~^~~~~~~~~~~~~~~~~~~~~~~~~~~~~~~~~~~~~~~~~~~~~~~~~~~~
create_mobile.cpp:1669:30: warning: ‘ stands here, swaying from s...’ directive writing 40 bytes into a region of size between 1 and 49152 [-Wformat-overflow=]
 1669 |             sprintf (buf, "%s stands here, swaying from side to side.", sdesc);
      |                              ^~~~~~~~~~~~~~~~~~~~~~~~~~~~~~~~~~~~~~~~
create_mobile.cpp:1669:21: note: ‘sprintf’ output between 41 and 49192 bytes into a destination of size 49152
 1669 |             sprintf (buf, "%s stands here, swaying from side to side.", sdesc);
      |             ~~~~~~~~^~~~~~~~~~~~~~~~~~~~~~~~~~~~~~~~~~~~~~~~~~~~~~~~~~~~~~~~~~
create_mobile.cpp:1667:30: warning: ‘ is here, jerking occasionally.’ directive writing 31 bytes into a region of size between 1 and 49152 [-Wformat-overflow=]
 1667 |             sprintf (buf, "%s is here, jerking occasionally.", sdesc);
      |                              ^~~~~~~~~~~~~~~~~~~~~~~~~~~~~~~
create_mobile.cpp:1667:21: note: ‘sprintf’ output between 32 and 49183 bytes into a destination of size 49152
 1667 |             sprintf (buf, "%s is here, jerking occasionally.", sdesc);
      |             ~~~~~~~~^~~~~~~~~~~~~~~~~~~~~~~~~~~~~~~~~~~~~~~~~~~~~~~~~
create_mobile.cpp:1665:30: warning: ‘ stands here, stock still.’ directive writing 26 bytes into a region of size between 1 and 49152 [-Wformat-overflow=]
 1665 |             sprintf (buf, "%s stands here, stock still.", sdesc);
      |                              ^~~~~~~~~~~~~~~~~~~~~~~~~~
create_mobile.cpp:1665:21: note: ‘sprintf’ output between 27 and 49178 bytes into a destination of size 49152
 1665 |             sprintf (buf, "%s stands here, stock still.", sdesc);
      |             ~~~~~~~~^~~~~~~~~~~~~~~~~~~~~~~~~~~~~~~~~~~~~~~~~~~~
create_mobile.cpp:1663:30: warning: ‘ stands here hunched over.’ directive writing 26 bytes into a region of size between 1 and 49152 [-Wformat-overflow=]
 1663 |             sprintf (buf, "%s stands here hunched over.", sdesc);
      |                              ^~~~~~~~~~~~~~~~~~~~~~~~~~
create_mobile.cpp:1663:21: note: ‘sprintf’ output between 27 and 49178 bytes into a destination of size 49152
 1663 |             sprintf (buf, "%s stands here hunched over.", sdesc);
      |             ~~~~~~~~^~~~~~~~~~~~~~~~~~~~~~~~~~~~~~~~~~~~~~~~~~~~
create_mobile.cpp:1657:30: warning: ‘ sits here, unmoving.’ directive writing 21 bytes into a region of size between 1 and 49152 [-Wformat-overflow=]
 1657 |             sprintf (buf, "%s sits here, unmoving.", sdesc);
      |                              ^~~~~~~~~~~~~~~~~~~~~
create_mobile.cpp:1657:21: note: ‘sprintf’ output between 22 and 49173 bytes into a destination of size 49152
 1657 |             sprintf (buf, "%s sits here, unmoving.", sdesc);
      |             ~~~~~~~~^~~~~~~~~~~~~~~~~~~~~~~~~~~~~~~~~~~~~~~
create_mobile.cpp:1655:30: warning: ‘ moves across the rough ground.’ directive writing 31 bytes into a region of size between 1 and 49152 [-Wformat-overflow=]
 1655 |             sprintf (buf, "%s moves across the rough ground.", sdesc);
      |                              ^~~~~~~~~~~~~~~~~~~~~~~~~~~~~~~
create_mobile.cpp:1655:21: note: ‘sprintf’ output between 32 and 49183 bytes into a destination of size 49152
 1655 |             sprintf (buf, "%s moves across the rough ground.", sdesc);
      |             ~~~~~~~~^~~~~~~~~~~~~~~~~~~~~~~~~~~~~~~~~~~~~~~~~~~~~~~~~
create_mobile.cpp:1653:30: warning: ‘ is here.’ directive writing 9 bytes into a region of size between 1 and 49152 [-Wformat-overflow=]
 1653 |             sprintf (buf, "%s is here.", sdesc);
      |                              ^~~~~~~~~
create_mobile.cpp:1653:21: note: ‘sprintf’ output between 10 and 49161 bytes into a destination of size 49152
 1653 |             sprintf (buf, "%s is here.", sdesc);
      |             ~~~~~~~~^~~~~~~~~~~~~~~~~~~~~~~~~~~
create_mobile.cpp:1651:30: warning: ‘ stands here, clacking its m...’ directive writing 37 bytes into a region of size between 1 and 49152 [-Wformat-overflow=]
 1651 |             sprintf (buf, "%s stands here, clacking its mandibles.", sdesc);
      |                              ^~~~~~~~~~~~~~~~~~~~~~~~~~~~~~~~~~~~~
create_mobile.cpp:1651:21: note: ‘sprintf’ output between 38 and 49189 bytes into a destination of size 49152
 1651 |             sprintf (buf, "%s stands here, clacking its mandibles.", sdesc);
      |             ~~~~~~~~^~~~~~~~~~~~~~~~~~~~~~~~~~~~~~~~~~~~~~~~~~~~~~~~~~~~~~~
create_mobile.cpp:1649:30: warning: ‘ crouches low to the ground.’ directive writing 28 bytes into a region of size between 1 and 49152 [-Wformat-overflow=]
 1649 |             sprintf (buf, "%s crouches low to the ground.", sdesc);
      |                              ^~~~~~~~~~~~~~~~~~~~~~~~~~~~
create_mobile.cpp:1649:21: note: ‘sprintf’ output between 29 and 49180 bytes into a destination of size 49152
 1649 |             sprintf (buf, "%s crouches low to the ground.", sdesc);
      |             ~~~~~~~~^~~~~~~~~~~~~~~~~~~~~~~~~~~~~~~~~~~~~~~~~~~~~~
create_mobile.cpp:1647:30: warning: ‘ moves slowly.’ directive writing 14 bytes into a region of size between 1 and 49152 [-Wformat-overflow=]
 1647 |             sprintf (buf, "%s moves slowly.", sdesc);
      |                              ^~~~~~~~~~~~~~
create_mobile.cpp:1647:21: note: ‘sprintf’ output between 15 and 49166 bytes into a destination of size 49152
 1647 |             sprintf (buf, "%s moves slowly.", sdesc);
      |             ~~~~~~~~^~~~~~~~~~~~~~~~~~~~~~~~~~~~~~~~
create_mobile.cpp:1645:30: warning: ‘ crawls about silently.’ directive writing 23 bytes into a region of size between 1 and 49152 [-Wformat-overflow=]
 1645 |             sprintf (buf, "%s crawls about silently.", sdesc);
      |                              ^~~~~~~~~~~~~~~~~~~~~~~
create_mobile.cpp:1645:21: note: ‘sprintf’ output between 24 and 49175 bytes into a destination of size 49152
 1645 |             sprintf (buf, "%s crawls about silently.", sdesc);
      |             ~~~~~~~~^~~~~~~~~~~~~~~~~~~~~~~~~~~~~~~~~~~~~~~~~
create_mobile.cpp:1637:30: warning: ‘ sneaks about quietly.’ directive writing 22 bytes into a region of size between 1 and 49152 [-Wformat-overflow=]
 1637 |             sprintf (buf, "%s sneaks about quietly.", sdesc);
      |                              ^~~~~~~~~~~~~~~~~~~~~~
create_mobile.cpp:1637:21: note: ‘sprintf’ output between 23 and 49174 bytes into a destination of size 49152
 1637 |             sprintf (buf, "%s sneaks about quietly.", sdesc);
      |             ~~~~~~~~^~~~~~~~~~~~~~~~~~~~~~~~~~~~~~~~~~~~~~~~
create_mobile.cpp:1634:30: warning: ‘ lies low to the ground here.’ directive writing 29 bytes into a region of size between 1 and 49152 [-Wformat-overflow=]
 1634 |             sprintf (buf, "%s lies low to the ground here.", sdesc);
      |                              ^~~~~~~~~~~~~~~~~~~~~~~~~~~~~
create_mobile.cpp:1634:21: note: ‘sprintf’ output between 30 and 49181 bytes into a destination of size 49152
 1634 |             sprintf (buf, "%s lies low to the ground here.", sdesc);
      |             ~~~~~~~~^~~~~~~~~~~~~~~~~~~~~~~~~~~~~~~~~~~~~~~~~~~~~~~
create_mobile.cpp:1632:30: warning: ‘ is here.’ directive writing 9 bytes into a region of size between 1 and 49152 [-Wformat-overflow=]
 1632 |             sprintf (buf, "%s is here.", sdesc);
      |                              ^~~~~~~~~
create_mobile.cpp:1632:21: note: ‘sprintf’ output between 10 and 49161 bytes into a destination of size 49152
 1632 |             sprintf (buf, "%s is here.", sdesc);
      |             ~~~~~~~~^~~~~~~~~~~~~~~~~~~~~~~~~~~
create_mobile.cpp:1630:30: warning: ‘ waits here, unmoving.’ directive writing 22 bytes into a region of size between 1 and 49152 [-Wformat-overflow=]
 1630 |             sprintf (buf, "%s waits here, unmoving.", sdesc);
      |                              ^~~~~~~~~~~~~~~~~~~~~~
create_mobile.cpp:1630:21: note: ‘sprintf’ output between 23 and 49174 bytes into a destination of size 49152
 1630 |             sprintf (buf, "%s waits here, unmoving.", sdesc);
      |             ~~~~~~~~^~~~~~~~~~~~~~~~~~~~~~~~~~~~~~~~~~~~~~~~
create_mobile.cpp:1628:30: warning: ‘ moves quietly by.’ directive writing 18 bytes into a region of size between 1 and 49152 [-Wformat-overflow=]
 1628 |             sprintf (buf, "%s moves quietly by.", sdesc);
      |                              ^~~~~~~~~~~~~~~~~~
create_mobile.cpp:1628:21: note: ‘sprintf’ output between 19 and 49170 bytes into a destination of size 49152
 1628 |             sprintf (buf, "%s moves quietly by.", sdesc);
      |             ~~~~~~~~^~~~~~~~~~~~~~~~~~~~~~~~~~~~~~~~~~~~
create_mobile.cpp:1626:30: warning: ‘ is here, skulking about.’ directive writing 25 bytes into a region of size between 1 and 49152 [-Wformat-overflow=]
 1626 |             sprintf (buf, "%s is here, skulking about.", sdesc);
      |                              ^~~~~~~~~~~~~~~~~~~~~~~~~
create_mobile.cpp:1626:21: note: ‘sprintf’ output between 26 and 49177 bytes into a destination of size 49152
 1626 |             sprintf (buf, "%s is here, skulking about.", sdesc);
      |             ~~~~~~~~^~~~~~~~~~~~~~~~~~~~~~~~~~~~~~~~~~~~~~~~~~~
create_mobile.cpp:1622:30: warning: ‘ skitters around the area.’ directive writing 26 bytes into a region of size between 1 and 49152 [-Wformat-overflow=]
 1622 |             sprintf (buf, "%s skitters around the area.", sdesc);
      |                              ^~~~~~~~~~~~~~~~~~~~~~~~~~
create_mobile.cpp:1622:21: note: ‘sprintf’ output between 27 and 49178 bytes into a destination of size 49152
 1622 |             sprintf (buf, "%s skitters around the area.", sdesc);
      |             ~~~~~~~~^~~~~~~~~~~~~~~~~~~~~~~~~~~~~~~~~~~~~~~~~~~~
create_mobile.cpp:1615:30: warning: ‘ is here, watching in silence.’ directive writing 30 bytes into a region of size between 1 and 49152 [-Wformat-overflow=]
 1615 |             sprintf (buf, "%s is here, watching in silence.", sdesc);
      |                              ^~~~~~~~~~~~~~~~~~~~~~~~~~~~~~
create_mobile.cpp:1615:21: note: ‘sprintf’ output between 31 and 49182 bytes into a destination of size 49152
 1615 |             sprintf (buf, "%s is here, watching in silence.", sdesc);
      |             ~~~~~~~~^~~~~~~~~~~~~~~~~~~~~~~~~~~~~~~~~~~~~~~~~~~~~~~~
create_mobile.cpp:1613:30: warning: ‘ flies through the area.’ directive writing 24 bytes into a region of size between 1 and 49152 [-Wformat-overflow=]
 1613 |             sprintf (buf, "%s flies through the area.", sdesc);
      |                              ^~~~~~~~~~~~~~~~~~~~~~~~
create_mobile.cpp:1613:21: note: ‘sprintf’ output between 25 and 49176 bytes into a destination of size 49152
 1613 |             sprintf (buf, "%s flies through the area.", sdesc);
      |             ~~~~~~~~^~~~~~~~~~~~~~~~~~~~~~~~~~~~~~~~~~~~~~~~~~
create_mobile.cpp:1611:30: warning: ‘ perches here, observing qui...’ directive writing 33 bytes into a region of size between 1 and 49152 [-Wformat-overflow=]
 1611 |             sprintf (buf, "%s perches here, observing quietly.", sdesc);
      |                              ^~~~~~~~~~~~~~~~~~~~~~~~~~~~~~~~~
create_mobile.cpp:1611:21: note: ‘sprintf’ output between 34 and 49185 bytes into a destination of size 49152
 1611 |             sprintf (buf, "%s perches here, observing quietly.", sdesc);
      |             ~~~~~~~~^~~~~~~~~~~~~~~~~~~~~~~~~~~~~~~~~~~~~~~~~~~~~~~~~~~
create_mobile.cpp:1609:30: warning: ‘ perches here.’ directive writing 14 bytes into a region of size between 1 and 49152 [-Wformat-overflow=]
 1609 |             sprintf (buf, "%s perches here.", sdesc);
      |                              ^~~~~~~~~~~~~~
create_mobile.cpp:1609:21: note: ‘sprintf’ output between 15 and 49166 bytes into a destination of size 49152
 1609 |             sprintf (buf, "%s perches here.", sdesc);
      |             ~~~~~~~~^~~~~~~~~~~~~~~~~~~~~~~~~~~~~~~~
create_mobile.cpp:1601:30: warning: ‘ strides through, watching i...’ directive writing 36 bytes into a region of size between 1 and 49152 [-Wformat-overflow=]
 1601 |             sprintf (buf, "%s strides through, watching intently.", sdesc);
      |                              ^~~~~~~~~~~~~~~~~~~~~~~~~~~~~~~~~~~~
create_mobile.cpp:1601:21: note: ‘sprintf’ output between 37 and 49188 bytes into a destination of size 49152
 1601 |             sprintf (buf, "%s strides through, watching intently.", sdesc);
      |             ~~~~~~~~^~~~~~~~~~~~~~~~~~~~~~~~~~~~~~~~~~~~~~~~~~~~~~~~~~~~~~
create_mobile.cpp:1596:30: warning: ‘ moves by, watching the area...’ directive writing 41 bytes into a region of size between 1 and 49152 [-Wformat-overflow=]
 1596 |             sprintf (buf, "%s moves by, watching the area attentively.", sdesc);
      |                              ^~~~~~~~~~~~~~~~~~~~~~~~~~~~~~~~~~~~~~~~~
create_mobile.cpp:1596:21: note: ‘sprintf’ output between 42 and 49193 bytes into a destination of size 49152
 1596 |             sprintf (buf, "%s moves by, watching the area attentively.", sdesc);
      |             ~~~~~~~~^~~~~~~~~~~~~~~~~~~~~~~~~~~~~~~~~~~~~~~~~~~~~~~~~~~~~~~~~~~
create_mobile.cpp:1590:30: warning: ‘ patrols here, looking for s...’ directive writing 44 bytes into a region of size between 1 and 49152 [-Wformat-overflow=]
 1590 |             sprintf (buf, "%s patrols here, looking for signs of trouble.",
      |                              ^~~~~~~~~~~~~~~~~~~~~~~~~~~~~~~~~~~~~~~~~~~~
create_mobile.cpp:1590:21: note: ‘sprintf’ output between 45 and 49196 bytes into a destination of size 49152
 1590 |             sprintf (buf, "%s patrols here, looking for signs of trouble.",
      |             ~~~~~~~~^~~~~~~~~~~~~~~~~~~~~~~~~~~~~~~~~~~~~~~~~~~~~~~~~~~~~~~
 1591 |                      sdesc);
      |                      ~~~~~~
create_mobile.cpp:1583:30: warning: ‘ watches its surroundings al...’ directive writing 34 bytes into a region of size between 1 and 49152 [-Wformat-overflow=]
 1583 |             sprintf (buf, "%s watches its surroundings alertly.", sdesc);
      |                              ^~~~~~~~~~~~~~~~~~~~~~~~~~~~~~~~~~
create_mobile.cpp:1583:21: note: ‘sprintf’ output between 35 and 49186 bytes into a destination of size 49152
 1583 |             sprintf (buf, "%s watches its surroundings alertly.", sdesc);
      |             ~~~~~~~~^~~~~~~~~~~~~~~~~~~~~~~~~~~~~~~~~~~~~~~~~~~~~~~~~~~~
create_mobile.cpp:1579:30: warning: ‘ pads around, sniffing the g...’ directive writing 34 bytes into a region of size between 1 and 49152 [-Wformat-overflow=]
 1579 |             sprintf (buf, "%s pads around, sniffing the ground.", sdesc);
      |                              ^~~~~~~~~~~~~~~~~~~~~~~~~~~~~~~~~~
create_mobile.cpp:1579:21: note: ‘sprintf’ output between 35 and 49186 bytes into a destination of size 49152
 1579 |             sprintf (buf, "%s pads around, sniffing the ground.", sdesc);
      |             ~~~~~~~~^~~~~~~~~~~~~~~~~~~~~~~~~~~~~~~~~~~~~~~~~~~~~~~~~~~~
create_mobile.cpp:1574:30: warning: ‘ pauses here, sniffing the air.’ directive writing 31 bytes into a region of size between 1 and 49152 [-Wformat-overflow=]
 1574 |             sprintf (buf, "%s pauses here, sniffing the air.", sdesc);
      |                              ^~~~~~~~~~~~~~~~~~~~~~~~~~~~~~~
create_mobile.cpp:1574:21: note: ‘sprintf’ output between 32 and 49183 bytes into a destination of size 49152
 1574 |             sprintf (buf, "%s pauses here, sniffing the air.", sdesc);
      |             ~~~~~~~~^~~~~~~~~~~~~~~~~~~~~~~~~~~~~~~~~~~~~~~~~~~~~~~~~
create_mobile.cpp:1571:30: warning: ‘ pads about here.’ directive writing 17 bytes into a region of size between 1 and 49152 [-Wformat-overflow=]
 1571 |             sprintf (buf, "%s pads about here.", sdesc);
      |                              ^~~~~~~~~~~~~~~~~
create_mobile.cpp:1571:21: note: ‘sprintf’ output between 18 and 49169 bytes into a destination of size 49152
 1571 |             sprintf (buf, "%s pads about here.", sdesc);
      |             ~~~~~~~~^~~~~~~~~~~~~~~~~~~~~~~~~~~~~~~~~~~
create_mobile.cpp:1569:30: warning: ‘ paces back and forth.’ directive writing 22 bytes into a region of size between 1 and 49152 [-Wformat-overflow=]
 1569 |             sprintf (buf, "%s paces back and forth.", sdesc);
      |                              ^~~~~~~~~~~~~~~~~~~~~~
create_mobile.cpp:1569:21: note: ‘sprintf’ output between 23 and 49174 bytes into a destination of size 49152
 1569 |             sprintf (buf, "%s paces back and forth.", sdesc);
      |             ~~~~~~~~^~~~~~~~~~~~~~~~~~~~~~~~~~~~~~~~~~~~~~~~
create_mobile.cpp:1567:30: warning: ‘ paces here.’ directive writing 12 bytes into a region of size between 1 and 49152 [-Wformat-overflow=]
 1567 |             sprintf (buf, "%s paces here.", sdesc);
      |                              ^~~~~~~~~~~~
create_mobile.cpp:1567:21: note: ‘sprintf’ output between 13 and 49164 bytes into a destination of size 49152
 1567 |             sprintf (buf, "%s paces here.", sdesc);
      |             ~~~~~~~~^~~~~~~~~~~~~~~~~~~~~~~~~~~~~~
create_mobile.cpp:1565:30: warning: ‘ prowls through the area.’ directive writing 25 bytes into a region of size between 1 and 49152 [-Wformat-overflow=]
 1565 |             sprintf (buf, "%s prowls through the area.", sdesc);
      |                              ^~~~~~~~~~~~~~~~~~~~~~~~~
create_mobile.cpp:1565:21: note: ‘sprintf’ output between 26 and 49177 bytes into a destination of size 49152
 1565 |             sprintf (buf, "%s prowls through the area.", sdesc);
      |             ~~~~~~~~^~~~~~~~~~~~~~~~~~~~~~~~~~~~~~~~~~~~~~~~~~~
create_mobile.cpp:1558:30: warning: ‘ patrols here, looking hawki...’ directive writing 39 bytes into a region of size between 1 and 49152 [-Wformat-overflow=]
 1558 |             sprintf (buf, "%s patrols here, looking hawkishly about.", sdesc);
      |                              ^~~~~~~~~~~~~~~~~~~~~~~~~~~~~~~~~~~~~~~
create_mobile.cpp:1558:21: note: ‘sprintf’ output between 40 and 49191 bytes into a destination of size 49152
 1558 |             sprintf (buf, "%s patrols here, looking hawkishly about.", sdesc);
      |             ~~~~~~~~^~~~~~~~~~~~~~~~~~~~~~~~~~~~~~~~~~~~~~~~~~~~~~~~~~~~~~~~~
create_mobile.cpp:1555:30: warning: ‘ stands here, watching for s...’ directive writing 44 bytes into a region of size between 1 and 49152 [-Wformat-overflow=]
 1555 |             sprintf (buf, "%s stands here, watching for signs of trouble.",
      |                              ^~~~~~~~~~~~~~~~~~~~~~~~~~~~~~~~~~~~~~~~~~~~
create_mobile.cpp:1555:21: note: ‘sprintf’ output between 45 and 49196 bytes into a destination of size 49152
 1555 |             sprintf (buf, "%s stands here, watching for signs of trouble.",
      |             ~~~~~~~~^~~~~~~~~~~~~~~~~~~~~~~~~~~~~~~~~~~~~~~~~~~~~~~~~~~~~~~
 1556 |                      sdesc);
      |                      ~~~~~~
create_mobile.cpp:1553:30: warning: ‘ stands at attention here.’ directive writing 26 bytes into a region of size between 1 and 49152 [-Wformat-overflow=]
 1553 |             sprintf (buf, "%s stands at attention here.", sdesc);
      |                              ^~~~~~~~~~~~~~~~~~~~~~~~~~
create_mobile.cpp:1553:21: note: ‘sprintf’ output between 27 and 49178 bytes into a destination of size 49152
 1553 |             sprintf (buf, "%s stands at attention here.", sdesc);
      |             ~~~~~~~~^~~~~~~~~~~~~~~~~~~~~~~~~~~~~~~~~~~~~~~~~~~~
create_mobile.cpp:1700:26: warning: ‘ is here.’ directive writing 9 bytes into a region of size between 1 and 49152 [-Wformat-overflow=]
 1700 |         sprintf (buf, "%s is here.", sdesc);
      |                          ^~~~~~~~~
create_mobile.cpp:1700:17: note: ‘sprintf’ output between 10 and 49161 bytes into a destination of size 49152
 1700 |         sprintf (buf, "%s is here.", sdesc);
      |         ~~~~~~~~^~~~~~~~~~~~~~~~~~~~~~~~~~~
create_mobile.cpp:1719:38: warning: ‘sprintf’ may write a terminating nul past the end of the destination [-Wformat-overflow=]
 1719 |     sprintf(buf3 + strlen(buf3), " %s", buf2);
      |                                      ^
create_mobile.cpp:1719:12: note: ‘sprintf’ output between 2 and 49153 bytes into a destination of size 49152
 1719 |     sprintf(buf3 + strlen(buf3), " %s", buf2);
      |     ~~~~~~~^~~~~~~~~~~~~~~~~~~~~~~~~~~~~~~~~~
create_mobile.cpp:1529:52: warning: ‘sprintf’ may write a terminating nul past the end of the destination [-Wformat-overflow=]
 1529 |                 sprintf (buf2 + strlen (buf2), "%s ", adj2);
      |                                                    ^
create_mobile.cpp:1529:25: note: ‘sprintf’ output between 2 and 49153 bytes into a destination of size 49152
 1529 |                 sprintf (buf2 + strlen (buf2), "%s ", adj2);
      |                 ~~~~~~~~^~~~~~~~~~~~~~~~~~~~~~~~~~~~~~~~~~~
create_mobile.cpp:1515:52: warning: ‘sprintf’ may write a terminating nul past the end of the destination [-Wformat-overflow=]
 1515 |                 sprintf (buf2 + strlen (buf2), "%s ", adj1);
      |                                                    ^
create_mobile.cpp:1515:25: note: ‘sprintf’ output between 2 and 49153 bytes into a destination of size 49152
 1515 |                 sprintf (buf2 + strlen (buf2), "%s ", adj1);
      |                 ~~~~~~~~^~~~~~~~~~~~~~~~~~~~~~~~~~~~~~~~~~~
create_mobile.cpp: In function ‘void new_create_description(CHAR_DATA*, char*, char*, char*, char*, char*, char*, char*, char*, char*, char*, char*)’:
create_mobile.cpp:3698:42: warning: ‘-haired’ directive writing 7 bytes into a region of size between 1 and 256 [-Wformat-overflow=]
 3698 |                     sprintf(temp_adj, "%s-haired", hair_length);
      |                                          ^~~~~~~
create_mobile.cpp:3698:28: note: ‘sprintf’ output between 8 and 263 bytes into a destination of size 256
 3698 |                     sprintf(temp_adj, "%s-haired", hair_length);
      |                     ~~~~~~~^~~~~~~~~~~~~~~~~~~~~~~~~~~~~~~~~~~~
create_mobile.cpp:3694:42: warning: ‘-haired’ directive writing 7 bytes into a region of size between 1 and 256 [-Wformat-overflow=]
 3694 |                     sprintf(temp_adj, "%s-haired", hair_style);
      |                                          ^~~~~~~
create_mobile.cpp:3694:28: note: ‘sprintf’ output between 8 and 263 bytes into a destination of size 256
 3694 |                     sprintf(temp_adj, "%s-haired", hair_style);
      |                     ~~~~~~~^~~~~~~~~~~~~~~~~~~~~~~~~~~~~~~~~~~
create_mobile.cpp:3702:42: warning: ‘-haired’ directive writing 7 bytes into a region of size between 1 and 256 [-Wformat-overflow=]
 3702 |                     sprintf(temp_adj, "%s-haired", hair_color);
      |                                          ^~~~~~~
create_mobile.cpp:3702:28: note: ‘sprintf’ output between 8 and 263 bytes into a destination of size 256
 3702 |                     sprintf(temp_adj, "%s-haired", hair_color);
      |                     ~~~~~~~^~~~~~~~~~~~~~~~~~~~~~~~~~~~~~~~~~~
create_mobile.cpp:3691:42: warning: ‘-eyed’ directive writing 5 bytes into a region of size between 1 and 256 [-Wformat-overflow=]
 3691 |                     sprintf(temp_adj, "%s-eyed", eyes);
      |                                          ^~~~~
create_mobile.cpp:3691:28: note: ‘sprintf’ output between 6 and 261 bytes into a destination of size 256
 3691 |                     sprintf(temp_adj, "%s-eyed", eyes);
      |                     ~~~~~~~^~~~~~~~~~~~~~~~~~~~~~~~~~~
create_mobile.cpp:3655:42: warning: ‘-eyed’ directive writing 5 bytes into a region of size between 1 and 256 [-Wformat-overflow=]
 3655 |                     sprintf(temp_adj, "%s-eyed", eyes);
      |                                          ^~~~~
create_mobile.cpp:3655:28: note: ‘sprintf’ output between 6 and 261 bytes into a destination of size 256
 3655 |                     sprintf(temp_adj, "%s-eyed", eyes);
      |                     ~~~~~~~^~~~~~~~~~~~~~~~~~~~~~~~~~~
create_mobile.cpp:3466:42: warning: ‘-haired’ directive writing 7 bytes into a region of size between 1 and 256 [-Wformat-overflow=]
 3466 |                     sprintf(temp_adj, "%s-haired", hair_color);
      |                                          ^~~~~~~
create_mobile.cpp:3466:28: note: ‘sprintf’ output between 8 and 263 bytes into a destination of size 256
 3466 |                     sprintf(temp_adj, "%s-haired", hair_color);
      |                     ~~~~~~~^~~~~~~~~~~~~~~~~~~~~~~~~~~~~~~~~~~
create_mobile.cpp:3462:42: warning: ‘-haired’ directive writing 7 bytes into a region of size between 1 and 256 [-Wformat-overflow=]
 3462 |                     sprintf(temp_adj, "%s-haired", hair_length);
      |                                          ^~~~~~~
create_mobile.cpp:3462:28: note: ‘sprintf’ output between 8 and 263 bytes into a destination of size 256
 3462 |                     sprintf(temp_adj, "%s-haired", hair_length);
      |                     ~~~~~~~^~~~~~~~~~~~~~~~~~~~~~~~~~~~~~~~~~~~
create_mobile.cpp:3458:42: warning: ‘-haired’ directive writing 7 bytes into a region of size between 1 and 256 [-Wformat-overflow=]
 3458 |                     sprintf(temp_adj, "%s-haired", hair_style);
      |                                          ^~~~~~~
create_mobile.cpp:3458:28: note: ‘sprintf’ output between 8 and 263 bytes into a destination of size 256
 3458 |                     sprintf(temp_adj, "%s-haired", hair_style);
      |                     ~~~~~~~^~~~~~~~~~~~~~~~~~~~~~~~~~~~~~~~~~~
create_mobile.cpp:3455:42: warning: ‘-eyed’ directive writing 5 bytes into a region of size between 1 and 256 [-Wformat-overflow=]
 3455 |                     sprintf(temp_adj, "%s-eyed", eyes);
      |                                          ^~~~~
create_mobile.cpp:3455:28: note: ‘sprintf’ output between 6 and 261 bytes into a destination of size 256
 3455 |                     sprintf(temp_adj, "%s-eyed", eyes);
      |                     ~~~~~~~^~~~~~~~~~~~~~~~~~~~~~~~~~~
create_mobile.cpp:3427:42: warning: ‘-eyed’ directive writing 5 bytes into a region of size between 1 and 256 [-Wformat-overflow=]
 3427 |                     sprintf(temp_adj, "%s-eyed", eyes);
      |                                          ^~~~~
create_mobile.cpp:3427:28: note: ‘sprintf’ output between 6 and 261 bytes into a destination of size 256
 3427 |                     sprintf(temp_adj, "%s-eyed", eyes);
      |                     ~~~~~~~^~~~~~~~~~~~~~~~~~~~~~~~~~~
create_mobile.cpp:3225:42: warning: ‘-haired’ directive writing 7 bytes into a region of size between 1 and 256 [-Wformat-overflow=]
 3225 |                     sprintf(temp_adj, "%s-haired", hair_color);
      |                                          ^~~~~~~
create_mobile.cpp:3225:28: note: ‘sprintf’ output between 8 and 263 bytes into a destination of size 256
 3225 |                     sprintf(temp_adj, "%s-haired", hair_color);
      |                     ~~~~~~~^~~~~~~~~~~~~~~~~~~~~~~~~~~~~~~~~~~
create_mobile.cpp:3221:42: warning: ‘-haired’ directive writing 7 bytes into a region of size between 1 and 256 [-Wformat-overflow=]
 3221 |                     sprintf(temp_adj, "%s-haired", hair_length);
      |                                          ^~~~~~~
create_mobile.cpp:3221:28: note: ‘sprintf’ output between 8 and 263 bytes into a destination of size 256
 3221 |                     sprintf(temp_adj, "%s-haired", hair_length);
      |                     ~~~~~~~^~~~~~~~~~~~~~~~~~~~~~~~~~~~~~~~~~~~
create_mobile.cpp:3217:42: warning: ‘-haired’ directive writing 7 bytes into a region of size between 1 and 256 [-Wformat-overflow=]
 3217 |                     sprintf(temp_adj, "%s-haired", hair_style);
      |                                          ^~~~~~~
create_mobile.cpp:3217:28: note: ‘sprintf’ output between 8 and 263 bytes into a destination of size 256
 3217 |                     sprintf(temp_adj, "%s-haired", hair_style);
      |                     ~~~~~~~^~~~~~~~~~~~~~~~~~~~~~~~~~~~~~~~~~~
create_mobile.cpp:3214:42: warning: ‘-eyed’ directive writing 5 bytes into a region of size between 1 and 256 [-Wformat-overflow=]
 3214 |                     sprintf(temp_adj, "%s-eyed", eyes);
      |                                          ^~~~~
create_mobile.cpp:3214:28: note: ‘sprintf’ output between 6 and 261 bytes into a destination of size 256
 3214 |                     sprintf(temp_adj, "%s-eyed", eyes);
      |                     ~~~~~~~^~~~~~~~~~~~~~~~~~~~~~~~~~~
create_mobile.cpp:3186:42: warning: ‘-eyed’ directive writing 5 bytes into a region of size between 1 and 256 [-Wformat-overflow=]
 3186 |                     sprintf(temp_adj, "%s-eyed", eyes);
      |                                          ^~~~~
create_mobile.cpp:3186:28: note: ‘sprintf’ output between 6 and 261 bytes into a destination of size 256
 3186 |                     sprintf(temp_adj, "%s-eyed", eyes);
      |                     ~~~~~~~^~~~~~~~~~~~~~~~~~~~~~~~~~~
create_mobile.cpp:3913:30: warning: ‘ patrols here, looking hawki...’ directive writing 39 bytes into a region of size between 1 and 49152 [-Wformat-overflow=]
 3913 |             sprintf (buf, "%s patrols here, looking hawkishly about.", sdesc);
      |                              ^~~~~~~~~~~~~~~~~~~~~~~~~~~~~~~~~~~~~~~
create_mobile.cpp:3913:21: note: ‘sprintf’ output between 40 and 49191 bytes into a destination of size 49152
 3913 |             sprintf (buf, "%s patrols here, looking hawkishly about.", sdesc);
      |             ~~~~~~~~^~~~~~~~~~~~~~~~~~~~~~~~~~~~~~~~~~~~~~~~~~~~~~~~~~~~~~~~~
create_mobile.cpp:3910:30: warning: ‘ stands here, watching for s...’ directive writing 44 bytes into a region of size between 1 and 49152 [-Wformat-overflow=]
 3910 |             sprintf (buf, "%s stands here, watching for signs of trouble.",
      |                              ^~~~~~~~~~~~~~~~~~~~~~~~~~~~~~~~~~~~~~~~~~~~
create_mobile.cpp:3910:21: note: ‘sprintf’ output between 45 and 49196 bytes into a destination of size 49152
 3910 |             sprintf (buf, "%s stands here, watching for signs of trouble.",
      |             ~~~~~~~~^~~~~~~~~~~~~~~~~~~~~~~~~~~~~~~~~~~~~~~~~~~~~~~~~~~~~~~
 3911 |                      sdesc);
      |                      ~~~~~~
create_mobile.cpp:3908:30: warning: ‘ stands at attention here.’ directive writing 26 bytes into a region of size between 1 and 49152 [-Wformat-overflow=]
 3908 |             sprintf (buf, "%s stands at attention here.", sdesc);
      |                              ^~~~~~~~~~~~~~~~~~~~~~~~~~
create_mobile.cpp:3908:21: note: ‘sprintf’ output between 27 and 49178 bytes into a destination of size 49152
 3908 |             sprintf (buf, "%s stands at attention here.", sdesc);
      |             ~~~~~~~~^~~~~~~~~~~~~~~~~~~~~~~~~~~~~~~~~~~~~~~~~~~~
create_mobile.cpp:3933:30: warning: ‘ strides through, watching i...’ directive writing 36 bytes into a region of size between 1 and 49152 [-Wformat-overflow=]
 3933 |             sprintf (buf, "%s strides through, watching intently.", sdesc);
      |                              ^~~~~~~~~~~~~~~~~~~~~~~~~~~~~~~~~~~~
create_mobile.cpp:3933:21: note: ‘sprintf’ output between 37 and 49188 bytes into a destination of size 49152
 3933 |             sprintf (buf, "%s strides through, watching intently.", sdesc);
      |             ~~~~~~~~^~~~~~~~~~~~~~~~~~~~~~~~~~~~~~~~~~~~~~~~~~~~~~~~~~~~~~
create_mobile.cpp:3928:30: warning: ‘ moves by, watching the area...’ directive writing 41 bytes into a region of size between 1 and 49152 [-Wformat-overflow=]
 3928 |             sprintf (buf, "%s moves by, watching the area attentively.", sdesc);
      |                              ^~~~~~~~~~~~~~~~~~~~~~~~~~~~~~~~~~~~~~~~~
create_mobile.cpp:3928:21: note: ‘sprintf’ output between 42 and 49193 bytes into a destination of size 49152
 3928 |             sprintf (buf, "%s moves by, watching the area attentively.", sdesc);
      |             ~~~~~~~~^~~~~~~~~~~~~~~~~~~~~~~~~~~~~~~~~~~~~~~~~~~~~~~~~~~~~~~~~~~
create_mobile.cpp:3922:30: warning: ‘ patrols here, looking for s...’ directive writing 44 bytes into a region of size between 1 and 49152 [-Wformat-overflow=]
 3922 |             sprintf (buf, "%s patrols here, looking for signs of trouble.",
      |                              ^~~~~~~~~~~~~~~~~~~~~~~~~~~~~~~~~~~~~~~~~~~~
create_mobile.cpp:3922:21: note: ‘sprintf’ output between 45 and 49196 bytes into a destination of size 49152
 3922 |             sprintf (buf, "%s patrols here, looking for signs of trouble.",
      |             ~~~~~~~~^~~~~~~~~~~~~~~~~~~~~~~~~~~~~~~~~~~~~~~~~~~~~~~~~~~~~~~
 3923 |                      sdesc);
      |                      ~~~~~~
create_mobile.cpp:3939:26: warning: ‘ is here.’ directive writing 9 bytes into a region of size between 1 and 49152 [-Wformat-overflow=]
 3939 |         sprintf (buf, "%s is here.", sdesc);
      |                          ^~~~~~~~~
g++ -Wno-write-strings  -c -march=native  -ggdb -DLINUX -Wall -fpermissive -std=gnu++98 creation.cpp 
create_mobile.cpp:3939:17: note: ‘sprintf’ output between 10 and 49161 bytes into a destination of size 49152
 3939 |         sprintf (buf, "%s is here.", sdesc);
      |         ~~~~~~~~^~~~~~~~~~~~~~~~~~~~~~~~~~~
create_mobile.cpp:3968:26: warning: ‘ ’ directive writing 1 byte into a region of size between 0 and 49151 [-Wformat-overflow=]
 3968 |     sprintf (buf3, "%s %s %s %s %s", buf2, sentence[0], sentence[1], sentence[2], sentence[3]);
      |                          ^
create_mobile.cpp:3968:13: note: ‘sprintf’ output 5 or more bytes (assuming 49156) into a destination of size 49152
 3968 |     sprintf (buf3, "%s %s %s %s %s", buf2, sentence[0], sentence[1], sentence[2], sentence[3]);
      |     ~~~~~~~~^~~~~~~~~~~~~~~~~~~~~~~~~~~~~~~~~~~~~~~~~~~~~~~~~~~~~~~~~~~~~~~~~~~~~~~~~~~~~~~~~~
g++ -Wno-write-strings  -c -march=native  -ggdb -DLINUX -Wall -fpermissive -std=gnu++98 db.cpp 
g++ -Wno-write-strings  -c -march=native  -ggdb -DLINUX -Wall -fpermissive -std=gnu++98 destruction.cpp 
db.cpp:852:1: warning: "/*" within comment [-Wcomment]
  852 | /* Commented out by Nimrod for Time update - 11 Sept 13
      |  
g++ -Wno-write-strings  -c -march=native  -ggdb -DLINUX -Wall -fpermissive -std=gnu++98 dwellings.cpp 
db.cpp: In function ‘void reload_hints()’:
db.cpp:659:17: warning: this ‘if’ clause does not guard... [-Wmisleading-indentation]
  659 |                 if ( !string || !*string )
      |                 ^~
In file included from db.cpp:26:
utils.h:36:39: note: ...this statement, but the latter is misleadingly indented as if it were guarded by the ‘if’
   36 | #define CREATE(result, type, number)  do {\
      |                                       ^~
db.cpp:660:31: note: in expansion of macro ‘CREATE’
  660 |                         break;CREATE( hint, NEWBIE_HINT, 1 );
      |                               ^~~~~~
db.cpp: In function ‘void boot_zones()’:
db.cpp:1360:13: warning: variable ‘jail_room_num’ set but not used [-Wunused-but-set-variable]
 1360 |         int jail_room_num;
      |             ^~~~~~~~~~~~~
db.cpp: In function ‘char* read_string(char*)’:
db.cpp:1695:17: warning: value computed is not used [-Wunused-value]
 1695 |                 *string++;
      |                 ^~~~~~~~~
db.cpp:1704:33: warning: value computed is not used [-Wunused-value]
 1704 |                                 *string++;
      |                                 ^~~~~~~~~
db.cpp: In function ‘void clear_char(CHAR_DATA*)’:
db.cpp:1864:23: warning: ‘void* memset(void*, int, size_t)’ clearing an object of non-trivial type ‘MOB_DATA’ {aka ‘struct mob_data’}; use assignment or value-initialization instead [-Wclass-memaccess]
 1864 |                 memset( mob, 0, sizeof(MOB_DATA) );
      |                 ~~~~~~^~~~~~~~~~~~~~~~~~~~~~~~~~~~
In file included from db.cpp:23:
structs.h:3343:8: note: ‘MOB_DATA’ {aka ‘struct mob_data’} declared here
 3343 | struct mob_data
      |        ^~~~~~~~
db.cpp:1923:15: warning: ‘void* memset(void*, int, size_t)’ clearing an object of non-trivial type ‘CHAR_DATA’ {aka ‘struct char_data’}; use assignment or value-initialization instead [-Wclass-memaccess]
 1923 |         memset( ch, 0, sizeof(CHAR_DATA) );
      |         ~~~~~~^~~~~~~~~~~~~~~~~~~~~~~~~~~~
structs.h:3389:8: note: ‘CHAR_DATA’ {aka ‘struct char_data’} declared here
 3389 | struct char_data
      |        ^~~~~~~~~
db.cpp: In function ‘int mem_free(malloc_t)’:
db.cpp:2776:16: warning: ‘char* strncpy(char*, const char*, size_t)’ output truncated before terminating nul copying 4 bytes from a string of the same length [-Wstringop-truncation]
 2776 |         strncpy( p, "----", 4 );
      |         ~~~~~~~^~~~~~~~~~~~~~~~
db.cpp: In function ‘void save_char_objs(CHAR_DATA*, char*)’:
db.cpp:2007:36: warning: ‘%s’ directive writing up to 49151 bytes into a region of size 49149 [-Wformat-overflow=]
 2007 |                 sprintf( buf2, "mv %s %s.died", fbuf, fbuf );
      |                                    ^~           ~~~~
db.cpp:2007:24: note: ‘sprintf’ output between 10 and 98312 bytes into a destination of size 49152
 2007 |                 sprintf( buf2, "mv %s %s.died", fbuf, fbuf );
      |                 ~~~~~~~^~~~~~~~~~~~~~~~~~~~~~~~~~~~~~~~~~~~~
dwellings.cpp: In function ‘void clone_room(ROOM_DATA*, ROOM_DATA*, bool, bool)’:
dwellings.cpp:86:33: warning: suggest parentheses around assignment used as truth value [-Wparentheses]
   86 |                         if (obj = load_object(tobj->nVirtual))
      |                             ~~~~^~~~~~~~~~~~~~~~~~~~~~~~~~~~~
dwellings.cpp: In function ‘void do_pitch(CHAR_DATA*, char*, int)’:
dwellings.cpp:281:7: warning: variable ‘sector_type’ set but not used [-Wunused-but-set-variable]
  281 |   int sector_type = 0;
      |       ^~~~~~~~~~~
g++ -Wno-write-strings  -c -march=native  -ggdb -DLINUX -Wall -fpermissive -std=gnu++98 edit.cpp 
g++ -Wno-write-strings  -c -march=native  -ggdb -DLINUX -Wall -fpermissive -std=gnu++98 employment.cpp 
edit.cpp: In function ‘void ve_position(DESCRIPTOR_DATA*)’:
edit.cpp:63:28: warning: format ‘%d’ expects argument of type ‘int’, but argument 6 has type ‘size_t’ {aka ‘long unsigned int’} [-Wformat=]
   63 |   sprintf (buf, "%s%s [%d,%d]      ",
      |                           ~^
      |                            |
      |                            int
      |                           %ld
......
   66 |            c->line, c->col);
      |                     ~~~~~~  
      |                        |
      |                        size_t {aka long unsigned int}
g++ -Wno-write-strings  -c -march=native  -ggdb -DLINUX -Wall -fpermissive -std=gnu++98 fight.cpp 
g++ -Wno-write-strings  -c -march=native  -ggdb -DLINUX -Wall -fpermissive -std=gnu++98 group.cpp 
group.cpp: In function ‘char* group_makeup(CHAR_DATA*)’:
group.cpp:505:46: warning: format not a string literal and no format arguments [-Wformat-security]
  505 |     sprintf(armour_msg + strlen(armour_msg), makeup);
      |                                              ^~~~~~
group.cpp:507:21: warning: format not a string literal and no format arguments [-Wformat-security]
  507 |     sprintf(makeup, armour_msg);
      |                     ^~~~~~~~~~
group.cpp: In function ‘char* tactical_status(CHAR_DATA*)’:
group.cpp:605:21: warning: cast to pointer from integer of different size [-Wint-to-pointer-cast]
  605 |                 && ((CHAR_DATA *) af->a.spell.t) == ch)
      |                     ^~~~~~~~~~~~~~~~~~~~~~~~~~~
group.cpp:638:12: warning: address of local variable ‘status’ returned [-Wreturn-local-addr]
  638 |     return status;
      |            ^~~~~~
group.cpp:578:10: note: declared here
  578 |     char status[MAX_STRING_LENGTH] = { '\0' };
      |          ^~~~~~
group.cpp: In function ‘void do_group(CHAR_DATA*, char*, int)’:
group.cpp:722:10: warning: unused variable ‘status’ [-Wunused-variable]
  722 |     char status[MAX_STRING_LENGTH] = {'\0'};
      |          ^~~~~~
group.cpp: In function ‘char* group_makeup(CHAR_DATA*)’:
group.cpp:530:49: warning: ‘%s’ directive writing up to 49151 bytes into a region of size 49148 [-Wformat-overflow=]
  530 |         sprintf (makeup + strlen (makeup), " of %s, %s, and %s", arg1, arg2, arg3);
      |                                                 ^~               ~~~~
group.cpp:530:17: note: ‘sprintf’ output between 13 and 147466 bytes into a destination of size 49152
  530 |         sprintf (makeup + strlen (makeup), " of %s, %s, and %s", arg1, arg2, arg3);
      |         ~~~~~~~~^~~~~~~~~~~~~~~~~~~~~~~~~~~~~~~~~~~~~~~~~~~~~~~~~~~~~~~~~~~~~~~~~~
group.cpp:525:49: warning: ‘%s’ directive writing up to 49151 bytes into a region of size 49148 [-Wformat-overflow=]
  525 |         sprintf (makeup + strlen (makeup), " of %s and %s", arg1, arg2);
      |                                                 ^~          ~~~~
group.cpp:525:17: note: ‘sprintf’ output between 10 and 98312 bytes into a destination of size 49152
  525 |         sprintf (makeup + strlen (makeup), " of %s and %s", arg1, arg2);
      |         ~~~~~~~~^~~~~~~~~~~~~~~~~~~~~~~~~~~~~~~~~~~~~~~~~~~~~~~~~~~~~~~
group.cpp:521:49: warning: ‘%s’ directive writing up to 49151 bytes into a region of size 49148 [-Wformat-overflow=]
  521 |         sprintf (makeup + strlen (makeup), " of %s", buf);
      |                                                 ^~   ~~~
group.cpp:521:17: note: ‘sprintf’ output between 5 and 49156 bytes into a destination of size 49152
  521 |         sprintf (makeup + strlen (makeup), " of %s", buf);
      |         ~~~~~~~~^~~~~~~~~~~~~~~~~~~~~~~~~~~~~~~~~~~~~~~~~
group.cpp:564:47: warning: ‘%s’ directive writing up to 49151 bytes into a region of size 49150 [-Wformat-overflow=]
  564 |         sprintf (makeup + strlen (makeup), ", %s mounted on %s, %s, and %s", mounts, arg1, arg2, arg3);
      |                                               ^~                             ~~~~~~
group.cpp:564:17: note: ‘sprintf’ output between 23 and 196627 bytes into a destination of size 49152
  564 |         sprintf (makeup + strlen (makeup), ", %s mounted on %s, %s, and %s", mounts, arg1, arg2, arg3);
      |         ~~~~~~~~^~~~~~~~~~~~~~~~~~~~~~~~~~~~~~~~~~~~~~~~~~~~~~~~~~~~~~~~~~~~~~~~~~~~~~~~~~~~~~~~~~~~~~
group.cpp:558:47: warning: ‘%s’ directive writing up to 49151 bytes into a region of size 49150 [-Wformat-overflow=]
  558 |         sprintf (makeup + strlen (makeup), ", %s mounted on %s and %s, ", mounts, arg1, arg2);
      |                                               ^~                          ~~~~~~
group.cpp:558:17: note: ‘sprintf’ output between 22 and 147475 bytes into a destination of size 49152
  558 |         sprintf (makeup + strlen (makeup), ", %s mounted on %s and %s, ", mounts, arg1, arg2);
      |         ~~~~~~~~^~~~~~~~~~~~~~~~~~~~~~~~~~~~~~~~~~~~~~~~~~~~~~~~~~~~~~~~~~~~~~~~~~~~~~~~~~~~~
group.cpp:552:47: warning: ‘%s’ directive writing up to 49151 bytes into a region of size 49150 [-Wformat-overflow=]
  552 |         sprintf (makeup + strlen (makeup), ", %s mounted on %s, ", mounts, buf);
      |                                               ^~                   ~~~~~~
group.cpp:552:17: note: ‘sprintf’ output between 17 and 98319 bytes into a destination of size 49152
  552 |         sprintf (makeup + strlen (makeup), ", %s mounted on %s, ", mounts, buf);
      |         ~~~~~~~~^~~~~~~~~~~~~~~~~~~~~~~~~~~~~~~~~~~~~~~~~~~~~~~~~~~~~~~~~~~~~~~
group.cpp: In function ‘void delayed_form(CHAR_DATA*)’:
group.cpp:1074:35: warning: ‘%s’ directive writing up to 49151 bytes into a region of size 49137 [-Wformat-overflow=]
 1074 |     sprintf(buf2, "Finally, the #5%s#0 behind you stands ready in a tight formation.\n", buf1);
      |                                   ^~                                                     ~~~~
group.cpp:1074:12: note: ‘sprintf’ output between 65 and 49216 bytes into a destination of size 49152
 1074 |     sprintf(buf2, "Finally, the #5%s#0 behind you stands ready in a tight formation.\n", buf1);
      |     ~~~~~~~^~~~~~~~~~~~~~~~~~~~~~~~~~~~~~~~~~~~~~~~~~~~~~~~~~~~~~~~~~~~~~~~~~~~~~~~~~~~~~~~~~~
group.cpp:1077:33: warning: ‘%s’ directive writing up to 49151 bytes into a region of size 49139 [-Wformat-overflow=]
 1077 |     sprintf(buf2, "Finally, a #5%s#0forms up tightly behind $n.", buf1);
      |                                 ^~                                ~~~~
group.cpp:1077:12: note: ‘sprintf’ output between 43 and 49194 bytes into a destination of size 49152
 1077 |     sprintf(buf2, "Finally, a #5%s#0forms up tightly behind $n.", buf1);
      |     ~~~~~~~^~~~~~~~~~~~~~~~~~~~~~~~~~~~~~~~~~~~~~~~~~~~~~~~~~~~~~~~~~~~
group.cpp:1070:70: warning: ‘%s’ directive writing up to 49151 bytes into a region of size 49106 [-Wformat-overflow=]
 1070 |         sprintf(buf2, "At $N's command, you take your place in the #5%s#0 behind $M.", buf1);
      |                                                                      ^~                ~~~~
group.cpp:1070:16: note: ‘sprintf’ output between 60 and 49211 bytes into a destination of size 49152
 1070 |         sprintf(buf2, "At $N's command, you take your place in the #5%s#0 behind $M.", buf1);
      |         ~~~~~~~^~~~~~~~~~~~~~~~~~~~~~~~~~~~~~~~~~~~~~~~~~~~~~~~~~~~~~~~~~~~~~~~~~~~~~~~~~~~~
g++ -Wno-write-strings  -c -march=native  -ggdb -DLINUX -Wall -fpermissive -std=gnu++98 guest.cpp 
fight.cpp: In function ‘void stop_fighting(CHAR_DATA*)’:
fight.cpp:919:14: warning: variable ‘fighting’ set but not used [-Wunused-but-set-variable]
  919 |         bool fighting = false;
      |              ^~~~~~~~
fight.cpp: In function ‘void make_corpse(CHAR_DATA*)’:
fight.cpp:1367:14: warning: unused variable ‘lizard’ [-Wunused-variable]
 1367 |         bool lizard = false;
      |              ^~~~~~
fight.cpp:1368:14: warning: unused variable ‘lizard_found’ [-Wunused-variable]
 1368 |         bool lizard_found = false;
      |              ^~~~~~~~~~~~
fight.cpp: In function ‘void raw_kill(CHAR_DATA*)’:
fight.cpp:1698:25: warning: this ‘for’ clause does not guard... [-Wmisleading-indentation]
 1698 |                         for (tch = combat_list; tch && (tch->next_fighting != ch); tch = tch->next_fighting);
      |                         ^~~
fight.cpp:1699:25: note: ...this statement, but the latter is misleadingly indented as if it were guarded by the ‘for’
 1699 |                         {
      |                         ^
fight.cpp: In function ‘void hit_char(CHAR_DATA*, CHAR_DATA*, int)’:
fight.cpp:2570:22: warning: cast to pointer from integer of different size [-Wint-to-pointer-cast]
 2570 |                 if (((CHAR_DATA *) get_affect(victim, MAGIC_WATCH)->a.spell.t)->in_room == victim->in_room)
      |                      ^~~~~~~~~~~~~~~~~~~~~~~~~~~~~~~~~~~~~~~~~~~~~~~~~~~~~~~~
fight.cpp:2571:103: warning: cast to pointer from integer of different size [-Wint-to-pointer-cast]
 2571 |                         act("The attack prevents you from continuing to watch $N.", false, victim, 0, (CHAR_DATA *) get_affect(victim, MAGIC_WATCH)->a.spell.t, TO_CHAR);
      |                                                                                                       ^~~~~~~~~~~~~~~~~~~~~~~~~~~~~~~~~~~~~~~~~~~~~~~~~~~~~~~~
fight.cpp: In function ‘int strike(CHAR_DATA*, CHAR_DATA*, int, int)’:
fight.cpp:2815:20: warning: variable ‘mount’ set but not used [-Wunused-but-set-variable]
 2815 |         CHAR_DATA* mount;
      |                    ^~~~~
fight.cpp: In function ‘int flee_room(CHAR_DATA*)’:
fight.cpp:5700:13: warning: variable ‘zone’ set but not used [-Wunused-but-set-variable]
 5700 |         int zone;
      |             ^~~~
fight.cpp: In function ‘void do_compete(CHAR_DATA*, char*, int)’:
fight.cpp:6031:28: warning: logical not is only applied to the left hand side of comparison [-Wlogical-not-parentheses]
 6031 |         if (!GET_TRUST(ch) >= 4)
      |                            ^~
fight.cpp:6031:13: note: add parentheses around left hand side expression to silence this warning
 6031 |         if (!GET_TRUST(ch) >= 4)
fight.cpp:6031:28: warning: comparison of constant ‘4’ with boolean expression is always false [-Wbool-compare]
 6031 |         if (!GET_TRUST(ch) >= 4)
      |             ~~~~~~~~~~~~~~~^~~~
fight.cpp: In function ‘int real_damage(CHAR_DATA*, int, int*, int, int)’:
fight.cpp:6876:19: warning: variable ‘armor1’ set but not used [-Wunused-but-set-variable]
 6876 |         OBJ_DATA* armor1 = 0;
      |                   ^~~~~~
fight.cpp:6877:19: warning: variable ‘armor2’ set but not used [-Wunused-but-set-variable]
 6877 |         OBJ_DATA* armor2 = 0;
      |                   ^~~~~~
fight.cpp: In function ‘void make_statue(CHAR_DATA*)’:
fight.cpp:987:42: warning: ‘%s’ directive writing up to 49151 bytes into a region of size 49141 [-Wformat-overflow=]
  987 |                 sprintf(buf, "statue npc_%s", buf2);
      |                                          ^~   ~~~~
fight.cpp:987:24: note: ‘sprintf’ output between 12 and 49163 bytes into a destination of size 49152
  987 |                 sprintf(buf, "statue npc_%s", buf2);
      |                 ~~~~~~~^~~~~~~~~~~~~~~~~~~~~~~~~~~~
fight.cpp: In function ‘void do_aimstrike(CHAR_DATA*, char*, int)’:
fight.cpp:2095:60: warning: ‘%s’ directive writing up to 49151 bytes into a region of size 49131 [-Wformat-overflow=]
 2095 |                         sprintf(buf, "You take aim at $N's %s.", arg);
      |                                                            ^~    ~~~
fight.cpp:2095:32: note: ‘sprintf’ output between 23 and 49174 bytes into a destination of size 49152
 2095 |                         sprintf(buf, "You take aim at $N's %s.", arg);
      |                         ~~~~~~~^~~~~~~~~~~~~~~~~~~~~~~~~~~~~~~~~~~~~~
fight.cpp:2097:60: warning: ‘%s’ directive writing up to 49151 bytes into a region of size 49131 [-Wformat-overflow=]
 2097 |                         sprintf(buf, "$n takes aim at your %s.", arg);
      |                                                            ^~    ~~~
fight.cpp:2097:32: note: ‘sprintf’ output between 23 and 49174 bytes into a destination of size 49152
 2097 |                         sprintf(buf, "$n takes aim at your %s.", arg);
      |                         ~~~~~~~^~~~~~~~~~~~~~~~~~~~~~~~~~~~~~~~~~~~~~
fight.cpp:2067:67: warning: ‘%s’ directive writing up to 49151 bytes into a region of size 49116 [-Wformat-overflow=]
 2067 |                 sprintf(buf, "You're unable to easily strike $N's %s in $S current position. Aim elsewhere.", arg);
      |                                                                   ^~                                          ~~~
fight.cpp:2067:24: note: ‘sprintf’ output between 76 and 49227 bytes into a destination of size 49152
 2067 |                 sprintf(buf, "You're unable to easily strike $N's %s in $S current position. Aim elsewhere.", arg);
      |                 ~~~~~~~^~~~~~~~~~~~~~~~~~~~~~~~~~~~~~~~~~~~~~~~~~~~~~~~~~~~~~~~~~~~~~~~~~~~~~~~~~~~~~~~~~~~~~~~~~~
fight.cpp: In function ‘void die(CHAR_DATA*)’:
fight.cpp:1883:80: warning: ‘%s’ directive writing up to 49151 bytes into a region of size 49121 [-Wformat-overflow=]
 1883 |                                         "Location: %s [%d]\n\nAssailant: #5%s#0%s\n\nWeapon: #2%s#0\n",
      |                                                                                ^~
fight.cpp:1882:40: note: ‘sprintf’ output 47 or more bytes (assuming 49198) into a destination of size 49152
 1882 |                                 sprintf(msg,
      |                                 ~~~~~~~^~~~~
 1883 |                                         "Location: %s [%d]\n\nAssailant: #5%s#0%s\n\nWeapon: #2%s#0\n",
      |                                         ~~~~~~~~~~~~~~~~~~~~~~~~~~~~~~~~~~~~~~~~~~~~~~~~~~~~~~~~~~~~~~~
 1884 |                                         ch->room->name, ch->in_room, ch->death_ch->short_descr,
      |                                         ~~~~~~~~~~~~~~~~~~~~~~~~~~~~~~~~~~~~~~~~~~~~~~~~~~~~~~~
 1885 |                                         !IS_NPC (ch->death_ch) ? buf2 : "",
      |                                         ~~~~~~~~~~~~~~~~~~~~~~~~~~~~~~~~~~~
 1886 |                                         obj_short_desc(ch->death_obj));
      |                                         ~~~~~~~~~~~~~~~~~~~~~~~~~~~~~~
fight.cpp:1891:85: warning: ‘%s’ directive writing up to 49151 bytes into a region of size 49121 [-Wformat-overflow=]
 1891 |                                 sprintf(msg, "Location: %s [%d]\n\nAssailant: #5%s#0%s\n",
      |                                                                                     ^~
fight.cpp:1891:40: note: ‘sprintf’ output 33 or more bytes (assuming 49184) into a destination of size 49152
 1891 |                                 sprintf(msg, "Location: %s [%d]\n\nAssailant: #5%s#0%s\n",
      |                                 ~~~~~~~^~~~~~~~~~~~~~~~~~~~~~~~~~~~~~~~~~~~~~~~~~~~~~~~~~~
 1892 |                                         ch->room->name, ch->in_room, ch->death_ch->short_descr,
      |                                         ~~~~~~~~~~~~~~~~~~~~~~~~~~~~~~~~~~~~~~~~~~~~~~~~~~~~~~~
 1893 |                                         !IS_NPC (ch->death_ch) ? buf2 : "");
      |                                         ~~~~~~~~~~~~~~~~~~~~~~~~~~~~~~~~~~~
fight.cpp: In function ‘void compete(CHAR_DATA*, CHAR_DATA*, CHAR_DATA*, int)’:
fight.cpp:6344:27: warning: ‘   ’ directive writing 3 bytes into a region of size between 1 and 49137 [-Wformat-overflow=]
 6344 |         sprintf(buf, "%15s   %-6d   %-5d   %-5d  %-6d  %-6d  %-6d  %-6d  %-6d\n\r",
      |                           ^~~
fight.cpp:6344:16: note: ‘sprintf’ output between 83 and 49261 bytes into a destination of size 49152
 6344 |         sprintf(buf, "%15s   %-6d   %-5d   %-5d  %-6d  %-6d  %-6d  %-6d  %-6d\n\r",
      |         ~~~~~~~^~~~~~~~~~~~~~~~~~~~~~~~~~~~~~~~~~~~~~~~~~~~~~~~~~~~~~~~~~~~~~~~~~~~
 6345 |                 name,
      |                 ~~~~~
 6346 |                 src_stats.kills,
      |                 ~~~~~~~~~~~~~~~~
 6347 |                 tar_stats.hits_given,
      |                 ~~~~~~~~~~~~~~~~~~~~~
 6348 |                 tar_stats.hits_given_2,
      |                 ~~~~~~~~~~~~~~~~~~~~~~~
 6349 |                 src_stats.strikes,
      |                 ~~~~~~~~~~~~~~~~~~
 6350 |                 src_stats.strikes_2,
      |                 ~~~~~~~~~~~~~~~~~~~~
 6351 |                 src_stats.swipes, src_stats.swipes_2, src_stats.breaks);
      |                 ~~~~~~~~~~~~~~~~~~~~~~~~~~~~~~~~~~~~~~~~~~~~~~~~~~~~~~~
fight.cpp:6361:27: warning: ‘   ’ directive writing 3 bytes into a region of size between 1 and 49137 [-Wformat-overflow=]
 6361 |         sprintf(buf, "%15s   %-6d   %-5d   %-5d  %-6d  %-6d  %-6d  %-6d  %-6d\n\r",
      |                           ^~~
fight.cpp:6361:16: note: ‘sprintf’ output between 83 and 49261 bytes into a destination of size 49152
 6361 |         sprintf(buf, "%15s   %-6d   %-5d   %-5d  %-6d  %-6d  %-6d  %-6d  %-6d\n\r",
      |         ~~~~~~~^~~~~~~~~~~~~~~~~~~~~~~~~~~~~~~~~~~~~~~~~~~~~~~~~~~~~~~~~~~~~~~~~~~~
 6362 |                 name,
      |                 ~~~~~
 6363 |                 tar_stats.kills,
      |                 ~~~~~~~~~~~~~~~~
 6364 |                 src_stats.hits_given,
      |                 ~~~~~~~~~~~~~~~~~~~~~
 6365 |                 src_stats.hits_given_2,
      |                 ~~~~~~~~~~~~~~~~~~~~~~~
 6366 |                 tar_stats.strikes,
      |                 ~~~~~~~~~~~~~~~~~~
 6367 |                 tar_stats.strikes_2,
      |                 ~~~~~~~~~~~~~~~~~~~~
 6368 |                 tar_stats.swipes, tar_stats.swipes_2, tar_stats.breaks);
      |                 ~~~~~~~~~~~~~~~~~~~~~~~~~~~~~~~~~~~~~~~~~~~~~~~~~~~~~~~
guest.cpp: In function ‘void create_guest_avatar(DESCRIPTOR_DATA*, char*)’:
guest.cpp:25:7: warning: variable ‘roll’ set but not used [-Wunused-but-set-variable]
   25 |   int roll, i = 1;
      |       ^~~~
g++ -Wno-write-strings  -c -march=native  -ggdb -DLINUX -Wall -fpermissive -std=gnu++98 guides.cpp 
g++ -Wno-write-strings  -c -march=native  -ggdb -DLINUX -Wall -fpermissive -std=gnu++98 handler.cpp 
g++ -Wno-write-strings  -c -march=native  -ggdb -DLINUX -Wall -fpermissive -std=gnu++98 hash.cpp 
handler.cpp: In function ‘AFFECTED_TYPE* get_covtable_affect(CHAR_DATA*)’:
handler.cpp:910:68: warning: cast to pointer from integer of different size [-Wint-to-pointer-cast]
  910 |                 if (af->type == MAGIC_SIT_TABLE && is_obj_in_list ((OBJ_DATA *) af->a.spell.t, ch->room->contents))
      |                                                                    ^~~~~~~~~~~~~~~~~~~~~~~~~~
handler.cpp:914:70: warning: cast to pointer from integer of different size [-Wint-to-pointer-cast]
  914 |                 else if (af->type == AFFECT_COVER && is_obj_in_list ((OBJ_DATA *) af->a.spell.t, ch->room->contents))
      |                                                                      ^~~~~~~~~~~~~~~~~~~~~~~~~~
handler.cpp: In function ‘AFFECTED_TYPE* get_soma_affect(const CHAR_DATA*, int)’:
handler.cpp:937:5: warning: this ‘for’ clause does not guard... [-Wmisleading-indentation]
  937 |     for (af = ch->hour_affects; af && af->type != affect_type; af = af->next);
      |     ^~~
handler.cpp:938:5: note: ...this statement, but the latter is misleadingly indented as if it were guarded by the ‘for’
  938 |     {
      |     ^
handler.cpp: In function ‘SCENT_DATA* get_scent(CHAR_DATA*, int)’:
handler.cpp:953:5: warning: this ‘for’ clause does not guard... [-Wmisleading-indentation]
  953 |     for (scent = ch->scent; scent && scent->scent_ref != scent_ref; scent = scent->next);
      |     ^~~
handler.cpp:954:5: note: ...this statement, but the latter is misleadingly indented as if it were guarded by the ‘for’
  954 |     {
      |     ^
handler.cpp: In function ‘SCENT_DATA* get_scent(ROOM_DATA*, int)’:
handler.cpp:968:5: warning: this ‘for’ clause does not guard... [-Wmisleading-indentation]
  968 |     for (scent = room->scent; scent && scent->scent_ref != scent_ref; scent = scent->next);
      |     ^~~
handler.cpp:969:5: note: ...this statement, but the latter is misleadingly indented as if it were guarded by the ‘for’
  969 |     {
      |     ^
handler.cpp: In function ‘SCENT_DATA* get_scent(OBJ_DATA*, int)’:
handler.cpp:984:5: warning: this ‘for’ clause does not guard... [-Wmisleading-indentation]
  984 |     for (scent = obj->scent; scent && scent->scent_ref != scent_ref; scent = scent->next);
      |     ^~~
handler.cpp:985:5: note: ...this statement, but the latter is misleadingly indented as if it were guarded by the ‘for’
  985 |     {
      |     ^
handler.cpp: In function ‘void obj_from_char(OBJ_DATA**, int)’:
handler.cpp:1479:10: warning: this ‘if’ clause does not guard... [-Wmisleading-indentation]
 1479 |     else if (ch->left_hand == *obj)
      |          ^~
handler.cpp:1482:9: note: ...this statement, but the latter is misleadingly indented as if it were guarded by the ‘if’
 1482 |         if (GET_ITEM_TYPE(*obj) == ITEM_RESOURCE && IS_SET (ch->affected_by, AFF_TRANSPORTING))
      |         ^~
handler.cpp:1413:25: warning: unused variable ‘fluid’ [-Wunused-variable]
 1413 |     int make_money = 0, fluid = 0, volume = 0;
      |                         ^~~~~
handler.cpp:1413:36: warning: unused variable ‘volume’ [-Wunused-variable]
 1413 |     int make_money = 0, fluid = 0, volume = 0;
      |                                    ^~~~~~
handler.cpp: In function ‘OBJ_DATA* get_obj_in_list(char*, OBJ_DATA*)’:
handler.cpp:1640:19: warning: unused variable ‘drink’ [-Wunused-variable]
 1640 |     OBJ_DATA *i, *drink;
      |                   ^~~~~
handler.cpp: In function ‘OBJ_DATA* get_obj(char*)’:
handler.cpp:1697:18: warning: unused variable ‘drink’ [-Wunused-variable]
 1697 |     OBJ_DATA *i,*drink;
      |                  ^~~~~
handler.cpp: In function ‘void obj_from_room(OBJ_DATA**, int)’:
handler.cpp:2044:25: warning: unused variable ‘fluid’ [-Wunused-variable]
 2044 |     int make_money = 0, fluid = 0, volume = 0;
      |                         ^~~~~
handler.cpp:2044:36: warning: unused variable ‘volume’ [-Wunused-variable]
 2044 |     int make_money = 0, fluid = 0, volume = 0;
      |                                    ^~~~~~
handler.cpp: In function ‘void obj_from_obj(OBJ_DATA**, int)’:
handler.cpp:2186:9: warning: unused variable ‘fluid’ [-Wunused-variable]
 2186 |     int fluid = 0, volume = 0;
      |         ^~~~~
handler.cpp:2186:20: warning: unused variable ‘volume’ [-Wunused-variable]
 2186 |     int fluid = 0, volume = 0;
      |                    ^~~~~~
handler.cpp: In function ‘void extract_obj(OBJ_DATA*)’:
handler.cpp:2317:5: warning: this ‘if’ clause does not guard... [-Wmisleading-indentation]
 2317 |     if (GET_ITEM_TYPE (obj) == ITEM_DWELLING)
      |     ^~
handler.cpp:2320:9: note: ...this statement, but the latter is misleadingly indented as if it were guarded by the ‘if’
 2320 |         if (GET_ITEM_TYPE(obj) == ITEM_E_REMOTE)
      |         ^~
handler.cpp: In function ‘void extract_char(CHAR_DATA*)’:
handler.cpp:2566:5: warning: this ‘if’ clause does not guard... [-Wmisleading-indentation]
 2566 |     if (!IS_NPC (ch))
      |     ^~
handler.cpp:2569:9: note: ...this statement, but the latter is misleadingly indented as if it were guarded by the ‘if’
 2569 |         if (ch->aiming_at)
      |         ^~
handler.cpp:2581:17: warning: cast to pointer from integer of different size [-Wint-to-pointer-cast]
 2581 |                 (CHAR_DATA *) af->a.spell.t == ch)
      |                 ^~~~~~~~~~~~~~~~~~~~~~~~~~~
handler.cpp:2584:17: warning: cast to pointer from integer of different size [-Wint-to-pointer-cast]
 2584 |                 (CHAR_DATA *) af->a.spell.t == ch)
      |                 ^~~~~~~~~~~~~~~~~~~~~~~~~~~
handler.cpp: In function ‘OBJ_DATA* get_obj_in_list_vis_not_money(CHAR_DATA*, char*, OBJ_DATA*)’:
handler.cpp:2986:20: warning: unused variable ‘drink’ [-Wunused-variable]
 2986 |     OBJ_DATA *obj,*drink;
      |                    ^~~~~
handler.cpp: In function ‘void break_delay(CHAR_DATA*)’:
handler.cpp:4326:15: warning: cast to pointer from integer of different size [-Wint-to-pointer-cast]
 4326 |         obj = (OBJ_DATA *) ch->delay_info1;
      |               ^~~~~~~~~~~~~~~~~~~~~~~~~~~~
In file included from handler.cpp:19:
handler.cpp: In function ‘void morph_mob(CHAR_DATA*)’:
utils.h:204:63: warning: suggest parentheses around ‘&&’ within ‘||’ [-Wparentheses]
  204 | #define IS_SUFFOCATING(ch) (IS_FLOATING(ch) && IS_MORTAL(ch)) && \
      |                            ~~~~~~~~~~~~~~~~~~~~~~~~~~~~~~~~~~~^~~~
  205 |                                                    (get_affect (ch, AFFECT_CHOKING) && \
      |                                                    ~~~~~~~~~~~~~~~~~~~~~~~~~~~~~~~~~~~~~
  206 |                                                    get_affect (ch, AFFECT_CHOKING)->a.spell.duration <= 0)
      |                                                    ~~~~~~~~~~~~~~~~~~~~~~~~~~~~~~~~~~~~~~~~~~~~~~~~~~~~~~~
handler.cpp:5401:16: note: in expansion of macro ‘IS_SUFFOCATING’
 5401 |             || IS_SUFFOCATING (ch))
      |                ^~~~~~~~~~~~~~
handler.cpp: In destructor ‘char_data::~char_data()’:
handler.cpp:5995:5: warning: this ‘while’ clause does not guard... [-Wmisleading-indentation]
 5995 |     while (this->scent)
      |     ^~~~~
handler.cpp:5998:9: note: ...this statement, but the latter is misleadingly indented as if it were guarded by the ‘while’
 5998 |         remove_all_targeted(this);
      |         ^~~~~~~~~~~~~~~~~~~
hash.cpp: In function ‘CHAR_DATA* load_mobile(int)’:
hash.cpp:473:19: warning: variable ‘mob_info’ set but not used [-Wunused-but-set-variable]
  473 |         MOB_DATA *mob_info;
      |                   ^~~~~~~~
hash.cpp: In function ‘void reset_zone(int)’:
hash.cpp:2834:30: warning: cast to pointer from integer of different size [-Wint-to-pointer-cast]
 2834 |                         ra = (RESET_AFFECT *) ZCMD.arg1;
      |                              ^~~~~~~~~~~~~~~~~~~~~~~~~~
hash.cpp:2873:59: warning: cast to pointer from integer of different size [-Wint-to-pointer-cast]
 2873 |                                 reset->command = str_dup ((char *) ZCMD.arg2);
      |                                                           ^~~~~~~~~~~~~~~~~~
hash.cpp:2895:73: warning: cast to pointer from integer of different size [-Wint-to-pointer-cast]
 2895 |                                 craft && str_cmp (craft->subcraft_name, (char *) ZCMD.arg1);
      |                                                                         ^~~~~~~~~~~~~~~~~~
g++ -Wno-write-strings  -c -march=native  -ggdb -DLINUX -Wall -fpermissive -std=gnu++98 item_card.cpp 
g++ -Wno-write-strings  -c -march=native  -ggdb -DLINUX -Wall -fpermissive -std=gnu++98 item_tossable.cpp 
item_tossable.cpp: In function ‘void char__do_toss(CHAR_DATA*, char*, int)’:
item_tossable.cpp:168:59: warning: ‘%s’ directive writing up to 255 bytes into a region of size 252 [-Wformat-overflow=]
  168 |       sprintf (strFacetList + strlen (strFacetList), "#6%s%s#0%s",
      |                                                           ^~
  169 |                (nMaxFacet == 2) ? "the " : "a ", strFacet,
      |                                                  ~~~~~~~~  
item_tossable.cpp:168:15: note: ‘sprintf’ output 7 or more bytes (assuming 262) into a destination of size 256
  168 |       sprintf (strFacetList + strlen (strFacetList), "#6%s%s#0%s",
      |       ~~~~~~~~^~~~~~~~~~~~~~~~~~~~~~~~~~~~~~~~~~~~~~~~~~~~~~~~~~~~
  169 |                (nMaxFacet == 2) ? "the " : "a ", strFacet,
      |                ~~~~~~~~~~~~~~~~~~~~~~~~~~~~~~~~~~~~~~~~~~~
  170 |                (nCount ==
      |                ~~~~~~~~~~
  171 |                 dice->count - 2) ? " and " : ((nCount !=
      |                 ~~~~~~~~~~~~~~~~~~~~~~~~~~~~~~~~~~~~~~~~
  172 |                                                dice->count - 1) ? ", " : ""));
      |                                                ~~~~~~~~~~~~~~~~~~~~~~~~~~~~~~
g++ -Wno-write-strings  -c -march=native  -ggdb -DLINUX -Wall -fpermissive -std=gnu++98 limits.cpp 
g++ -Wno-write-strings  -c -march=native  -ggdb -DLINUX -Wall -fpermissive -std=gnu++98 magic.cpp 
limits.cpp: In function ‘int armor_penalty(CHAR_DATA*)’:
limits.cpp:59:11: warning: unused variable ‘prim_locs’ [-Wunused-variable]
   59 |     float prim_locs = 0;
      |           ^~~~~~~~~
limits.cpp:60:11: warning: unused variable ‘sec_locs’ [-Wunused-variable]
   60 |     float sec_locs = 0;
      |           ^~~~~~~~
limits.cpp: In function ‘int armor_descript(CHAR_DATA*)’:
limits.cpp:131:11: warning: unused variable ‘prim_locs’ [-Wunused-variable]
  131 |     float prim_locs = 0;
      |           ^~~~~~~~~
limits.cpp:132:11: warning: unused variable ‘sec_locs’ [-Wunused-variable]
  132 |     float sec_locs = 0;
      |           ^~~~~~~~
limits.cpp:134:15: warning: unused variable ‘water_adj’ [-Wunused-variable]
  134 |         float water_adj = 0;
      |               ^~~~~~~~~
magic.cpp: In function ‘void process_spell_save(CHAR_DATA*, void*, int, int)’:
magic.cpp:1458:14: warning: variable ‘troom’ set but not used [-Wunused-but-set-variable]
 1458 |   ROOM_DATA *troom = NULL;
      |              ^~~~~
magic.cpp:1459:13: warning: variable ‘tobj’ set but not used [-Wunused-but-set-variable]
 1459 |   OBJ_DATA *tobj = NULL;
      |             ^~~~
magic.cpp: In function ‘void process_spell_casting(CHAR_DATA*, void*, int, int)’:
magic.cpp:1586:14: warning: variable ‘troom’ set but not used [-Wunused-but-set-variable]
 1586 |   ROOM_DATA *troom = NULL;
      |              ^~~~~
magic.cpp:1587:13: warning: variable ‘tobj’ set but not used [-Wunused-but-set-variable]
 1587 |   OBJ_DATA *tobj = NULL;
      |             ^~~~
limits.cpp: In function ‘void point_update()’:
limits.cpp:521:9: warning: variable ‘cycle_count’ set but not used [-Wunused-but-set-variable]
  521 |     int cycle_count;
      |         ^~~~~~~~~~~
limits.cpp: In function ‘int skill_use(CHAR_DATA*, int, int)’:
limits.cpp:2064:10: warning: unused variable ‘buf’ [-Wunused-variable]
 2064 |     char buf[MAX_STRING_LENGTH] = { '\0' };
      |          ^~~
magic.cpp: In function ‘int add_affect(CHAR_DATA*, int, int, int, int, int, int, int)’:
magic.cpp:3392:18: warning: control reaches end of non-void function [-Wreturn-type]
 3392 |   affect_to_char (ch, af);
      |   ~~~~~~~~~~~~~~~^~~~~~~~
magic.cpp: In function ‘void do_prepare(CHAR_DATA*, char*, int)’:
magic.cpp:319:64: warning: ‘%s’ directive writing up to 49151 bytes into a region of size 49105 [-Wformat-overflow=]
  319 |                "You begin intoning the words of power to bind '%s,' your voice gutteral and thrumming with dark power.",
      |                                                                ^~
  320 |                name);
      |                ~~~~                                             
magic.cpp:318:15: note: ‘sprintf’ output between 101 and 49252 bytes into a destination of size 49152
  318 |       sprintf (buf,
      |       ~~~~~~~~^~~~~
  319 |                "You begin intoning the words of power to bind '%s,' your voice gutteral and thrumming with dark power.",
      |                ~~~~~~~~~~~~~~~~~~~~~~~~~~~~~~~~~~~~~~~~~~~~~~~~~~~~~~~~~~~~~~~~~~~~~~~~~~~~~~~~~~~~~~~~~~~~~~~~~~~~~~~~~
  320 |                name);
      |                ~~~~~
magic.cpp:309:67: warning: ‘%s’ directive writing up to 49151 bytes into a region of size 49102 [-Wformat-overflow=]
  309 |                "You begin chanting the ancient words of power to '%s,' your enunciation tightly-controlled and meticulous.",
      |                                                                   ^~
  310 |                name);
      |                ~~~~                                                
magic.cpp:308:15: note: ‘sprintf’ output between 105 and 49256 bytes into a destination of size 49152
  308 |       sprintf (buf,
      |       ~~~~~~~~^~~~~
  309 |                "You begin chanting the ancient words of power to '%s,' your enunciation tightly-controlled and meticulous.",
      |                ~~~~~~~~~~~~~~~~~~~~~~~~~~~~~~~~~~~~~~~~~~~~~~~~~~~~~~~~~~~~~~~~~~~~~~~~~~~~~~~~~~~~~~~~~~~~~~~~~~~~~~~~~~~~~
  310 |                name);
      |                ~~~~~
magic.cpp:300:108: warning: ‘%s’ directive writing up to 49151 bytes into a region of size 49061 [-Wformat-overflow=]
  300 |                "You lift your voice in delicate, haunting song, carefully shaping the syllables to summon '%s'.",
      |                                                                                                            ^~
  301 |                name);
      |                ~~~~                                                                                         
magic.cpp:299:15: note: ‘sprintf’ output between 94 and 49245 bytes into a destination of size 49152
  299 |       sprintf (buf,
      |       ~~~~~~~~^~~~~
  300 |                "You lift your voice in delicate, haunting song, carefully shaping the syllables to summon '%s'.",
      |                ~~~~~~~~~~~~~~~~~~~~~~~~~~~~~~~~~~~~~~~~~~~~~~~~~~~~~~~~~~~~~~~~~~~~~~~~~~~~~~~~~~~~~~~~~~~~~~~~~~
  301 |                name);
      |                ~~~~~
g++ -Wno-write-strings  -c -march=native  -ggdb -DLINUX -Wall -fpermissive -std=gnu++98 mobact.cpp 
g++ -Wno-write-strings  -c -march=native  -ggdb -DLINUX -Wall -fpermissive -std=gnu++98 mobprogs.cpp 
mobact.cpp: In function ‘int enforcer(CHAR_DATA*, CHAR_DATA*, int, int)’:
mobact.cpp:134:15: warning: unused variable ‘obj’ [-Wunused-variable]
  134 |     OBJ_DATA *obj;
      |               ^~~
mobact.cpp: In function ‘void common_guard(CHAR_DATA*)’:
mobact.cpp:451:16: warning: variable ‘room’ set but not used [-Wunused-but-set-variable]
  451 |     ROOM_DATA *room;
      |                ^~~~
mobact.cpp: In function ‘void jailer_func(CHAR_DATA*)’:
mobact.cpp:626:15: warning: unused variable ‘obj’ [-Wunused-variable]
  626 |     OBJ_DATA *obj;
      |               ^~~
mobact.cpp:627:15: warning: unused variable ‘bag’ [-Wunused-variable]
  627 |     OBJ_DATA *bag = NULL;
      |               ^~~
mobact.cpp:628:9: warning: variable ‘cells’ set but not used [-Wunused-but-set-variable]
  628 |     int cells[] = { 0, 0, 0 };
      |         ^~~~~
mobact.cpp: In function ‘int shooter_routine(CHAR_DATA*)’:
mobact.cpp:973:5: warning: this ‘if’ clause does not guard... [-Wmisleading-indentation]
  973 |     if (!IS_SET(ch->act, ACT_SHOOTER) || ch->delay || ch->aim)
      |     ^~
mobact.cpp:977:9: note: ...this statement, but the latter is misleadingly indented as if it were guarded by the ‘if’
  977 |         if (number(0,3))
      |         ^~
mobact.cpp: In function ‘int fail_morale(CHAR_DATA*, CHAR_DATA*, bool, bool)’:
mobact.cpp:1894:5: warning: this ‘if’ clause does not guard... [-Wmisleading-indentation]
 1894 |     if (IS_SET (ch->act, ACT_PREY))
      |     ^~
mobact.cpp:1897:9: note: ...this statement, but the latter is misleadingly indented as if it were guarded by the ‘if’
 1897 |         if (GET_FLAG (ch, FLAG_AUTOFLEE))
      |         ^~
mobprogs.cpp: In function ‘void mob_char_indirect(CHAR_DATA*, char*, int*, int*)’:
mobprogs.cpp:332:8: warning: cast to pointer from integer of different size [-Wint-to-pointer-cast]
  332 |   ch = (CHAR_DATA *) * value;
      |        ^~~~~~~~~~~~~~~~~~~~~
mobprogs.cpp: In function ‘void mob_obj_indirect(char*, int*, int*)’:
mobprogs.cpp:522:9: warning: cast to pointer from integer of different size [-Wint-to-pointer-cast]
  522 |   obj = (OBJ_DATA *) * value;
      |         ^~~~~~~~~~~~~~~~~~~~
mobact.cpp: In function ‘CHAR_DATA* acquire_archer_target(CHAR_DATA*, int)’:
mobact.cpp:2367:1: warning: no return statement in function returning non-void [-Wreturn-type]
 2367 | }
      | ^
mobact.cpp: In function ‘CHAR_DATA* acquire_distant_target(CHAR_DATA*, int)’:
mobact.cpp:2389:9: warning: this ‘if’ clause does not guard... [-Wmisleading-indentation]
 2389 |         if (IS_SET (troom->dir_option[i]->exit_info, EX_CLOSED))
      |         ^~
mobact.cpp:2392:13: note: ...this statement, but the latter is misleadingly indented as if it were guarded by the ‘if’
 2392 |             troom = vnum_to_room (troom->dir_option[i]->to_room);
      |             ^~~~~
mobprogs.cpp: In function ‘void mob_room_indirect(CHAR_DATA*, char*, int*, int*)’:
mobprogs.cpp:643:10: warning: cast to pointer from integer of different size [-Wint-to-pointer-cast]
  643 |   room = (ROOM_DATA *) * value;
      |          ^~~~~~~~~~~~~~~~~~~~~
mobprogs.cpp: In function ‘int mp_get_eval_token(CHAR_DATA*, char**, int*, int*)’:
mobprogs.cpp:901:18: warning: cast to pointer from integer of different size [-Wint-to-pointer-cast]
  901 |           tch1 = (CHAR_DATA *) mp_eval_eq (mob, p);
      |                  ^~~~~~~~~~~~~~~~~~~~~~~~~~~~~~~~~
mobprogs.cpp:902:18: warning: cast to pointer from integer of different size [-Wint-to-pointer-cast]
  902 |           tch2 = (CHAR_DATA *) mp_eval_eq (mob, p);
      |                  ^~~~~~~~~~~~~~~~~~~~~~~~~~~~~~~~~
mobprogs.cpp:913:18: warning: cast to pointer from integer of different size [-Wint-to-pointer-cast]
  913 |           tch1 = (CHAR_DATA *) mp_eval_eq (mob, p);
      |                  ^~~~~~~~~~~~~~~~~~~~~~~~~~~~~~~~~
mobprogs.cpp:931:18: warning: cast to pointer from integer of different size [-Wint-to-pointer-cast]
  931 |           tch1 = (CHAR_DATA *) mp_eval_eq (mob, p);
      |                  ^~~~~~~~~~~~~~~~~~~~~~~~~~~~~~~~~
mobact.cpp: In function ‘int evaluate_threats(CHAR_DATA*)’:
mobact.cpp:2474:20: warning: unused variable ‘tmp_att’ [-Wunused-variable]
 2474 |     ATTACKER_DATA *tmp_att;
      |                    ^~~~~~~
mobact.cpp:2478:9: warning: unused variable ‘i’ [-Wunused-variable]
 2478 |     int i = 0;
      |         ^
mobact.cpp:2480:11: warning: unused variable ‘damage’ [-Wunused-variable]
 2480 |     float damage = 0;
      |           ^~~~~~
mobprogs.cpp:944:18: warning: cast to pointer from integer of different size [-Wint-to-pointer-cast]
  944 |           tch1 = (CHAR_DATA *) mp_eval_eq (mob, p);
      |                  ^~~~~~~~~~~~~~~~~~~~~~~~~~~~~~~~~
mobact.cpp: In function ‘int target_acquisition(CHAR_DATA*)’:
mobact.cpp:2760:5: warning: this ‘if’ clause does not guard... [-Wmisleading-indentation]
 2760 |     if (ch->aiming_at)
      |     ^~
mobact.cpp:2763:9: note: ...this statement, but the latter is misleadingly indented as if it were guarded by the ‘if’
 2763 |         if (ch->mob->ai_delay)
      |         ^~
mobact.cpp:2750:15: warning: unused variable ‘bow’ [-Wunused-variable]
 2750 |     OBJ_DATA *bow = NULL;
      |               ^~~
mobact.cpp:2753:20: warning: unused variable ‘sa’ [-Wunused-variable]
 2753 |     SECOND_AFFECT *sa = NULL;
      |                    ^~
mobact.cpp: In function ‘void mobile_routines(int)’:
mobact.cpp:2931:15: warning: unused variable ‘dir’ [-Wunused-variable]
 2931 |     int zone, dir = 0, jailer = 0;
      |               ^~~
mobact.cpp:2931:24: warning: unused variable ‘jailer’ [-Wunused-variable]
 2931 |     int zone, dir = 0, jailer = 0;
      |                        ^~~~~~
mobprogs.cpp: In function ‘void mob_string(CHAR_DATA*, char**, char*)’:
mobprogs.cpp:1326:29: warning: cast to pointer from integer of different size [-Wint-to-pointer-cast]
 1326 |             strcat (string, (char *) value);
      |                             ^~~~~~~~~~~~~~
mobact.cpp: In function ‘int would_attack(CHAR_DATA*, CHAR_DATA*)’:
mobact.cpp:3112:5: warning: this ‘if’ clause does not guard... [-Wmisleading-indentation]
 3112 |     if (!AWAKE(ch))
      |     ^~
mobprogs.cpp: In function ‘void assignment(CHAR_DATA*, MOBPROG_DATA*, char*, char**)’:
mobprogs.cpp:1384:19: warning: cast to pointer from integer of different size [-Wint-to-pointer-cast]
 1384 |         mem_free ((char *) target->value);
      |                   ^~~~~~~~~~~~~~~~~~~~~~
mobact.cpp:3115:9: note: ...this statement, but the latter is misleadingly indented as if it were guarded by the ‘if’
 3115 |         if (!CAN_SEE(ch, tch))
      |         ^~
mobact.cpp:3137:5: warning: this ‘if’ clause does not guard... [-Wmisleading-indentation]
 3137 |     if (IS_SET (ch->act, ACT_PREY))
      |     ^~
mobact.cpp:3140:9: note: ...this statement, but the latter is misleadingly indented as if it were guarded by the ‘if’
 3140 |         if (GET_FLAG (ch, FLAG_AUTOFLEE))
      |         ^~
mobact.cpp:3173:5: warning: this ‘if’ clause does not guard... [-Wmisleading-indentation]
 3173 |     if (IS_SET (ch->act, ACT_AGGRESSIVE) && !is_brother (ch, tch))
      |     ^~
mobact.cpp:3176:9: note: ...this statement, but the latter is misleadingly indented as if it were guarded by the ‘if’
 3176 |         if (!IS_SET(ch->act, ACT_AGGRESSIVE) && !AWAKE(tch))
      |         ^~
mobact.cpp:3179:5: warning: this ‘if’ clause does not guard... [-Wmisleading-indentation]
 3179 |     if (is_threat (ch, tch))
      |     ^~
mobact.cpp:3182:9: note: ...this statement, but the latter is misleadingly indented as if it were guarded by the ‘if’
 3182 |         if (mob_remembers_whom(ch, GET_NAME(tch), 0))
      |         ^~
mobprogs.cpp: In function ‘void do_prog(CHAR_DATA*, char*, int)’:
mobprogs.cpp:1724:7: warning: variable ‘got_line’ set but not used [-Wunused-but-set-variable]
 1724 |   int got_line = 0;
      |       ^~~~~~~~
mobprogs.cpp:1889:31: warning: ‘%s’ directive writing up to 49151 bytes into a region of size 49143 [-Wformat-overflow=]
 1889 |       sprintf (buf, "mobprogs/%s", subcmd);
      |                               ^~   ~~~~~~
mobprogs.cpp:1889:15: note: ‘sprintf’ output between 10 and 49161 bytes into a destination of size 49152
 1889 |       sprintf (buf, "mobprogs/%s", subcmd);
      |       ~~~~~~~~^~~~~~~~~~~~~~~~~~~~~~~~~~~~
mobact.cpp: In function ‘int mob_wander(CHAR_DATA*)’:
mobact.cpp:426:29: warning: ‘sprintf’ may write a terminating nul past the end of the destination [-Wformat-overflow=]
  426 |         sprintf (buf, "%s %s", buf2, dirs[i]);
      |                             ^
mobact.cpp:426:17: note: ‘sprintf’ output 2 or more bytes (assuming 49153) into a destination of size 49152
  426 |         sprintf (buf, "%s %s", buf2, dirs[i]);
      |         ~~~~~~~~^~~~~~~~~~~~~~~~~~~~~~~~~~~~~
mobact.cpp: In function ‘void common_guard(CHAR_DATA*)’:
mobact.cpp:520:32: warning: ‘%s’ directive writing up to 49151 bytes into a region of size between 0 and 49151 [-Wformat-overflow=]
  520 |             sprintf (buf3, "%s %s", buf, buf2);
      |                                ^~        ~~~~
mobact.cpp:520:21: note: ‘sprintf’ output between 2 and 98304 bytes into a destination of size 49152
  520 |             sprintf (buf3, "%s %s", buf, buf2);
      |             ~~~~~~~~^~~~~~~~~~~~~~~~~~~~~~~~~~
mobact.cpp:509:32: warning: ‘%s’ directive writing up to 49151 bytes into a region of size between 0 and 49151 [-Wformat-overflow=]
  509 |             sprintf (buf3, "%s %s", buf, buf2);
      |                                ^~        ~~~~
mobact.cpp:509:21: note: ‘sprintf’ output between 2 and 98304 bytes into a destination of size 49152
  509 |             sprintf (buf3, "%s %s", buf, buf2);
      |             ~~~~~~~~^~~~~~~~~~~~~~~~~~~~~~~~~~
mobact.cpp:498:32: warning: ‘%s’ directive writing up to 49151 bytes into a region of size between 0 and 49151 [-Wformat-overflow=]
  498 |             sprintf (buf3, "%s %s", buf, buf2);
      |                                ^~        ~~~~
mobact.cpp:498:21: note: ‘sprintf’ output between 2 and 98304 bytes into a destination of size 49152
  498 |             sprintf (buf3, "%s %s", buf, buf2);
      |             ~~~~~~~~^~~~~~~~~~~~~~~~~~~~~~~~~~
mobact.cpp:487:32: warning: ‘%s’ directive writing up to 49151 bytes into a region of size between 0 and 49151 [-Wformat-overflow=]
  487 |             sprintf (buf3, "%s %s", buf, buf2);
      |                                ^~        ~~~~
mobact.cpp:487:21: note: ‘sprintf’ output between 2 and 98304 bytes into a destination of size 49152
  487 |             sprintf (buf3, "%s %s", buf, buf2);
      |             ~~~~~~~~^~~~~~~~~~~~~~~~~~~~~~~~~~
mobact.cpp:607:29: warning: ‘sprintf’ may write a terminating nul past the end of the destination [-Wformat-overflow=]
  607 |         sprintf (buf, "%s %s", buf2, dirs[dir]);
      |                             ^
mobact.cpp:607:17: note: ‘sprintf’ output 2 or more bytes (assuming 49153) into a destination of size 49152
  607 |         sprintf (buf, "%s %s", buf2, dirs[dir]);
      |         ~~~~~~~~^~~~~~~~~~~~~~~~~~~~~~~~~~~~~~~
mobact.cpp:599:33: warning: ‘sprintf’ may write a terminating nul past the end of the destination [-Wformat-overflow=]
  599 |             sprintf (buf, "%s %s", buf2, dirs[dir]);
      |                                 ^
mobact.cpp:599:21: note: ‘sprintf’ output 2 or more bytes (assuming 49153) into a destination of size 49152
  599 |             sprintf (buf, "%s %s", buf2, dirs[dir]);
      |             ~~~~~~~~^~~~~~~~~~~~~~~~~~~~~~~~~~~~~~~
mobact.cpp: In function ‘int enforcer_weapon_check(CHAR_DATA*)’:
mobact.cpp:761:29: warning: ‘ (with a menacing scowl) Don...’ directive writing 72 bytes into a region of size between 1 and 49152 [-Wformat-overflow=]
  761 |                          "%s (with a menacing scowl) Don't let me see that weapon out again, maggot.",
      |                             ^~~~~~~~~~~~~~~~~~~~~~~~~~~~~~~~~~~~~~~~~~~~~~~~~~~~~~~~~~~~~~~~~~~~~~~~
mobact.cpp:760:25: note: ‘sprintf’ output between 73 and 49224 bytes into a destination of size 49152
  760 |                 sprintf (buf2,
      |                 ~~~~~~~~^~~~~~
  761 |                          "%s (with a menacing scowl) Don't let me see that weapon out again, maggot.",
      |                          ~~~~~~~~~~~~~~~~~~~~~~~~~~~~~~~~~~~~~~~~~~~~~~~~~~~~~~~~~~~~~~~~~~~~~~~~~~~~~
  762 |                          buf);
      |                          ~~~~
mobact.cpp:757:29: warning: ‘ (with a menacing scowl) Don...’ directive writing 72 bytes into a region of size between 1 and 49152 [-Wformat-overflow=]
  757 |                          "%s (with a menacing scowl) Don't let me see that weapon out again, maggot.",
      |                             ^~~~~~~~~~~~~~~~~~~~~~~~~~~~~~~~~~~~~~~~~~~~~~~~~~~~~~~~~~~~~~~~~~~~~~~~
mobact.cpp:756:25: note: ‘sprintf’ output between 73 and 49224 bytes into a destination of size 49152
  756 |                 sprintf (buf2,
      |                 ~~~~~~~~^~~~~~
  757 |                          "%s (with a menacing scowl) Don't let me see that weapon out again, maggot.",
      |                          ~~~~~~~~~~~~~~~~~~~~~~~~~~~~~~~~~~~~~~~~~~~~~~~~~~~~~~~~~~~~~~~~~~~~~~~~~~~~~
  758 |                          buf);
      |                          ~~~~
mobact.cpp: In function ‘void mobile_routines(int)’:
mobact.cpp:2975:37: warning: ‘sprintf’ may write a terminating nul past the end of the destination [-Wformat-overflow=]
 2975 |                 sprintf (buf, "%s %s", buf2, dirs[ch->from_dir]);
      |                                     ^
mobact.cpp:2975:25: note: ‘sprintf’ output 2 or more bytes (assuming 49153) into a destination of size 49152
 2975 |                 sprintf (buf, "%s %s", buf2, dirs[ch->from_dir]);
      |                 ~~~~~~~~^~~~~~~~~~~~~~~~~~~~~~~~~~~~~~~~~~~~~~~~
g++ -Wno-write-strings  -c -march=native  -ggdb -DLINUX -Wall -fpermissive -std=gnu++98 mysql.cpp 
g++ -Wno-write-strings  -c -march=native  -ggdb -DLINUX -Wall -fpermissive -std=gnu++98 nanny.cpp 
mysql.cpp: In function ‘void test_db_init()’:
mysql.cpp:180:13: warning: unused variable ‘j’ [-Wunused-variable]
  180 |         int j = 0;
      |             ^
mysql.cpp:181:13: warning: unused variable ‘i’ [-Wunused-variable]
  181 |         int i = 1;
      |             ^
mysql.cpp:182:20: warning: unused variable ‘result’ [-Wunused-variable]
  182 |         MYSQL_RES *result;
      |                    ^~~~~~
mysql.cpp:183:19: warning: unused variable ‘row’ [-Wunused-variable]
  183 |         MYSQL_ROW row;
      |                   ^~~
mysql.cpp:184:15: warning: unused variable ‘category’ [-Wunused-variable]
  184 |         char *category = '\0';
      |               ^~~~~~~~
mysql.cpp: In function ‘void system_log(const char*, bool)’:
mysql.cpp:1476:39: warning: format not a string literal and no format arguments [-Wformat-security]
 1476 |     fprintf( error ? stderr : stdout, buf );
      |                                       ^~~
mysql.cpp: In function ‘void load_tracks()’:
mysql.cpp:4627:17: warning: this ‘else’ clause does not guard... [-Wmisleading-indentation]
 4627 |                 else
      |                 ^~~~
mysql.cpp:4636:25: note: ...this statement, but the latter is misleadingly indented as if it were guarded by the ‘else’
 4636 |                         track->race = atoi (row[1]);
      |                         ^~~~~
mysql.cpp: In function ‘char* retrieve_mysql_board_message(char*, int)’:
mysql.cpp:4817:16: warning: address of local variable ‘b_buf’ returned [-Wreturn-local-addr]
 4817 |         return b_buf;
      |                ^~~~~
mysql.cpp:4812:14: note: declared here
 4812 |         char b_buf[MAX_STRING_LENGTH] = {'\0'};
      |              ^~~~~
mysql.cpp: In function ‘void post_to_mysql_board(DESCRIPTOR_DATA*)’:
mysql.cpp:4953:24: warning: format not a string literal and no format arguments [-Wformat-security]
 4953 |                 sprintf(buf, d->pending_message->message);
      |                 ~~~~~~~^~~~~~~~~~~~~~~~~~~~~~~~~~~~~~~~~~
mysql.cpp:4911:13: warning: variable ‘month’ set but not used [-Wunused-but-set-variable]
 4911 |         int month = 0;
      |             ^~~~~
mysql.cpp: In function ‘void post_straight_to_mysql_board(char*, char*, char*, char*)’:
mysql.cpp:4990:13: warning: variable ‘month’ set but not used [-Wunused-but-set-variable]
 4990 |         int month = 0;
      |             ^~~~~
mysql.cpp: In function ‘void post_to_mysql_board(DESCRIPTOR_DATA*)’:
mysql.cpp:4949:33: warning: ‘%s’ directive writing up to 49151 bytes into a region of size 49150 [-Wformat-overflow=]
 4949 |                 sprintf(buf, "#5%s", buf2);
      |                                 ^~   ~~~~
mysql.cpp:4949:24: note: ‘sprintf’ output between 3 and 49154 bytes into a destination of size 49152
 4949 |                 sprintf(buf, "#5%s", buf2);
      |                 ~~~~~~~^~~~~~~~~~~~~~~~~~~
mysql.cpp: In function ‘void system_log(const char*, bool)’:
mysql.cpp:1462:31: warning: ‘%s’ directive writing up to 49151 bytes into a region of size between 49140 and 49150 [-Wformat-overflow=]
 1462 |         sprintf (sha_buf, "%d %s", timestamp, buf);
      |                               ^~              ~~~
mysql.cpp:1462:17: note: ‘sprintf’ output between 3 and 49164 bytes into a destination of size 49152
 1462 |         sprintf (sha_buf, "%d %s", timestamp, buf);
      |         ~~~~~~~~^~~~~~~~~~~~~~~~~~~~~~~~~~~~~~~~~~
mysql.cpp: In function ‘void do_professions(CHAR_DATA*, char*, int)’:
mysql.cpp:1875:80: warning: ‘sprintf’ may write a terminating nul past the end of the destination [-Wformat-overflow=]
 1875 |                                 sprintf (skill_list + strlen (skill_list), " %s", buf);
      |                                                                                ^
mysql.cpp:1875:41: note: ‘sprintf’ output between 2 and 49153 bytes into a destination of size 49152
 1875 |                                 sprintf (skill_list + strlen (skill_list), " %s", buf);
      |                                 ~~~~~~~~^~~~~~~~~~~~~~~~~~~~~~~~~~~~~~~~~~~~~~~~~~~~~~
mysql.cpp:1869:63: warning: ‘%s’ directive writing up to 49151 bytes into a region of size 49131 [-Wformat-overflow=]
 1869 |                                         "I couldn't find the '%s' skill in our database. Aborted.\n",
      |                                                               ^~
 1870 |                                         buf);
      |                                         ~~~                    
mysql.cpp:1868:41: note: ‘sprintf’ output between 56 and 49207 bytes into a destination of size 49152
 1868 |                                 sprintf (buf2,
      |                                 ~~~~~~~~^~~~~~
 1869 |                                         "I couldn't find the '%s' skill in our database. Aborted.\n",
      |                                         ~~~~~~~~~~~~~~~~~~~~~~~~~~~~~~~~~~~~~~~~~~~~~~~~~~~~~~~~~~~~~
 1870 |                                         buf);
      |                                         ~~~~
mysql.cpp:1787:67: warning: ‘%s’ directive writing up to 49151 bytes into a region of size 49118 [-Wformat-overflow=]
 1787 |                 sprintf (buf2, "No professions matching the name '%s' were found.\n",
      |                                                                   ^~
 1788 |                         buf);
      |                         ~~~                                        
mysql.cpp:1787:25: note: ‘sprintf’ output between 49 and 49200 bytes into a destination of size 49152
 1787 |                 sprintf (buf2, "No professions matching the name '%s' were found.\n",
      |                 ~~~~~~~~^~~~~~~~~~~~~~~~~~~~~~~~~~~~~~~~~~~~~~~~~~~~~~~~~~~~~~~~~~~~~
 1788 |                         buf);
      |                         ~~~~
mysql.cpp:1781:69: warning: ‘%s’ directive writing up to 49151 bytes into a region of size 49120 [-Wformat-overflow=]
 1781 |                                 "%d profession%s matching the name '%s' %s deleted.\n",
      |                                                                     ^~
 1782 |                                 nProfessions, (nProfessions == 1) ? "" : "s", buf,
      |                                                                               ~~~
mysql.cpp:1780:33: note: ‘sprintf’ output 48 or more bytes (assuming 49199) into a destination of size 49152
 1780 |                         sprintf (buf2,
      |                         ~~~~~~~~^~~~~~
 1781 |                                 "%d profession%s matching the name '%s' %s deleted.\n",
      |                                 ~~~~~~~~~~~~~~~~~~~~~~~~~~~~~~~~~~~~~~~~~~~~~~~~~~~~~~~
 1782 |                                 nProfessions, (nProfessions == 1) ? "" : "s", buf,
      |                                 ~~~~~~~~~~~~~~~~~~~~~~~~~~~~~~~~~~~~~~~~~~~~~~~~~~
 1783 |                                 (nProfessions == 1) ? "was" : "were");
      |                                 ~~~~~~~~~~~~~~~~~~~~~~~~~~~~~~~~~~~~~
mysql.cpp: In function ‘void player_log(CHAR_DATA*, char*, char*)’:
mysql.cpp:1498:34: warning: ‘%s’ directive writing up to 49151 bytes into a region of size 49149 [-Wformat-overflow=]
 1498 |         sprintf (sha_buf, "%d %s %s", timestamp, command, buf);
      |                                  ^~                       ~~~
mysql.cpp:1498:17: note: ‘sprintf’ output 4 or more bytes (assuming 49155) into a destination of size 49152
 1498 |         sprintf (sha_buf, "%d %s %s", timestamp, command, buf);
      |         ~~~~~~~~^~~~~~~~~~~~~~~~~~~~~~~~~~~~~~~~~~~~~~~~~~~~~~
nanny.cpp: In function ‘void nanny_new_account(DESCRIPTOR_DATA*, char*)’:
nanny.cpp:764:13: warning: format not a string literal and no format arguments [-Wformat-security]
  764 |     sprintf (buf, argument);
      |     ~~~~~~~~^~~~~~~~~~~~~~~
nanny.cpp: In function ‘void nanny_mail_menu(DESCRIPTOR_DATA*, char*)’:
nanny.cpp:2079:21: warning: cast to pointer from integer of different size [-Wint-to-pointer-cast]
 2079 |         d->stored = (char *) atoi (row[8]);
      |                     ^~~~~~~~~~~~~~~~~~~~~~
In file included from account.h:34,
                 from nanny.cpp:23:
nanny.cpp: In function ‘void nanny_choose_pc(DESCRIPTOR_DATA*, char*)’:
utils.h:31:25: warning: operation on ‘* d->descriptor_data::character->char_data::tname’ may be undefined [-Wsequence-point]
   31 | #define CAP(st)  (*(st) = toupper(*(st)), st)
      |                   ~~~~~~^~~~~~~~~~~~~~~~
nanny.cpp:3339:50: note: in expansion of macro ‘CAP’
 3339 |              tolower (*GET_NAME (d->character)), CAP (GET_NAME (d->character)));
      |                                                  ^~~
nanny.cpp: In function ‘void spitstat(CHAR_DATA*, DESCRIPTOR_DATA*)’:
nanny.cpp:3678:10: warning: unused variable ‘buf3’ [-Wunused-variable]
 3678 |     char buf3[MAX_STRING_LENGTH] = { '\0' };
      |          ^~~~
nanny.cpp:3679:10: warning: unused variable ‘buf4’ [-Wunused-variable]
 3679 |     char buf4[MAX_STRING_LENGTH] = { '\0' };
      |          ^~~~
nanny.cpp:3682:10: warning: variable ‘no_eyes’ set but not used [-Wunused-but-set-variable]
 3682 |     bool no_eyes = true;
      |          ^~~~~~~
nanny.cpp: In function ‘void autodesc_eyes(DESCRIPTOR_DATA*)’:
nanny.cpp:4995:9: warning: variable ‘i’ set but not used [-Wunused-but-set-variable]
 4995 |     int i = 0, j = 0;
      |         ^
nanny.cpp:4995:16: warning: unused variable ‘j’ [-Wunused-variable]
 4995 |     int i = 0, j = 0;
      |                ^
nanny.cpp: In function ‘void autodesc_eyes_specific(DESCRIPTOR_DATA*, char*)’:
nanny.cpp:5020:9: warning: variable ‘i’ set but not used [-Wunused-but-set-variable]
 5020 |     int i = 0, j = 0;
      |         ^
nanny.cpp: In function ‘void autodesc_feat_one_unhuman(DESCRIPTOR_DATA*, char*)’:
nanny.cpp:5092:16: warning: unused variable ‘ch’ [-Wunused-variable]
 5092 |     CHAR_DATA *ch = NULL;
      |                ^~
nanny.cpp:5093:9: warning: variable ‘i’ set but not used [-Wunused-but-set-variable]
 5093 |     int i = 0, j = 0, max = 0, ind = 0;
      |         ^
nanny.cpp:5093:23: warning: unused variable ‘max’ [-Wunused-variable]
 5093 |     int i = 0, j = 0, max = 0, ind = 0;
      |                       ^~~
nanny.cpp: In function ‘void autodesc_feat_two_unhuman(DESCRIPTOR_DATA*, char*)’:
nanny.cpp:5322:9: warning: variable ‘i’ set but not used [-Wunused-but-set-variable]
 5322 |     int i = 0, j = 0, ind = 0, max = 0;
      |         ^
nanny.cpp: In function ‘void autodesc_end_unhuman(DESCRIPTOR_DATA*, char*)’:
nanny.cpp:5635:24: warning: format not a string literal and no format arguments [-Wformat-security]
 5635 |                 sprintf(buf2, cybernetic_list[i].fdesc);
      |                 ~~~~~~~^~~~~~~~~~~~~~~~~~~~~~~~~~~~~~~~
nanny.cpp:5651:24: warning: format not a string literal and no format arguments [-Wformat-security]
 5651 |                 sprintf(buf2, mutation_list[i].fdesc);
      |                 ~~~~~~~^~~~~~~~~~~~~~~~~~~~~~~~~~~~~~
nanny.cpp:5588:9: warning: variable ‘i’ set but not used [-Wunused-but-set-variable]
 5588 |     int i = 0, j = 0, ind = 0, max = 0;
      |         ^
nanny.cpp:5588:23: warning: unused variable ‘ind’ [-Wunused-variable]
 5588 |     int i = 0, j = 0, ind = 0, max = 0;
      |                       ^~~
nanny.cpp: In function ‘void autodesc_end(DESCRIPTOR_DATA*, char*)’:
nanny.cpp:5679:16: warning: unused variable ‘ch’ [-Wunused-variable]
 5679 |     CHAR_DATA *ch = NULL;
      |                ^~
nanny.cpp:5680:9: warning: variable ‘i’ set but not used [-Wunused-but-set-variable]
 5680 |     int i = 0, j = 0, max = 0;
      |         ^
nanny.cpp:5680:23: warning: unused variable ‘max’ [-Wunused-variable]
 5680 |     int i = 0, j = 0, max = 0;
      |                       ^~~
nanny.cpp: In function ‘void autodesc_height(DESCRIPTOR_DATA*)’:
nanny.cpp:5732:9: warning: variable ‘i’ set but not used [-Wunused-but-set-variable]
 5732 |     int i;
      |         ^
nanny.cpp: In function ‘void autodesc_result(DESCRIPTOR_DATA*, char*)’:
nanny.cpp:5763:10: warning: unused variable ‘buf2’ [-Wunused-variable]
 5763 |     char buf2[AVG_STRING_LENGTH];
      |          ^~~~
nanny.cpp:5764:16: warning: variable ‘ch’ set but not used [-Wunused-but-set-variable]
 5764 |     CHAR_DATA *ch = NULL;
      |                ^~
nanny.cpp:5765:16: warning: unused variable ‘ind’ [-Wunused-variable]
 5765 |     int j = 0, ind = 0, max = 0;
      |                ^~~
nanny.cpp: In function ‘void autodesc_length(DESCRIPTOR_DATA*, char*)’:
nanny.cpp:5881:9: warning: unused variable ‘i’ [-Wunused-variable]
 5881 |     int i = 0, j = 0;
      |         ^
nanny.cpp: In function ‘void autodesc_color(DESCRIPTOR_DATA*, char*)’:
nanny.cpp:5957:9: warning: variable ‘i’ set but not used [-Wunused-but-set-variable]
 5957 |     int i = 0, j = 0, max = 0;
      |         ^
nanny.cpp: In function ‘void autodesc_color_specific(DESCRIPTOR_DATA*, char*)’:
nanny.cpp:6045:9: warning: variable ‘i’ set but not used [-Wunused-but-set-variable]
 6045 |     int i = 0, j = 0, max = 0;
      |         ^
nanny.cpp: In function ‘void autodesc_style(DESCRIPTOR_DATA*, char*)’:
nanny.cpp:6106:9: warning: variable ‘i’ set but not used [-Wunused-but-set-variable]
 6106 |     int i = 0, j = 0, ind = 0;
      |         ^
nanny.cpp: In function ‘void autodesc_feat_one(DESCRIPTOR_DATA*, char*)’:
nanny.cpp:6192:9: warning: variable ‘i’ set but not used [-Wunused-but-set-variable]
 6192 |     int i = 0, h = 0, j = 0, ind = 0, max = 0;
      |         ^
nanny.cpp: In function ‘void autodesc_feat_two(DESCRIPTOR_DATA*, char*)’:
nanny.cpp:6367:9: warning: variable ‘i’ set but not used [-Wunused-but-set-variable]
 6367 |     int i = 0, j = 0, ind = 0, max = 0;
      |         ^
nanny.cpp: In function ‘void autodesc_feat_three(DESCRIPTOR_DATA*, char*)’:
nanny.cpp:6543:9: warning: variable ‘i’ set but not used [-Wunused-but-set-variable]
 6543 |     int i = 0, j = 0, ind = 0, max = 0;
      |         ^
nanny.cpp: In function ‘void autodesc_feat_four(DESCRIPTOR_DATA*, char*)’:
nanny.cpp:6724:9: warning: variable ‘i’ set but not used [-Wunused-but-set-variable]
 6724 |     int i = 0, j = 0, ind = 0, max = 0;
      |         ^
nanny.cpp: In function ‘void autodesc_result_second(DESCRIPTOR_DATA*, char*)’:
nanny.cpp:6912:9: warning: variable ‘i’ set but not used [-Wunused-but-set-variable]
 6912 |     int i = 0, j = 0, max = 0, ind = 0;
      |         ^
nanny.cpp: In function ‘void profession_display(DESCRIPTOR_DATA*)’:
nanny.cpp:7412:16: warning: variable ‘ch’ set but not used [-Wunused-but-set-variable]
 7412 |     CHAR_DATA *ch;
      |                ^~
nanny.cpp: In function ‘void skill_selection(DESCRIPTOR_DATA*, char*)’:
nanny.cpp:7729:9: warning: variable ‘start_loc’ set but not used [-Wunused-but-set-variable]
 7729 |     int start_loc = 0;
      |         ^~~~~~~~~
nanny.cpp: In function ‘void skill_display(DESCRIPTOR_DATA*)’:
nanny.cpp:7909:9: warning: variable ‘start_loc’ set but not used [-Wunused-but-set-variable]
 7909 |     int start_loc = 0;
      |         ^~~~~~~~~
nanny.cpp:7910:16: warning: variable ‘ch’ set but not used [-Wunused-but-set-variable]
 7910 |     CHAR_DATA *ch;
      |                ^~
nanny.cpp: In function ‘void display_hobbitmail_inbox(DESCRIPTOR_DATA*, account*)’:
nanny.cpp:1674:45: warning: ‘%s’ directive writing up to 49151 bytes into a region of size 49142 [-Wformat-overflow=]
 1674 |             sprintf (from_buf, "#2From:#0 %s%s", row[2], admin ? imm_buf : "");
      |                                             ^~
nanny.cpp:1674:21: note: ‘sprintf’ output 11 or more bytes (assuming 49162) into a destination of size 49152
 1674 |             sprintf (from_buf, "#2From:#0 %s%s", row[2], admin ? imm_buf : "");
      |             ~~~~~~~~^~~~~~~~~~~~~~~~~~~~~~~~~~~~~~~~~~~~~~~~~~~~~~~~~~~~~~~~~~
nanny.cpp:1681:52: warning: ‘%-40s’ directive writing between 40 and 49151 bytes into a region of size 49143 [-Wformat-overflow=]
 1681 |             sprintf (buf + strlen (buf), "#6%3d.#0 %-40s %s\n%s\n\n", i,
      |                                                    ^~~~~
 1682 |                      from_buf, date_buf, re_buf);
      |                      ~~~~~~~~                       
nanny.cpp:1681:21: note: ‘sprintf’ output between 54 and 147467 bytes into a destination of size 49152
 1681 |             sprintf (buf + strlen (buf), "#6%3d.#0 %-40s %s\n%s\n\n", i,
      |             ~~~~~~~~^~~~~~~~~~~~~~~~~~~~~~~~~~~~~~~~~~~~~~~~~~~~~~~~~~~~
 1682 |                      from_buf, date_buf, re_buf);
      |                      ~~~~~~~~~~~~~~~~~~~~~~~~~~~
nanny.cpp: In function ‘void attribute_priorities(DESCRIPTOR_DATA*, char*)’:
nanny.cpp:4114:43: warning: ‘%s’ directive writing up to 49151 bytes into a region of size 49137 [-Wformat-overflow=]
 4114 |             sprintf (msg, "The attribute '%s' is duplicated in your list.\n",
      |                                           ^~
 4115 |                      buf);
      |                      ~~~                   
nanny.cpp:4114:21: note: ‘sprintf’ output between 46 and 49197 bytes into a destination of size 49152
 4114 |             sprintf (msg, "The attribute '%s' is duplicated in your list.\n",
      |             ~~~~~~~~^~~~~~~~~~~~~~~~~~~~~~~~~~~~~~~~~~~~~~~~~~~~~~~~~~~~~~~~~
 4115 |                      buf);
      |                      ~~~~
nanny.cpp:4106:33: warning: ‘%s’ directive writing up to 49151 bytes into a region of size 49148 [-Wformat-overflow=]
 4106 |             sprintf (msg, "\n#1'%s' is not recognized as an attribute.\n#0",
      |                                 ^~
 4107 |                      buf);
      |                      ~~~         
nanny.cpp:4106:21: note: ‘sprintf’ output between 44 and 49195 bytes into a destination of size 49152
 4106 |             sprintf (msg, "\n#1'%s' is not recognized as an attribute.\n#0",
      |             ~~~~~~~~^~~~~~~~~~~~~~~~~~~~~~~~~~~~~~~~~~~~~~~~~~~~~~~~~~~~~~~~
 4107 |                      buf);
      |                      ~~~~
nanny.cpp:4096:33: warning: ‘%s’ directive writing up to 49151 bytes into a region of size 49148 [-Wformat-overflow=]
 4096 |             sprintf (msg, "\n#1'%s' is not recognized as an attribute.\n#0",
      |                                 ^~
 4097 |                      buf);
      |                      ~~~         
nanny.cpp:4096:21: note: ‘sprintf’ output between 44 and 49195 bytes into a destination of size 49152
 4096 |             sprintf (msg, "\n#1'%s' is not recognized as an attribute.\n#0",
      |             ~~~~~~~~^~~~~~~~~~~~~~~~~~~~~~~~~~~~~~~~~~~~~~~~~~~~~~~~~~~~~~~~
 4097 |                      buf);
      |                      ~~~~
nanny.cpp: In function ‘void race_selection(DESCRIPTOR_DATA*, char*)’:
nanny.cpp:4735:67: warning: ‘%s’ directive writing up to 49151 bytes into a region of size 49127 [-Wformat-overflow=]
 4735 |         sprintf (buf2 + strlen (buf2), "\n#2Attribute Modifiers:#0%s\n", buf);
      |                                                                   ^~     ~~~
nanny.cpp:4735:17: note: ‘sprintf’ output between 27 and 49178 bytes into a destination of size 49152
 4735 |         sprintf (buf2 + strlen (buf2), "\n#2Attribute Modifiers:#0%s\n", buf);
      |         ~~~~~~~~^~~~~~~~~~~~~~~~~~~~~~~~~~~~~~~~~~~~~~~~~~~~~~~~~~~~~~~~~~~~~
nanny.cpp:4737:67: warning: ‘%s’ directive writing up to 49151 bytes into a region of size 49123 [-Wformat-overflow=]
 4737 |     sprintf (buf2 + strlen (buf2), "\nDo you still wish to play a %s? [y/n] ",
      |                                                                   ^~
 4738 |              race_name);
      |              ~~~~~~~~~                                             
nanny.cpp:4737:13: note: ‘sprintf’ output between 38 and 49189 bytes into a destination of size 49152
 4737 |     sprintf (buf2 + strlen (buf2), "\nDo you still wish to play a %s? [y/n] ",
      |     ~~~~~~~~^~~~~~~~~~~~~~~~~~~~~~~~~~~~~~~~~~~~~~~~~~~~~~~~~~~~~~~~~~~~~~~~~~
 4738 |              race_name);
      |              ~~~~~~~~~~
nanny.cpp: In function ‘void nanny_new_account(DESCRIPTOR_DATA*, char*)’:
nanny.cpp:840:59: warning: ‘%s’ directive writing up to 49151 bytes into a region of size 49119 [-Wformat-overflow=]
  840 |         sprintf (buf2, "\nApply for a login account named %s? [y/n]  ", buf);
      |                                                           ^~            ~~~
nanny.cpp:840:17: note: ‘sprintf’ output between 43 and 49194 bytes into a destination of size 49152
  840 |         sprintf (buf2, "\nApply for a login account named %s? [y/n]  ", buf);
      |         ~~~~~~~~^~~~~~~~~~~~~~~~~~~~~~~~~~~~~~~~~~~~~~~~~~~~~~~~~~~~~~~~~~~~
nanny.cpp: In function ‘void spitstat(CHAR_DATA*, DESCRIPTOR_DATA*)’:
nanny.cpp:3699:33: warning: ‘%s’ directive writing up to 49151 bytes into a region of size 49145 [-Wformat-overflow=]
 3699 |         sprintf(ADDBUF, "Build: %s height and %s build\n\n", ch->height == 1 ? "tiny" : ch->height == 2 ? "short" : ch->height == 3 ? "average" : ch->height == 4 ? "tall" : ch->height == 5 ? "giant" : buf2, frames[ch->frame]);
      |                                 ^~
nanny.cpp:3699:16: note: ‘sprintf’ output 28 or more bytes (assuming 49179) into a destination of size 49152
 3699 |         sprintf(ADDBUF, "Build: %s height and %s build\n\n", ch->height == 1 ? "tiny" : ch->height == 2 ? "short" : ch->height == 3 ? "average" : ch->height == 4 ? "tall" : ch->height == 5 ? "giant" : buf2, frames[ch->frame]);
      |         ~~~~~~~^~~~~~~~~~~~~~~~~~~~~~~~~~~~~~~~~~~~~~~~~~~~~~~~~~~~~~~~~~~~~~~~~~~~~~~~~~~~~~~~~~~~~~~~~~~~~~~~~~~~~~~~~~~~~~~~~~~~~~~~~~~~~~~~~~~~~~~~~~~~~~~~~~~~~~~~~~~~~~~~~~~~~~~~~~~~~~~~~~~~~~~~~~~~~~~~~~~~~~~~~~~~~~~~~~
nanny.cpp: In function ‘void nanny_mail_menu(DESCRIPTOR_DATA*, char*)’:
nanny.cpp:2060:43: warning: ‘%s’ directive writing up to 49151 bytes into a region of size 49136 [-Wformat-overflow=]
 2060 |         sprintf (buf, "\n#2From:#0      %s%s\n"
      |                                           ^~
nanny.cpp:2060:17: note: ‘sprintf’ output 52 or more bytes (assuming 49203) into a destination of size 49152
 2060 |         sprintf (buf, "\n#2From:#0      %s%s\n"
      |         ~~~~~~~~^~~~~~~~~~~~~~~~~~~~~~~~~~~~~~~
 2061 |                  "%s%s%s"
      |                  ~~~~~~~~
 2062 |                  "#2Dated:#0     %s\n"
      |                  ~~~~~~~~~~~~~~~~~~~~~
 2063 |                  "#2Regarding:#0 %s\n"
      |                  ~~~~~~~~~~~~~~~~~~~~~
 2064 |                  "\n"
      |                  ~~~~
 2065 |                  "%s\n",
      |                  ~~~~~~~
 2066 |                  row[2],
      |                  ~~~~~~~
 2067 |                  (is_admin (d->acct->name.c_str ()) ? imm_buf : ""),
      |                  ~~~~~~~~~~~~~~~~~~~~~~~~~~~~~~~~~~~~~~~~~~~~~~~~~~~
 2068 |                  (row[10] ? "#2To:#0        " : ""),
      |                  ~~~~~~~~~~~~~~~~~~~~~~~~~~~~~~~~~~~
 2069 |                  (row[10] ? row[10] : ""),
      |                  ~~~~~~~~~~~~~~~~~~~~~~~~~
 2070 |                  (row[10] ? "\n" : ""), row[9], row[5], row[6]);
      |                  ~~~~~~~~~~~~~~~~~~~~~~~~~~~~~~~~~~~~~~~~~~~~~~
nanny.cpp: In function ‘void nanny_connect_select(DESCRIPTOR_DATA*, char*)’:
nanny.cpp:2415:59: warning: ‘%s’ directive writing up to 49151 bytes into a region of size between 49119 and 49127 [-Wformat-overflow=]
 2415 |                                 sprintf (buf, "%2d. %-20s %s\n", i, row[0], state);
      |                                                           ^~                ~~~~~
nanny.cpp:2415:41: note: ‘sprintf’ output 27 or more bytes (assuming 49186) into a destination of size 49152
 2415 |                                 sprintf (buf, "%2d. %-20s %s\n", i, row[0], state);
      |                                 ~~~~~~~~^~~~~~~~~~~~~~~~~~~~~~~~~~~~~~~~~~~~~~~~~~
g++ -Wno-write-strings  -c -march=native  -ggdb -DLINUX -Wall -fpermissive -std=gnu++98 net_link.cpp 
g++ -Wno-write-strings  -c -march=native  -ggdb -DLINUX -Wall -fpermissive -std=gnu++98 object_damage.cpp 
net_link.cpp: In function ‘int process_input(DESCRIPTOR_DATA*)’:
net_link.cpp:647:67: warning: ‘%s’ directive writing up to 49251 bytes into a region of size 49222 [-Wformat-overflow=]
  647 |                 sprintf (buffer, "Line too long. Truncated to:\n\r%s\n\r", tmp);
      |                                                                   ^~       ~~~
net_link.cpp:647:25: note: ‘sprintf’ output between 33 and 49284 bytes into a destination of size 49252
  647 |                 sprintf (buffer, "Line too long. Truncated to:\n\r%s\n\r", tmp);
      |                 ~~~~~~~~^~~~~~~~~~~~~~~~~~~~~~~~~~~~~~~~~~~~~~~~~~~~~~~~~~~~~~~
g++ -Wno-write-strings  -c -march=native  -ggdb -DLINUX -Wall -fpermissive -std=gnu++98 objects.cpp 
object_damage.cpp: In function ‘OBJECT_DAMAGE* object_damage__new_init(DAMAGE_TYPE, int, MATERIAL_TYPE, int, int)’:
object_damage.cpp:256:5: warning: this ‘if’ clause does not guard... [-Wmisleading-indentation]
  256 |     if (cmd)
      |     ^~
object_damage.cpp:259:9: note: ...this statement, but the latter is misleadingly indented as if it were guarded by the ‘if’
  259 |         if (impact <= 6)
      |         ^~
object_damage.cpp: In function ‘void npc_repair(CHAR_DATA*, CHAR_DATA*, OBJ_DATA*, char*)’:
object_damage.cpp:587:48: warning: ‘%s’ directive writing up to 49151 bytes into a region of size 49144 [-Wformat-overflow=]
  587 |                         sprintf (buf, "whisper %s That damage is beyond repair.", buf3);
      |                                                ^~                                 ~~~~
object_damage.cpp:587:33: note: ‘sprintf’ output between 39 and 49190 bytes into a destination of size 49152
  587 |                         sprintf (buf, "whisper %s That damage is beyond repair.", buf3);
      |                         ~~~~~~~~^~~~~~~~~~~~~~~~~~~~~~~~~~~~~~~~~~~~~~~~~~~~~~~~~~~~~~~
object_damage.cpp:581:48: warning: ‘%s’ directive writing up to 49151 bytes into a region of size 49144 [-Wformat-overflow=]
  581 |                         sprintf (buf, "whisper %s I don't see any damage there to treat.", buf3);
      |                                                ^~                                          ~~~~
object_damage.cpp:581:33: note: ‘sprintf’ output between 48 and 49199 bytes into a destination of size 49152
  581 |                         sprintf (buf, "whisper %s I don't see any damage there to treat.", buf3);
      |                         ~~~~~~~~^~~~~~~~~~~~~~~~~~~~~~~~~~~~~~~~~~~~~~~~~~~~~~~~~~~~~~~~~~~~~~~~
object_damage.cpp:623:40: warning: ‘%s’ directive writing up to 49151 bytes into a region of size 49144 [-Wformat-overflow=]
  623 |                 sprintf (buf, "whisper %s There is no cost to you for this treatment.",
      |                                        ^~
  624 |                          buf3);
      |                          ~~~~           
object_damage.cpp:623:25: note: ‘sprintf’ output between 53 and 49204 bytes into a destination of size 49152
  623 |                 sprintf (buf, "whisper %s There is no cost to you for this treatment.",
      |                 ~~~~~~~~^~~~~~~~~~~~~~~~~~~~~~~~~~~~~~~~~~~~~~~~~~~~~~~~~~~~~~~~~~~~~~~
  624 |                          buf3);
      |                          ~~~~~
object_damage.cpp:610:42: warning: ‘ You seem to be a little sho...’ directive writing 49 bytes into a region of size between 1 and 49152 [-Wformat-overflow=]
  610 |                         sprintf (buf, "%s You seem to be a little short on coins to trade.", buf3);
      |                                          ^~~~~~~~~~~~~~~~~~~~~~~~~~~~~~~~~~~~~~~~~~~~~~~~~
object_damage.cpp:610:33: note: ‘sprintf’ output between 50 and 49201 bytes into a destination of size 49152
  610 |                         sprintf (buf, "%s You seem to be a little short on coins to trade.", buf3);
      |                         ~~~~~~~~^~~~~~~~~~~~~~~~~~~~~~~~~~~~~~~~~~~~~~~~~~~~~~~~~~~~~~~~~~~~~~~~~~
object_damage.cpp:599:35: warning: ‘%s’ directive writing up to 49151 bytes into a region of size 49144 [-Wformat-overflow=]
  599 |                          "whisper %s All the damage have been taken care of - there's nothing I can do.",
      |                                   ^~
  600 |                          buf3);
      |                          ~~~~      
object_damage.cpp:598:25: note: ‘sprintf’ output between 76 and 49227 bytes into a destination of size 49152
  598 |                 sprintf (buf,
      |                 ~~~~~~~~^~~~~
  599 |                          "whisper %s All the damage have been taken care of - there's nothing I can do.",
      |                          ~~~~~~~~~~~~~~~~~~~~~~~~~~~~~~~~~~~~~~~~~~~~~~~~~~~~~~~~~~~~~~~~~~~~~~~~~~~~~~~~
  600 |                          buf3);
      |                          ~~~~~
object_damage.cpp:508:56: warning: ‘%s’ directive writing up to 49151 bytes into a region of size 49144 [-Wformat-overflow=]
  508 |                                 sprintf (buf, "whisper %s That damage is beyond repair.",
      |                                                        ^~
  509 |                                          buf2);
      |                                          ~~~~           
object_damage.cpp:508:41: note: ‘sprintf’ output between 39 and 49190 bytes into a destination of size 49152
  508 |                                 sprintf (buf, "whisper %s That damage is beyond repair.",
      |                                 ~~~~~~~~^~~~~~~~~~~~~~~~~~~~~~~~~~~~~~~~~~~~~~~~~~~~~~~~~
  509 |                                          buf2);
      |                                          ~~~~~
object_damage.cpp:501:56: warning: ‘%s’ directive writing up to 49151 bytes into a region of size 49144 [-Wformat-overflow=]
  501 |                                 sprintf (buf, "whisper %s  I don't see any damage there to treat.",
      |                                                        ^~
  502 |                                          buf2);
      |                                          ~~~~           
object_damage.cpp:501:41: note: ‘sprintf’ output between 49 and 49200 bytes into a destination of size 49152
  501 |                                 sprintf (buf, "whisper %s  I don't see any damage there to treat.",
      |                                 ~~~~~~~~^~~~~~~~~~~~~~~~~~~~~~~~~~~~~~~~~~~~~~~~~~~~~~~~~~~~~~~~~~~
  502 |                                          buf2);
      |                                          ~~~~~
object_damage.cpp:528:35: warning: ‘%s’ directive writing up to 49151 bytes into a region of size 49144 [-Wformat-overflow=]
  528 |                          "whisper %s I'll get you taken care of for a total of %d coppers.",
      |                                   ^~
  529 |                          buf3, (int) cost);
      |                          ~~~~      
object_damage.cpp:527:25: note: ‘sprintf’ output between 62 and 49223 bytes into a destination of size 49152
  527 |                 sprintf (buf,
      |                 ~~~~~~~~^~~~~
  528 |                          "whisper %s I'll get you taken care of for a total of %d coppers.",
      |                          ~~~~~~~~~~~~~~~~~~~~~~~~~~~~~~~~~~~~~~~~~~~~~~~~~~~~~~~~~~~~~~~~~~~
  529 |                          buf3, (int) cost);
      |                          ~~~~~~~~~~~~~~~~~
object_damage.cpp:521:43: warning: ‘%s’ directive writing up to 49151 bytes into a region of size 49144 [-Wformat-overflow=]
  521 |                                  "whisper %s All the damage have been taken care of - there's nothing I can do.",
      |                                           ^~
  522 |                                  buf3);
      |                                  ~~~~      
object_damage.cpp:520:33: note: ‘sprintf’ output between 76 and 49227 bytes into a destination of size 49152
  520 |                         sprintf (buf,
      |                         ~~~~~~~~^~~~~
  521 |                                  "whisper %s All the damage have been taken care of - there's nothing I can do.",
      |                                  ~~~~~~~~~~~~~~~~~~~~~~~~~~~~~~~~~~~~~~~~~~~~~~~~~~~~~~~~~~~~~~~~~~~~~~~~~~~~~~~~
  522 |                                  buf3);
      |                                  ~~~~~
object_damage.cpp:442:40: warning: ‘%s’ directive writing up to 49151 bytes into a region of size 49144 [-Wformat-overflow=]
  442 |                 sprintf (buf, "whisper %s I don't see any damage on #2%s#0 to repair!", buf3, obj_short_desc(obj));
      |                                        ^~                                               ~~~~
object_damage.cpp:442:25: note: ‘sprintf’ output 51 or more bytes (assuming 49202) into a destination of size 49152
  442 |                 sprintf (buf, "whisper %s I don't see any damage on #2%s#0 to repair!", buf3, obj_short_desc(obj));
      |                 ~~~~~~~~^~~~~~~~~~~~~~~~~~~~~~~~~~~~~~~~~~~~~~~~~~~~~~~~~~~~~~~~~~~~~~~~~~~~~~~~~~~~~~~~~~~~~~~~~~
g++ -Wno-write-strings  -c -march=native  -ggdb -DLINUX -Wall -fpermissive -std=gnu++98 olc.cpp 
objects.cpp: In function ‘void delayed_take(CHAR_DATA*)’:
objects.cpp:2459:15: warning: cast to pointer from integer of different size [-Wint-to-pointer-cast]
 2459 |         obj = (OBJ_DATA *) ch->delay_info1;
      |               ^~~~~~~~~~~~~~~~~~~~~~~~~~~~
objects.cpp: In function ‘void drop_all(CHAR_DATA*, int)’:
objects.cpp:2676:41: warning: converting ‘false’ to pointer type for argument 2 of ‘bool spare_capacity(CHAR_DATA*, OBJ_DATA*, bool)’ [-Wconversion-null]
 2676 |         if (!cmd && !spare_capacity(ch, false, true))
      |                                         ^~~~~
In file included from objects.cpp:23:
protos.h:1871:46: note:   declared here
 1871 | bool spare_capacity(CHAR_DATA *ch, OBJ_DATA *obj, bool drop_all);
      |                                    ~~~~~~~~~~^~~
objects.cpp: In function ‘void do_drop(CHAR_DATA*, char*, int)’:
objects.cpp:2762:20: warning: unused variable ‘room’ [-Wunused-variable]
 2762 |         ROOM_DATA *room = NULL;
      |                    ^~~~
objects.cpp: In function ‘void delayed_putchar(CHAR_DATA*)’:
objects.cpp:3104:15: warning: cast to pointer from integer of different size [-Wint-to-pointer-cast]
 3104 |         obj = (OBJ_DATA *) ch->delay_info1;
      |               ^~~~~~~~~~~~~~~~~~~~~~~~~~~~
objects.cpp: In function ‘void do_sip(CHAR_DATA*, char*, int)’:
objects.cpp:3664:14: warning: unused variable ‘tasted’ [-Wunused-variable]
 3664 |         bool tasted;
      |              ^~~~~~
objects.cpp: In function ‘void do_drink(CHAR_DATA*, char*, int)’:
objects.cpp:3688:13: warning: unused variable ‘poisoned’ [-Wunused-variable]
 3688 |         int poisoned = 0;
      |             ^~~~~~~~
objects.cpp: In function ‘void do_fill(CHAR_DATA*, char*, int)’:
objects.cpp:4155:13: warning: unused variable ‘volume_to_transfer’ [-Wunused-variable]
 4155 |         int volume_to_transfer;
      |             ^~~~~~~~~~~~~~~~~~
objects.cpp: In function ‘void do_remove(CHAR_DATA*, char*, int)’:
objects.cpp:6212:5: warning: this ‘if’ clause does not guard... [-Wmisleading-indentation]
 6212 |     if (obj->attire)
      |     ^~
objects.cpp:6215:9: note: ...this statement, but the latter is misleadingly indented as if it were guarded by the ‘if’
 6215 |         act ("You stop using $p.", false, ch, obj, 0, TO_CHAR);
      |         ^~~
objects.cpp: In function ‘void delayed_butcher1(CHAR_DATA*)’:
objects.cpp:6797:15: warning: cast to pointer from integer of different size [-Wint-to-pointer-cast]
 6797 |         obj = (OBJ_DATA *) ch->delay_info1;
      |               ^~~~~~~~~~~~~~~~~~~~~~~~~~~~
objects.cpp: In function ‘void delayed_butcher2(CHAR_DATA*)’:
objects.cpp:6848:15: warning: cast to pointer from integer of different size [-Wint-to-pointer-cast]
 6848 |         obj = (OBJ_DATA *) ch->delay_info1;
      |               ^~~~~~~~~~~~~~~~~~~~~~~~~~~~
objects.cpp: In function ‘void delayed_butcher3(CHAR_DATA*)’:
objects.cpp:6910:19: warning: cast to pointer from integer of different size [-Wint-to-pointer-cast]
 6910 |         carcass = (OBJ_DATA *) ch->delay_info1;
      |                   ^~~~~~~~~~~~~~~~~~~~~~~~~~~~
objects.cpp:6901:13: warning: unused variable ‘j’ [-Wunused-variable]
 6901 |         int j = 0;
      |             ^
objects.cpp:6902:13: warning: unused variable ‘k’ [-Wunused-variable]
 6902 |         int k = 0;
      |             ^
objects.cpp:6905:13: warning: unused variable ‘slot’ [-Wunused-variable]
 6905 |         int slot[10];
      |             ^~~~
objects.cpp:6906:14: warning: unused variable ‘var_list’ [-Wunused-variable]
 6906 |         char var_list[10][100];
      |              ^~~~~~~~
objects.cpp:6907:15: warning: unused variable ‘vari_list’ [-Wunused-variable]
 6907 |         char *vari_list[10];
      |               ^~~~~~~~~
objects.cpp: In function ‘void delayed_skin_new1(CHAR_DATA*)’:
objects.cpp:7187:22: warning: cast to pointer from integer of different size [-Wint-to-pointer-cast]
 7187 |         obj_corpse = (OBJ_DATA *) ch->delay_info1;
      |                      ^~~~~~~~~~~~~~~~~~~~~~~~~~~~
objects.cpp: In function ‘void delayed_skin_new2(CHAR_DATA*)’:
objects.cpp:7241:22: warning: cast to pointer from integer of different size [-Wint-to-pointer-cast]
 7241 |         obj_corpse = (OBJ_DATA *) ch->delay_info1;
      |                      ^~~~~~~~~~~~~~~~~~~~~~~~~~~~
objects.cpp: In function ‘void delayed_skin_new3(CHAR_DATA*)’:
objects.cpp:7301:18: warning: cast to pointer from integer of different size [-Wint-to-pointer-cast]
 7301 |         corpse = (OBJ_DATA *) ch->delay_info1;
      |                  ^~~~~~~~~~~~~~~~~~~~~~~~~~~~
objects.cpp:7295:13: warning: unused variable ‘slot’ [-Wunused-variable]
 7295 |         int slot[10];
      |             ^~~~
objects.cpp:7296:13: warning: unused variable ‘j’ [-Wunused-variable]
 7296 |         int j;
      |             ^
objects.cpp:7297:13: warning: unused variable ‘k’ [-Wunused-variable]
 7297 |         int k;
      |             ^
objects.cpp:7298:14: warning: unused variable ‘var_list’ [-Wunused-variable]
 7298 |         char var_list[10][100];
      |              ^~~~~~~~
objects.cpp:7299:15: warning: unused variable ‘vari_list’ [-Wunused-variable]
 7299 |         char *vari_list[10];
      |               ^~~~~~~~~
objects.cpp: In function ‘void delayed_gather(CHAR_DATA*)’:
objects.cpp:7964:13: warning: variable ‘check_one’ set but not used [-Wunused-but-set-variable]
 7964 |         int check_one = 0;
      |             ^~~~~~~~~
objects.cpp:7965:13: warning: variable ‘check_two’ set but not used [-Wunused-but-set-variable]
 7965 |         int check_two = 0;
      |             ^~~~~~~~~
objects.cpp:7977:14: warning: variable ‘passed’ set but not used [-Wunused-but-set-variable]
 7977 |         bool passed = false;
      |              ^~~~~~
objects.cpp: In function ‘void do_empty(CHAR_DATA*, char*, int)’:
objects.cpp:8605:17: warning: unused variable ‘count’ [-Wunused-variable]
 8605 |             int count = 0;
      |                 ^~~~~
objects.cpp:8537:14: warning: unused variable ‘buf2’ [-Wunused-variable]
 8537 |         char buf2[MAX_STRING_LENGTH];
      |              ^~~~
objects.cpp: In function ‘void do_pack(CHAR_DATA*, char*, int)’:
objects.cpp:9121:13: warning: variable ‘count’ set but not used [-Wunused-but-set-variable]
 9121 |         int count;
      |             ^~~~~
objects.cpp: In function ‘void do_card(CHAR_DATA*, char*, int)’:
objects.cpp:9369:16: warning: format not a string literal and no format arguments [-Wformat-security]
 9369 |         sprintf(preDeal, obj_short_desc(obj));
      |         ~~~~~~~^~~~~~~~~~~~~~~~~~~~~~~~~~~~~~
objects.cpp: In function ‘void do_decorate(CHAR_DATA*, char*, int)’:
objects.cpp:10133:128: warning: format ‘%u’ expects argument of type ‘unsigned int’, but argument 3 has type ‘size_t’ {aka ‘long unsigned int’} [-Wformat=]
10133 |                         sprintf (buf2, "There is a 1024-character limit on object decorations - your description is currently %u characters long.\n", strlen(argument));
      |                                                                                                                               ~^                      ~~~~~~~~~~~~~~~~
      |                                                                                                                                |                            |
      |                                                                                                                                unsigned int                 size_t {aka long unsigned int}
      |                                                                                                                               %lu
objects.cpp:10142:127: warning: format ‘%u’ expects argument of type ‘unsigned int’, but argument 3 has type ‘size_t’ {aka ‘long unsigned int’} [-Wformat=]
10142 |                         sprintf (buf2, "There is a 256-character limit on object decorations - your description is currently %u characters long.\n", strlen(argument));
      |                                                                                                                              ~^                      ~~~~~~~~~~~~~~~~
      |                                                                                                                               |                            |
      |                                                                                                                               unsigned int                 size_t {aka long unsigned int}
      |                                                                                                                              %lu
objects.cpp: In function ‘void do_origins(CHAR_DATA*, char*, int)’:
objects.cpp:10480:45: warning: unused variable ‘tcraft’ [-Wunused-variable]
10480 |                 SUBCRAFT_HEAD_DATA *craft, *tcraft;
      |                                             ^~~~~~
objects.cpp:10419:14: warning: unused variable ‘found’ [-Wunused-variable]
10419 |         bool found = false;
      |              ^~~~~
objects.cpp:10440:21: warning: unused variable ‘phase’ [-Wunused-variable]
10440 |         PHASE_DATA *phase = NULL;
      |                     ^~~~~
objects.cpp: In function ‘OBJ_DATA* clone_colored_object(OBJ_DATA*, int, int)’:
objects.cpp:10807:8: warning: unused variable ‘buf’ [-Wunused-variable]
10807 |   char buf[200];
      |        ^~~
objects.cpp: In function ‘char* object__examine_damage(OBJ_DATA*, int)’:
objects.cpp:1088:45: warning: ‘%s’ directive writing up to 49151 bytes into a region of size 49147 [-Wformat-overflow=]
 1088 |                         sprintf(buf2, "   #6%s%s%s%s%s. It has%s#0", buf4, buf3, conditions[0][tier], (scuff_index ? scuffs_desc[scuff_index] : ""), (worn_index ? worn_desc[worn_index] : ""), buf);
      |                                             ^~                       ~~~~
objects.cpp:1088:32: note: ‘sprintf’ output 16 or more bytes (assuming 147469) into a destination of size 49152
 1088 |                         sprintf(buf2, "   #6%s%s%s%s%s. It has%s#0", buf4, buf3, conditions[0][tier], (scuff_index ? scuffs_desc[scuff_index] : ""), (worn_index ? worn_desc[worn_index] : ""), buf);
      |                         ~~~~~~~^~~~~~~~~~~~~~~~~~~~~~~~~~~~~~~~~~~~~~~~~~~~~~~~~~~~~~~~~~~~~~~~~~~~~~~~~~~~~~~~~~~~~~~~~~~~~~~~~~~~~~~~~~~~~~~~~~~~~~~~~~~~~~~~~~~~~~~~~~~~~~~~~~~~~~~~~~~~~~~~~~~~~
objects.cpp:1086:45: warning: ‘%s’ directive writing up to 49151 bytes into a region of size 49147 [-Wformat-overflow=]
 1086 |                         sprintf(buf2, "   #6%s%s%s%s%s.#0", buf4, buf3, conditions[0][tier], (scuff_index ? scuffs_desc[scuff_index] : ""), (worn_index ? worn_desc[worn_index] : ""));
      |                                             ^~              ~~~~
objects.cpp:1086:32: note: ‘sprintf’ output 9 or more bytes (assuming 98311) into a destination of size 49152
 1086 |                         sprintf(buf2, "   #6%s%s%s%s%s.#0", buf4, buf3, conditions[0][tier], (scuff_index ? scuffs_desc[scuff_index] : ""), (worn_index ? worn_desc[worn_index] : ""));
      |                         ~~~~~~~^~~~~~~~~~~~~~~~~~~~~~~~~~~~~~~~~~~~~~~~~~~~~~~~~~~~~~~~~~~~~~~~~~~~~~~~~~~~~~~~~~~~~~~~~~~~~~~~~~~~~~~~~~~~~~~~~~~~~~~~~~~~~~~~~~~~~~~~~~~~~~~~~~~~~~~
objects.cpp:933:48: warning: ‘%s’ directive writing up to 49151 bytes into a region of size 49146 [-Wformat-overflow=]
  933 |                         sprintf (buf2, "\n   #6%s%s%s.#0\n", buf4, buf3, conditions[object__get_material(thisPtr)][tier]);
      |                                                ^~            ~~~~
objects.cpp:933:33: note: ‘sprintf’ output 11 or more bytes (assuming 98313) into a destination of size 49152
  933 |                         sprintf (buf2, "\n   #6%s%s%s.#0\n", buf4, buf3, conditions[object__get_material(thisPtr)][tier]);
      |                         ~~~~~~~~^~~~~~~~~~~~~~~~~~~~~~~~~~~~~~~~~~~~~~~~~~~~~~~~~~~~~~~~~~~~~~~~~~~~~~~~~~~~~~~~~~~~~~~~~
objects.cpp:929:48: warning: ‘%s’ directive writing up to 49151 bytes into a region of size 49146 [-Wformat-overflow=]
  929 |                         sprintf (buf2, "\n   #6%s%sIt is in good condition.#0\n", buf4, buf3);
      |                                                ^~                                 ~~~~
objects.cpp:929:33: note: ‘sprintf’ output between 34 and 98336 bytes into a destination of size 49152
  929 |                         sprintf (buf2, "\n   #6%s%sIt is in good condition.#0\n", buf4, buf3);
      |                         ~~~~~~~~^~~~~~~~~~~~~~~~~~~~~~~~~~~~~~~~~~~~~~~~~~~~~~~~~~~~~~~~~~~~~
objects.cpp: In function ‘void do_take(CHAR_DATA*, char*, int)’:
objects.cpp:2413:65: warning: ‘%s’ directive writing up to 49151 bytes into a region of size 49119 [-Wformat-overflow=]
 2413 |                 sprintf (buf, "You begin to remove $p from $N's %s.", buf2);
      |                                                                 ^~    ~~~~
objects.cpp:2413:25: note: ‘sprintf’ output between 35 and 49186 bytes into a destination of size 49152
 2413 |                 sprintf (buf, "You begin to remove $p from $N's %s.", buf2);
      |                 ~~~~~~~~^~~~~~~~~~~~~~~~~~~~~~~~~~~~~~~~~~~~~~~~~~~~~~~~~~~
objects.cpp:2416:64: warning: ‘%s’ directive writing up to 49151 bytes into a region of size 49120 [-Wformat-overflow=]
 2416 |                 sprintf (buf, "$n begins removing $p from $N's %s.", buf2);
      |                                                                ^~    ~~~~
objects.cpp:2416:25: note: ‘sprintf’ output between 34 and 49185 bytes into a destination of size 49152
 2416 |                 sprintf (buf, "$n begins removing $p from $N's %s.", buf2);
      |                 ~~~~~~~~^~~~~~~~~~~~~~~~~~~~~~~~~~~~~~~~~~~~~~~~~~~~~~~~~~
objects.cpp:2419:64: warning: ‘%s’ directive writing up to 49151 bytes into a region of size 49120 [-Wformat-overflow=]
 2419 |                 sprintf (buf, "$N begins removing $p from your %s.", buf2);
      |                                                                ^~    ~~~~
objects.cpp:2419:25: note: ‘sprintf’ output between 34 and 49185 bytes into a destination of size 49152
 2419 |                 sprintf (buf, "$N begins removing $p from your %s.", buf2);
      |                 ~~~~~~~~^~~~~~~~~~~~~~~~~~~~~~~~~~~~~~~~~~~~~~~~~~~~~~~~~~
objects.cpp: In function ‘void delayed_putchar(CHAR_DATA*)’:
objects.cpp:3183:43: warning: ‘%s’ directive writing up to 49151 bytes into a region of size 49133 [-Wformat-overflow=]
 3183 |         sprintf (buf, "$n puts $p on $N's %s.", buf2);
      |                                           ^~    ~~~~
objects.cpp:3183:17: note: ‘sprintf’ output between 21 and 49172 bytes into a destination of size 49152
 3183 |         sprintf (buf, "$n puts $p on $N's %s.", buf2);
      |         ~~~~~~~~^~~~~~~~~~~~~~~~~~~~~~~~~~~~~~~~~~~~~
objects.cpp:3186:43: warning: ‘%s’ directive writing up to 49151 bytes into a region of size 49133 [-Wformat-overflow=]
 3186 |         sprintf (buf, "$N puts $p on your %s.", buf2);
      |                                           ^~    ~~~~
objects.cpp:3186:17: note: ‘sprintf’ output between 21 and 49172 bytes into a destination of size 49152
 3186 |         sprintf (buf, "$N puts $p on your %s.", buf2);
      |         ~~~~~~~~^~~~~~~~~~~~~~~~~~~~~~~~~~~~~~~~~~~~~
objects.cpp:3189:43: warning: ‘%s’ directive writing up to 49151 bytes into a region of size 49133 [-Wformat-overflow=]
 3189 |         sprintf (buf, "You put $p on $N's %s.", buf2);
      |                                           ^~    ~~~~
objects.cpp:3189:17: note: ‘sprintf’ output between 21 and 49172 bytes into a destination of size 49152
 3189 |         sprintf (buf, "You put $p on $N's %s.", buf2);
      |         ~~~~~~~~^~~~~~~~~~~~~~~~~~~~~~~~~~~~~~~~~~~~~
objects.cpp: In function ‘void delayed_gather(CHAR_DATA*)’:
objects.cpp:8285:59: warning: ‘%s’ directive writing up to 49151 bytes into a region of size 49140 [-Wformat-overflow=]
 8285 |                 sprintf(buf + strlen(buf), " extracting %s%s", (count_one > 1 ? "several of " : ""), buf_one);
      |                                                           ^~                                         ~~~~~~~
objects.cpp:8285:24: note: ‘sprintf’ output 13 or more bytes (assuming 49164) into a destination of size 49152
 8285 |                 sprintf(buf + strlen(buf), " extracting %s%s", (count_one > 1 ? "several of " : ""), buf_one);
      |                 ~~~~~~~^~~~~~~~~~~~~~~~~~~~~~~~~~~~~~~~~~~~~~~~~~~~~~~~~~~~~~~~~~~~~~~~~~~~~~~~~~~~~~~~~~~~~~
objects.cpp:8286:61: warning: ‘%s’ directive writing up to 49151 bytes into a region of size 49140 [-Wformat-overflow=]
 8286 |                 sprintf(buf2 + strlen(buf2), " extracting %s%s", (count_one > 1 ? "several of " : ""), buf_one);
      |                                                             ^~                                         ~~~~~~~
objects.cpp:8286:24: note: ‘sprintf’ output 13 or more bytes (assuming 49164) into a destination of size 49152
 8286 |                 sprintf(buf2 + strlen(buf2), " extracting %s%s", (count_one > 1 ? "several of " : ""), buf_one);
      |                 ~~~~~~~^~~~~~~~~~~~~~~~~~~~~~~~~~~~~~~~~~~~~~~~~~~~~~~~~~~~~~~~~~~~~~~~~~~~~~~~~~~~~~~~~~~~~~~~
objects.cpp:8292:50: warning: ‘%s’ directive writing up to 49151 bytes into a region of size 49146 [-Wformat-overflow=]
 8292 |                 sprintf(buf + strlen(buf), "%s %s%s", (already ? ", and" : "extracting"), (count_two > 1 ? "several of " : ""), buf_two);
      |                                                  ^~                                                                             ~~~~~~~
objects.cpp:8292:24: note: ‘sprintf’ output 7 or more bytes (assuming 49158) into a destination of size 49152
 8292 |                 sprintf(buf + strlen(buf), "%s %s%s", (already ? ", and" : "extracting"), (count_two > 1 ? "several of " : ""), buf_two);
      |                 ~~~~~~~^~~~~~~~~~~~~~~~~~~~~~~~~~~~~~~~~~~~~~~~~~~~~~~~~~~~~~~~~~~~~~~~~~~~~~~~~~~~~~~~~~~~~~~~~~~~~~~~~~~~~~~~~~~~~~~~~
objects.cpp:8293:52: warning: ‘%s’ directive writing up to 49151 bytes into a region of size 49146 [-Wformat-overflow=]
 8293 |                 sprintf(buf2 + strlen(buf2), "%s %s%s", (already ? ", and" : "extracting"), (count_two > 1 ? "several of " : ""), buf_two);
      |                                                    ^~                                                                             ~~~~~~~
objects.cpp:8293:24: note: ‘sprintf’ output 7 or more bytes (assuming 49158) into a destination of size 49152
 8293 |                 sprintf(buf2 + strlen(buf2), "%s %s%s", (already ? ", and" : "extracting"), (count_two > 1 ? "several of " : ""), buf_two);
      |                 ~~~~~~~^~~~~~~~~~~~~~~~~~~~~~~~~~~~~~~~~~~~~~~~~~~~~~~~~~~~~~~~~~~~~~~~~~~~~~~~~~~~~~~~~~~~~~~~~~~~~~~~~~~~~~~~~~~~~~~~~~~
olc.cpp: In function ‘void save_affect_reset(FILE*, CHAR_DATA*, AFFECTED_TYPE*)’:
olc.cpp:1859:16: warning: variable ‘proto’ set but not used [-Wunused-but-set-variable]
 1859 |     CHAR_DATA *proto;
      |                ^~~~~
objects.cpp: In function ‘void do_behead(CHAR_DATA*, char*, int)’:
objects.cpp:8883:36: warning: ‘%s’ directive writing up to 49151 bytes into a region of size 49140 [-Wformat-overflow=]
 8883 |         sprintf (buf, "The head of %s rests here.", buf2);
      |                                    ^~               ~~~~
objects.cpp:8883:17: note: ‘sprintf’ output between 25 and 49176 bytes into a destination of size 49152
 8883 |         sprintf (buf, "The head of %s rests here.", buf2);
      |         ~~~~~~~~^~~~~~~~~~~~~~~~~~~~~~~~~~~~~~~~~~~~~~~~~
objects.cpp:8886:36: warning: ‘%s’ directive writing up to 49151 bytes into a region of size 49140 [-Wformat-overflow=]
 8886 |         sprintf (buf, "the head of %s", buf2);
      |                                    ^~   ~~~~
objects.cpp:8886:17: note: ‘sprintf’ output between 13 and 49164 bytes into a destination of size 49152
 8886 |         sprintf (buf, "the head of %s", buf2);
      |         ~~~~~~~~^~~~~~~~~~~~~~~~~~~~~~~~~~~~~
objects.cpp:8899:47: warning: ‘%s’ directive writing up to 49151 bytes into a region of size 49129 [-Wformat-overflow=]
 8899 |         sprintf (buf, "The headless corpse of %s is lying here.", buf2);
      |                                               ^~                  ~~~~
objects.cpp:8899:17: note: ‘sprintf’ output between 39 and 49190 bytes into a destination of size 49152
 8899 |         sprintf (buf, "The headless corpse of %s is lying here.", buf2);
      |         ~~~~~~~~^~~~~~~~~~~~~~~~~~~~~~~~~~~~~~~~~~~~~~~~~~~~~~~~~~~~~~~
objects.cpp:8902:47: warning: ‘%s’ directive writing up to 49151 bytes into a region of size 49129 [-Wformat-overflow=]
 8902 |         sprintf (buf, "the headless corpse of %s", buf2);
      |                                               ^~   ~~~~
objects.cpp:8902:17: note: ‘sprintf’ output between 24 and 49175 bytes into a destination of size 49152
 8902 |         sprintf (buf, "the headless corpse of %s", buf2);
      |         ~~~~~~~~^~~~~~~~~~~~~~~~~~~~~~~~~~~~~~~~~~~~~~~~
objects.cpp:8909:33: warning: ‘%s’ directive writing up to 49151 bytes into a region of size 49143 [-Wformat-overflow=]
 8909 |         sprintf (buf, "headless %s", buf2);
      |                                 ^~   ~~~~
objects.cpp:8909:17: note: ‘sprintf’ output between 10 and 49161 bytes into a destination of size 49152
 8909 |         sprintf (buf, "headless %s", buf2);
      |         ~~~~~~~~^~~~~~~~~~~~~~~~~~~~~~~~~~
objects.cpp: In function ‘void do_wear(CHAR_DATA*, char*, int)’:
objects.cpp:5734:72: warning: ‘%s’ directive writing up to 49151 bytes into a region of size 49123 [-Wformat-overflow=]
 5734 |                         sprintf (buffer, "You do not seem to have the '%s'.\n", arg1);
      |                                                                        ^~       ~~~~
objects.cpp:5734:33: note: ‘sprintf’ output between 33 and 49184 bytes into a destination of size 49152
 5734 |                         sprintf (buffer, "You do not seem to have the '%s'.\n", arg1);
      |                         ~~~~~~~~^~~~~~~~~~~~~~~~~~~~~~~~~~~~~~~~~~~~~~~~~~~~~~~~~~~~~
objects.cpp:5659:56: warning: ‘%s’ directive writing up to 49151 bytes into a region of size 256 [-Wformat-overflow=]
 5659 |                                         sprintf (buf, "%s is an unknown body location.\n", arg2);
      |                                                        ^~                                  ~~~~
objects.cpp:5659:49: note: ‘sprintf’ output between 31 and 49182 bytes into a destination of size 256
 5659 |                                         sprintf (buf, "%s is an unknown body location.\n", arg2);
      |                                         ~~~~~~~~^~~~~~~~~~~~~~~~~~~~~~~~~~~~~~~~~~~~~~~~~~~~~~~~
objects.cpp: In function ‘void do_wield(CHAR_DATA*, char*, int)’:
objects.cpp:5816:64: warning: ‘%s’ directive writing up to 49151 bytes into a region of size 49123 [-Wformat-overflow=]
 5816 |                 sprintf (buffer, "You do not seem to have the '%s'.\n", arg1);
      |                                                                ^~       ~~~~
olc.cpp: In function ‘void do_review(CHAR_DATA*, char*, int)’:
olc.cpp:2424:9: warning: variable ‘silent_review’ set but not used [-Wunused-but-set-variable]
 2424 |     int silent_review = 0;
      |         ^~~~~~~~~~~~~
objects.cpp:5816:25: note: ‘sprintf’ output between 33 and 49184 bytes into a destination of size 49152
 5816 |                 sprintf (buffer, "You do not seem to have the '%s'.\n", arg1);
      |                 ~~~~~~~~^~~~~~~~~~~~~~~~~~~~~~~~~~~~~~~~~~~~~~~~~~~~~~~~~~~~~
objects.cpp:5805:154: warning: ‘%s’ directive writing up to 49151 bytes into a region of size 49042 [-Wformat-overflow=]
 5805 |                         sprintf (buffer, "You are in a lawful, but brawable area; if you wield that weapon, you'll be wanted for assault. Type \'#6wield %s !#0\', without the quotes, to continue.", arg1);
      |                                                                                                                                                          ^~                                           ~~~~
objects.cpp:5805:33: note: ‘sprintf’ output between 150 and 49301 bytes into a destination of size 49152
 5805 |                         sprintf (buffer, "You are in a lawful, but brawable area; if you wield that weapon, you'll be wanted for assault. Type \'#6wield %s !#0\', without the quotes, to continue.", arg1);
      |                         ~~~~~~~~^~~~~~~~~~~~~~~~~~~~~~~~~~~~~~~~~~~~~~~~~~~~~~~~~~~~~~~~~~~~~~~~~~~~~~~~~~~~~~~~~~~~~~~~~~~~~~~~~~~~~~~~~~~~~~~~~~~~~~~~~~~~~~~~~~~~~~~~~~~~~~~~~~~~~~~~~~~~~~~~~~~~~~~~~~~
objects.cpp: In function ‘void do_remove(CHAR_DATA*, char*, int)’:
objects.cpp:6121:53: warning: ‘%s’ directive writing up to 49151 bytes into a region of size 49150 [-Wformat-overflow=]
 6121 |                                 sprintf (buffer, "#5%s", buf2);
      |                                                     ^~   ~~~~
objects.cpp:6121:41: note: ‘sprintf’ output between 3 and 49154 bytes into a destination of size 49152
 6121 |                                 sprintf (buffer, "#5%s", buf2);
      |                                 ~~~~~~~~^~~~~~~~~~~~~~~~~~~~~~
objects.cpp:6021:53: warning: ‘%s’ directive writing up to 49151 bytes into a region of size 49150 [-Wformat-overflow=]
 6021 |                                 sprintf (buffer, "#5%s", buf2);
      |                                                     ^~   ~~~~
objects.cpp:6021:41: note: ‘sprintf’ output between 3 and 49154 bytes into a destination of size 49152
 6021 |                                 sprintf (buffer, "#5%s", buf2);
      |                                 ~~~~~~~~^~~~~~~~~~~~~~~~~~~~~~
objects.cpp:6051:53: warning: ‘%s’ directive writing up to 49151 bytes into a region of size 49150 [-Wformat-overflow=]
 6051 |                                 sprintf (buffer, "#5%s", buf2);
      |                                                     ^~   ~~~~
objects.cpp:6051:41: note: ‘sprintf’ output between 3 and 49154 bytes into a destination of size 49152
 6051 |                                 sprintf (buffer, "#5%s", buf2);
      |                                 ~~~~~~~~^~~~~~~~~~~~~~~~~~~~~~
objects.cpp:6060:53: warning: ‘%s’ directive writing up to 49151 bytes into a region of size 49150 [-Wformat-overflow=]
 6060 |                                 sprintf (buffer, "#5%s", buf);
      |                                                     ^~   ~~~
objects.cpp:6060:41: note: ‘sprintf’ output between 3 and 49154 bytes into a destination of size 49152
 6060 |                                 sprintf (buffer, "#5%s", buf);
      |                                 ~~~~~~~~^~~~~~~~~~~~~~~~~~~~~
objects.cpp: In function ‘void do_card(CHAR_DATA*, char*, int)’:
objects.cpp:9864:83: warning: ‘%s’ directive writing up to 49151 bytes into a region of size 49120 [-Wformat-overflow=]
 9864 |                                 sprintf(buf, "You deal #6%s#0 cards #6%s#0 from #2%s#0 to #5%s#0.", verbal_number[dealt], deals[style], preDeal, char_short(tch));
      |                                                                                   ^~                                                    ~~~~~~~
objects.cpp:9864:40: note: ‘sprintf’ output 44 or more bytes (assuming 49195) into a destination of size 49152
 9864 |                                 sprintf(buf, "You deal #6%s#0 cards #6%s#0 from #2%s#0 to #5%s#0.", verbal_number[dealt], deals[style], preDeal, char_short(tch));
      |                                 ~~~~~~~^~~~~~~~~~~~~~~~~~~~~~~~~~~~~~~~~~~~~~~~~~~~~~~~~~~~~~~~~~~~~~~~~~~~~~~~~~~~~~~~~~~~~~~~~~~~~~~~~~~~~~~~~~~~~~~~~~~~~~~~~~
objects.cpp:9865:84: warning: ‘%s’ directive writing up to 49151 bytes into a region of size 49120 [-Wformat-overflow=]
 9865 |                                 sprintf(buf2, "$n deals #6%s#0 cards #6%s#0 from #2%s#0 to #5%s#0.", verbal_number[dealt], deals[style], preDeal, char_short(tch));
      |                                                                                    ^~                                                    ~~~~~~~
objects.cpp:9865:40: note: ‘sprintf’ output 44 or more bytes (assuming 49195) into a destination of size 49152
 9865 |                                 sprintf(buf2, "$n deals #6%s#0 cards #6%s#0 from #2%s#0 to #5%s#0.", verbal_number[dealt], deals[style], preDeal, char_short(tch));
      |                                 ~~~~~~~^~~~~~~~~~~~~~~~~~~~~~~~~~~~~~~~~~~~~~~~~~~~~~~~~~~~~~~~~~~~~~~~~~~~~~~~~~~~~~~~~~~~~~~~~~~~~~~~~~~~~~~~~~~~~~~~~~~~~~~~~~~
objects.cpp:9866:84: warning: ‘%s’ directive writing up to 49151 bytes into a region of size 49120 [-Wformat-overflow=]
 9866 |                                 sprintf(buf3, "$n deals #6%s#0 cards #6%s#0 from #2%s#0 to you.", verbal_number[dealt], deals[style], preDeal);
      |                                                                                    ^~                                                 ~~~~~~~
objects.cpp:9866:40: note: ‘sprintf’ output 43 or more bytes (assuming 49194) into a destination of size 49152
 9866 |                                 sprintf(buf3, "$n deals #6%s#0 cards #6%s#0 from #2%s#0 to you.", verbal_number[dealt], deals[style], preDeal);
      |                                 ~~~~~~~^~~~~~~~~~~~~~~~~~~~~~~~~~~~~~~~~~~~~~~~~~~~~~~~~~~~~~~~~~~~~~~~~~~~~~~~~~~~~~~~~~~~~~~~~~~~~~~~~~~~~~~
objects.cpp:9858:83: warning: ‘%s’ directive writing up to 49151 bytes into a region of size 49120 [-Wformat-overflow=]
 9858 |                                 sprintf(buf, "You deal #6%s#0 cards #6%s#0 from #2%s#0 to #5yourself#0.", verbal_number[dealt], deals[style], preDeal);
      |                                                                                   ^~                                                          ~~~~~~~
objects.cpp:9858:40: note: ‘sprintf’ output 52 or more bytes (assuming 49203) into a destination of size 49152
 9858 |                                 sprintf(buf, "You deal #6%s#0 cards #6%s#0 from #2%s#0 to #5yourself#0.", verbal_number[dealt], deals[style], preDeal);
      |                                 ~~~~~~~^~~~~~~~~~~~~~~~~~~~~~~~~~~~~~~~~~~~~~~~~~~~~~~~~~~~~~~~~~~~~~~~~~~~~~~~~~~~~~~~~~~~~~~~~~~~~~~~~~~~~~~~~~~~~~~
objects.cpp:9859:84: warning: ‘%s’ directive writing up to 49151 bytes into a region of size 49120 [-Wformat-overflow=]
 9859 |                                 sprintf(buf2, "$n deals #6%s#0 cards #6%s#0 from #2%s#0 to #5%sself#0.", verbal_number[dealt], deals[style], preDeal, HMHR(ch));
      |                                                                                    ^~                                                        ~~~~~~~
objects.cpp:9859:40: note: ‘sprintf’ output 50 or more bytes (assuming 49201) into a destination of size 49152
 9859 |                                 sprintf(buf2, "$n deals #6%s#0 cards #6%s#0 from #2%s#0 to #5%sself#0.", verbal_number[dealt], deals[style], preDeal, HMHR(ch));
      |                                 ~~~~~~~^~~~~~~~~~~~~~~~~~~~~~~~~~~~~~~~~~~~~~~~~~~~~~~~~~~~~~~~~~~~~~~~~~~~~~~~~~~~~~~~~~~~~~~~~~~~~~~~~~~~~~~~~~~~~~~~~~~~~~~~
objects.cpp:9860:84: warning: ‘%s’ directive writing up to 49151 bytes into a region of size 49120 [-Wformat-overflow=]
 9860 |                                 sprintf(buf3, "$n deals #6%s#0 cards #6%s#0 from #2%s#0 to #5yourself#0.", verbal_number[dealt], deals[style], preDeal);
      |                                                                                    ^~                                                          ~~~~~~~
objects.cpp:9860:40: note: ‘sprintf’ output 52 or more bytes (assuming 49203) into a destination of size 49152
 9860 |                                 sprintf(buf3, "$n deals #6%s#0 cards #6%s#0 from #2%s#0 to #5yourself#0.", verbal_number[dealt], deals[style], preDeal);
      |                                 ~~~~~~~^~~~~~~~~~~~~~~~~~~~~~~~~~~~~~~~~~~~~~~~~~~~~~~~~~~~~~~~~~~~~~~~~~~~~~~~~~~~~~~~~~~~~~~~~~~~~~~~~~~~~~~~~~~~~~~~
objects.cpp:9850:79: warning: ‘%s’ directive writing up to 49151 bytes into a region of size 49116 [-Wformat-overflow=]
 9850 |                         sprintf(buf, "You deal out #6%s#0 cards #6%s#0 from #2%s#0 in to #2%s#0.", verbal_number[dealt], deals[style], preDeal, obj_short_desc(tobj));
      |                                                                               ^~                                                       ~~~~~~~
objects.cpp:9850:32: note: ‘sprintf’ output 51 or more bytes (assuming 49202) into a destination of size 49152
 9850 |                         sprintf(buf, "You deal out #6%s#0 cards #6%s#0 from #2%s#0 in to #2%s#0.", verbal_number[dealt], deals[style], preDeal, obj_short_desc(tobj));
      |                         ~~~~~~~^~~~~~~~~~~~~~~~~~~~~~~~~~~~~~~~~~~~~~~~~~~~~~~~~~~~~~~~~~~~~~~~~~~~~~~~~~~~~~~~~~~~~~~~~~~~~~~~~~~~~~~~~~~~~~~~~~~~~~~~~~~~~~~~~~~~~~
objects.cpp:9851:80: warning: ‘%s’ directive writing up to 49151 bytes into a region of size 49116 [-Wformat-overflow=]
 9851 |                         sprintf(buf2, "$n deals out #6%s#0 cards #6%s#0 from #2%s#0 in to #2%s#0.", verbal_number[dealt], deals[style], preDeal, obj_short_desc(tobj));
      |                                                                                ^~                                                       ~~~~~~~
objects.cpp:9851:32: note: ‘sprintf’ output 51 or more bytes (assuming 49202) into a destination of size 49152
 9851 |                         sprintf(buf2, "$n deals out #6%s#0 cards #6%s#0 from #2%s#0 in to #2%s#0.", verbal_number[dealt], deals[style], preDeal, obj_short_desc(tobj));
      |                         ~~~~~~~^~~~~~~~~~~~~~~~~~~~~~~~~~~~~~~~~~~~~~~~~~~~~~~~~~~~~~~~~~~~~~~~~~~~~~~~~~~~~~~~~~~~~~~~~~~~~~~~~~~~~~~~~~~~~~~~~~~~~~~~~~~~~~~~~~~~~~~
objects.cpp:9852:80: warning: ‘%s’ directive writing up to 49151 bytes into a region of size 49116 [-Wformat-overflow=]
 9852 |                         sprintf(buf3, "$n deals out #6%s#0 cards #6%s#0 from #2%s#0 in to #2%s#0.", verbal_number[dealt], deals[style], preDeal, obj_short_desc(tobj));
      |                                                                                ^~                                                       ~~~~~~~
objects.cpp:9852:32: note: ‘sprintf’ output 51 or more bytes (assuming 49202) into a destination of size 49152
 9852 |                         sprintf(buf3, "$n deals out #6%s#0 cards #6%s#0 from #2%s#0 in to #2%s#0.", verbal_number[dealt], deals[style], preDeal, obj_short_desc(tobj));
      |                         ~~~~~~~^~~~~~~~~~~~~~~~~~~~~~~~~~~~~~~~~~~~~~~~~~~~~~~~~~~~~~~~~~~~~~~~~~~~~~~~~~~~~~~~~~~~~~~~~~~~~~~~~~~~~~~~~~~~~~~~~~~~~~~~~~~~~~~~~~~~~~~
objects.cpp:9843:79: warning: ‘%s’ directive writing up to 49151 bytes into a region of size 49116 [-Wformat-overflow=]
 9843 |                         sprintf(buf, "You deal out #6%s#0 cards #6%s#0 from #2%s#0.", verbal_number[dealt], deals[style], preDeal);
      |                                                                               ^~                                          ~~~~~~~
objects.cpp:9843:32: note: ‘sprintf’ output 40 or more bytes (assuming 49191) into a destination of size 49152
 9843 |                         sprintf(buf, "You deal out #6%s#0 cards #6%s#0 from #2%s#0.", verbal_number[dealt], deals[style], preDeal);
      |                         ~~~~~~~^~~~~~~~~~~~~~~~~~~~~~~~~~~~~~~~~~~~~~~~~~~~~~~~~~~~~~~~~~~~~~~~~~~~~~~~~~~~~~~~~~~~~~~~~~~~~~~~~~~
objects.cpp:9844:80: warning: ‘%s’ directive writing up to 49151 bytes into a region of size 49116 [-Wformat-overflow=]
 9844 |                         sprintf(buf2, "$n deals out #6%s#0 cards #6%s#0 from #2%s#0.", verbal_number[dealt], deals[style], preDeal);
      |                                                                                ^~                                          ~~~~~~~
objects.cpp:9844:32: note: ‘sprintf’ output 40 or more bytes (assuming 49191) into a destination of size 49152
 9844 |                         sprintf(buf2, "$n deals out #6%s#0 cards #6%s#0 from #2%s#0.", verbal_number[dealt], deals[style], preDeal);
      |                         ~~~~~~~^~~~~~~~~~~~~~~~~~~~~~~~~~~~~~~~~~~~~~~~~~~~~~~~~~~~~~~~~~~~~~~~~~~~~~~~~~~~~~~~~~~~~~~~~~~~~~~~~~~~
objects.cpp:9845:80: warning: ‘%s’ directive writing up to 49151 bytes into a region of size 49116 [-Wformat-overflow=]
 9845 |                         sprintf(buf3, "$n deals out #6%s#0 cards #6%s#0 from #2%s#0.", verbal_number[dealt], deals[style], preDeal);
      |                                                                                ^~                                          ~~~~~~~
objects.cpp:9845:32: note: ‘sprintf’ output 40 or more bytes (assuming 49191) into a destination of size 49152
 9845 |                         sprintf(buf3, "$n deals out #6%s#0 cards #6%s#0 from #2%s#0.", verbal_number[dealt], deals[style], preDeal);
      |                         ~~~~~~~^~~~~~~~~~~~~~~~~~~~~~~~~~~~~~~~~~~~~~~~~~~~~~~~~~~~~~~~~~~~~~~~~~~~~~~~~~~~~~~~~~~~~~~~~~~~~~~~~~~~
objects.cpp: In function ‘void do_decorate(CHAR_DATA*, char*, int)’:
objects.cpp:10317:43: warning: ‘ With #6’ directive writing 8 bytes into a region of size between 1 and 49152 [-Wformat-overflow=]
10317 |                         sprintf (buf3, "%s With #6%s skill#0 and #6%s#0, this item has a #6%s#0 and #6%s#0 depiction of: %s", buf4,
      |                                           ^~~~~~~~
objects.cpp:10317:33: note: ‘sprintf’ output 72 or more bytes (assuming 49223) into a destination of size 49152
10317 |                         sprintf (buf3, "%s With #6%s skill#0 and #6%s#0, this item has a #6%s#0 and #6%s#0 depiction of: %s", buf4,
      |                         ~~~~~~~~^~~~~~~~~~~~~~~~~~~~~~~~~~~~~~~~~~~~~~~~~~~~~~~~~~~~~~~~~~~~~~~~~~~~~~~~~~~~~~~~~~~~~~~~~~~~~~~~~~~
10318 |                                 (skill >= 75 ? dec_skills[8] : skill >= 70 ? dec_skills[7] : skill >= 60 ? dec_skills[6] : skill >= 50 ? dec_skills[5] : skill >= 40 ? dec_skills[4] : skill >= 30 ? dec_skills[3] : skill >= 20 ? dec_skills[2] : skill >= 10 ? dec_skills[1] : dec_skills[0]),
      |                                 ~~~~~~~~~~~~~~~~~~~~~~~~~~~~~~~~~~~~~~~~~~~~~~~~~~~~~~~~~~~~~~~~~~~~~~~~~~~~~~~~~~~~~~~~~~~~~~~~~~~~~~~~~~~~~~~~~~~~~~~~~~~~~~~~~~~~~~~~~~~~~~~~~~~~~~~~~~~~~~~~~~~~~~~~~~~~~~~~~~~~~~~~~~~~~~~~~~~~~~~~~~~~~~~~~~~~~~~~~~~~~~~~~~~~~~~~~~~~~~~~~~~~~~~~~~~~~~~~
10319 |                                 tool->ink_color, dec_size[size - 1], skill >= 50 ? dec_conditions[0] : dec_conditions[1], argument);
      |                                 ~~~~~~~~~~~~~~~~~~~~~~~~~~~~~~~~~~~~~~~~~~~~~~~~~~~~~~~~~~~~~~~~~~~~~~~~~~~~~~~~~~~~~~~~~~~~~~~~~~~
objects.cpp:10311:43: warning: ‘ With #6’ directive writing 8 bytes into a region of size between 1 and 49152 [-Wformat-overflow=]
10311 |                         sprintf (buf3, "%s With #6%s skill#0 and #6%s#0, this item has a #6%s#0 and #6%s#0 decoration of: %s", buf4,
      |                                           ^~~~~~~~
objects.cpp:10311:33: note: ‘sprintf’ output 73 or more bytes (assuming 49224) into a destination of size 49152
10311 |                         sprintf (buf3, "%s With #6%s skill#0 and #6%s#0, this item has a #6%s#0 and #6%s#0 decoration of: %s", buf4,
      |                         ~~~~~~~~^~~~~~~~~~~~~~~~~~~~~~~~~~~~~~~~~~~~~~~~~~~~~~~~~~~~~~~~~~~~~~~~~~~~~~~~~~~~~~~~~~~~~~~~~~~~~~~~~~~~
10312 |                                 (skill >= 75 ? dec_skills[8] : skill >= 70 ? dec_skills[7] : skill >= 60 ? dec_skills[6] : skill >= 50 ? dec_skills[5] : skill >= 40 ? dec_skills[4] : skill >= 30 ? dec_skills[3] : skill >= 20 ? dec_skills[2] : skill >= 10 ? dec_skills[1] : dec_skills[0]),
      |                                 ~~~~~~~~~~~~~~~~~~~~~~~~~~~~~~~~~~~~~~~~~~~~~~~~~~~~~~~~~~~~~~~~~~~~~~~~~~~~~~~~~~~~~~~~~~~~~~~~~~~~~~~~~~~~~~~~~~~~~~~~~~~~~~~~~~~~~~~~~~~~~~~~~~~~~~~~~~~~~~~~~~~~~~~~~~~~~~~~~~~~~~~~~~~~~~~~~~~~~~~~~~~~~~~~~~~~~~~~~~~~~~~~~~~~~~~~~~~~~~~~~~~~~~~~~~~~~~~~
10313 |                                 tool->ink_color, dec_size[size - 1], skill >= 50 ? dec_conditions[0] : dec_conditions[1], argument);
      |                                 ~~~~~~~~~~~~~~~~~~~~~~~~~~~~~~~~~~~~~~~~~~~~~~~~~~~~~~~~~~~~~~~~~~~~~~~~~~~~~~~~~~~~~~~~~~~~~~~~~~~
objects.cpp:10331:122: warning: ‘%s’ directive writing up to 49151 bytes into a region of size 49093 [-Wformat-overflow=]
10331 |                         sprintf(buf3 + strlen(buf3), "\n\nThe short description will also be as follows: #2a %s-%s %s of %s#0",
      |                                                                                                                          ^~
10332 |                                 (skill >= 75 ? dec_short_skills[8] : skill >= 70 ? dec_short_skills[7] : skill >= 60 ? dec_short_skills[6] : skill >= 50 ? dec_short_skills[5] : skill >= 40 ? dec_short_skills[4] : skill >= 30 ? dec_short_skills[3] : skill >= 20 ? dec_short_skills[2] : skill >= 10 ? dec_short_skills[1] : dec_short_skills[0]),
10333 |                                 dec_short[obj->dec_short], fname(obj->name), buf);
      |                                                                              ~~~                                          
objects.cpp:10331:32: note: ‘sprintf’ output 62 or more bytes (assuming 49213) into a destination of size 49152
10331 |                         sprintf(buf3 + strlen(buf3), "\n\nThe short description will also be as follows: #2a %s-%s %s of %s#0",
      |                         ~~~~~~~^~~~~~~~~~~~~~~~~~~~~~~~~~~~~~~~~~~~~~~~~~~~~~~~~~~~~~~~~~~~~~~~~~~~~~~~~~~~~~~~~~~~~~~~~~~~~~~~
10332 |                                 (skill >= 75 ? dec_short_skills[8] : skill >= 70 ? dec_short_skills[7] : skill >= 60 ? dec_short_skills[6] : skill >= 50 ? dec_short_skills[5] : skill >= 40 ? dec_short_skills[4] : skill >= 30 ? dec_short_skills[3] : skill >= 20 ? dec_short_skills[2] : skill >= 10 ? dec_short_skills[1] : dec_short_skills[0]),
      |                                 ~~~~~~~~~~~~~~~~~~~~~~~~~~~~~~~~~~~~~~~~~~~~~~~~~~~~~~~~~~~~~~~~~~~~~~~~~~~~~~~~~~~~~~~~~~~~~~~~~~~~~~~~~~~~~~~~~~~~~~~~~~~~~~~~~~~~~~~~~~~~~~~~~~~~~~~~~~~~~~~~~~~~~~~~~~~~~~~~~~~~~~~~~~~~~~~~~~~~~~~~~~~~~~~~~~~~~~~~~~~~~~~~~~~~~~~~~~~~~~~~~~~~~~~~~~~~~~~~~~~~~~~~~~~~~~~~~~~~~~~~~~~~~~~~~~~~~~~~~~~~~~~~~~~~~~
10333 |                                 dec_short[obj->dec_short], fname(obj->name), buf);
      |                                 ~~~~~~~~~~~~~~~~~~~~~~~~~~~~~~~~~~~~~~~~~~~~~~~~~
objects.cpp:10342:153: warning: ‘%s’ directive writing up to 49151 bytes into a region of size 49032 [-Wformat-overflow=]
10342 |                 sprintf(buf, "Given your skill, tools, and settings specified, the full description of your decorated object will appear as follows:\n\n%s\n\n"
      |                                                                                                                                                         ^~
......
10346 |                         buf3, orig_argument);
      |                         ~~~~                                                                                                                             
objects.cpp:10342:24: note: ‘sprintf’ output between 521 and 98823 bytes into a destination of size 49152
10342 |                 sprintf(buf, "Given your skill, tools, and settings specified, the full description of your decorated object will appear as follows:\n\n%s\n\n"
      |                 ~~~~~~~^~~~~~~~~~~~~~~~~~~~~~~~~~~~~~~~~~~~~~~~~~~~~~~~~~~~~~~~~~~~~~~~~~~~~~~~~~~~~~~~~~~~~~~~~~~~~~~~~~~~~~~~~~~~~~~~~~~~~~~~~~~~~~~~~~~~~~~~
10343 |                         "#6If you are happy with the way this looks, repeat your command with a ! at the end, i.e:\n#0"
      |                         ~~~~~~~~~~~~~~~~~~~~~~~~~~~~~~~~~~~~~~~~~~~~~~~~~~~~~~~~~~~~~~~~~~~~~~~~~~~~~~~~~~~~~~~~~~~~~~~
10344 |                         "#6decorate %s !\n\n#0"
      |                         ~~~~~~~~~~~~~~~~~~~~~~~
10345 |                         "#9#1Warning: The decoration you submit must be consistent with the tool used and your Artistry skill level. Entering masterpiece level decorations when you have a novice level Artistry skill, or similar shenanigans, will result in the admins removing the item from the game permanently.#0\n",
      |                         ~~~~~~~~~~~~~~~~~~~~~~~~~~~~~~~~~~~~~~~~~~~~~~~~~~~~~~~~~~~~~~~~~~~~~~~~~~~~~~~~~~~~~~~~~~~~~~~~~~~~~~~~~~~~~~~~~~~~~~~~~~~~~~~~~~~~~~~~~~~~~~~~~~~~~~~~~~~~~~~~~~~~~~~~~~~~~~~~~~~~~~~~~~~~~~~~~~~~~~~~~~~~~~~~~~~~~~~~~~~~~~~~~~~~~~~~~~~~~~~~~~~~~~~~~~~~~~~~~~~~~~~~~~~~~~~~~~~~~~~~~~~~~~~~~~~~~
10346 |                         buf3, orig_argument);
      |                         ~~~~~~~~~~~~~~~~~~~~
objects.cpp:10217:43: warning: ‘ With ’ directive writing 6 bytes into a region of size between 1 and 49152 [-Wformat-overflow=]
10217 |                         sprintf (buf3, "%s With %s skill and %s, this item has a %s and %s decoration of: %s", buf4,
      |                                           ^~~~~~
objects.cpp:10217:33: note: ‘sprintf’ output 57 or more bytes (assuming 50231) into a destination of size 49152
10217 |                         sprintf (buf3, "%s With %s skill and %s, this item has a %s and %s decoration of: %s", buf4,
      |                         ~~~~~~~~^~~~~~~~~~~~~~~~~~~~~~~~~~~~~~~~~~~~~~~~~~~~~~~~~~~~~~~~~~~~~~~~~~~~~~~~~~~~~~~~~~~~
10218 |                                 (skill >= 75 ? dec_skills[8] : skill >= 70 ? dec_skills[7] : skill >= 60 ? dec_skills[6] : skill >= 50 ? dec_skills[5] : skill >= 40 ? dec_skills[4] : skill >= 30 ? dec_skills[3] : skill >= 20 ? dec_skills[2] : skill >= 10 ? dec_skills[1] : dec_skills[0]),
      |                                 ~~~~~~~~~~~~~~~~~~~~~~~~~~~~~~~~~~~~~~~~~~~~~~~~~~~~~~~~~~~~~~~~~~~~~~~~~~~~~~~~~~~~~~~~~~~~~~~~~~~~~~~~~~~~~~~~~~~~~~~~~~~~~~~~~~~~~~~~~~~~~~~~~~~~~~~~~~~~~~~~~~~~~~~~~~~~~~~~~~~~~~~~~~~~~~~~~~~~~~~~~~~~~~~~~~~~~~~~~~~~~~~~~~~~~~~~~~~~~~~~~~~~~~~~~~~~~~~~
10219 |                                 tool->ink_color, dec_size[size - 1], skill >= 50 ? dec_conditions[0] : dec_conditions[1], buf2);
      |                                 ~~~~~~~~~~~~~~~~~~~~~~~~~~~~~~~~~~~~~~~~~~~~~~~~~~~~~~~~~~~~~~~~~~~~~~~~~~~~~~~~~~~~~~~~~~~~~~~
objects.cpp:10211:43: warning: ‘ With ’ directive writing 6 bytes into a region of size between 1 and 49152 [-Wformat-overflow=]
10211 |                         sprintf (buf3, "%s With %s skill and %s, this item has a %s and %s depiction of: %s", buf4,
      |                                           ^~~~~~
objects.cpp:10211:33: note: ‘sprintf’ output 56 or more bytes (assuming 50230) into a destination of size 49152
10211 |                         sprintf (buf3, "%s With %s skill and %s, this item has a %s and %s depiction of: %s", buf4,
      |                         ~~~~~~~~^~~~~~~~~~~~~~~~~~~~~~~~~~~~~~~~~~~~~~~~~~~~~~~~~~~~~~~~~~~~~~~~~~~~~~~~~~~~~~~~~~~
10212 |                                 (skill >= 75 ? dec_skills[8] : skill >= 70 ? dec_skills[7] : skill >= 60 ? dec_skills[6] : skill >= 50 ? dec_skills[5] : skill >= 40 ? dec_skills[4] : skill >= 30 ? dec_skills[3] : skill >= 20 ? dec_skills[2] : skill >= 10 ? dec_skills[1] : dec_skills[0]),
      |                                 ~~~~~~~~~~~~~~~~~~~~~~~~~~~~~~~~~~~~~~~~~~~~~~~~~~~~~~~~~~~~~~~~~~~~~~~~~~~~~~~~~~~~~~~~~~~~~~~~~~~~~~~~~~~~~~~~~~~~~~~~~~~~~~~~~~~~~~~~~~~~~~~~~~~~~~~~~~~~~~~~~~~~~~~~~~~~~~~~~~~~~~~~~~~~~~~~~~~~~~~~~~~~~~~~~~~~~~~~~~~~~~~~~~~~~~~~~~~~~~~~~~~~~~~~~~~~~~~~
10213 |                                 tool->ink_color, dec_size[size - 1], skill >= 50 ? dec_conditions[0] : dec_conditions[1], buf2);
      |                                 ~~~~~~~~~~~~~~~~~~~~~~~~~~~~~~~~~~~~~~~~~~~~~~~~~~~~~~~~~~~~~~~~~~~~~~~~~~~~~~~~~~~~~~~~~~~~~~~
objects.cpp:10228:54: warning: ‘%s’ directive writing up to 49151 bytes into a region of size 49144 [-Wformat-overflow=]
10228 |                         sprintf(buf5, "a %s-%s %s of %s",
      |                                                      ^~
10229 |                                 (skill >= 75 ? dec_short_skills[8] : skill >= 70 ? dec_short_skills[7] : skill >= 60 ? dec_short_skills[6] : skill >= 50 ? dec_short_skills[5] : skill >= 40 ? dec_short_skills[4] : skill >= 30 ? dec_short_skills[3] : skill >= 20 ? dec_short_skills[2] : skill >= 10 ? dec_short_skills[1] : dec_short_skills[0]),
10230 |                                 dec_short[obj->dec_short], fname(obj->name), buf);
      |                                                                              ~~~
objects.cpp:10228:32: note: ‘sprintf’ output 9 or more bytes (assuming 49160) into a destination of size 49152
10228 |                         sprintf(buf5, "a %s-%s %s of %s",
      |                         ~~~~~~~^~~~~~~~~~~~~~~~~~~~~~~~~~
10229 |                                 (skill >= 75 ? dec_short_skills[8] : skill >= 70 ? dec_short_skills[7] : skill >= 60 ? dec_short_skills[6] : skill >= 50 ? dec_short_skills[5] : skill >= 40 ? dec_short_skills[4] : skill >= 30 ? dec_short_skills[3] : skill >= 20 ? dec_short_skills[2] : skill >= 10 ? dec_short_skills[1] : dec_short_skills[0]),
      |                                 ~~~~~~~~~~~~~~~~~~~~~~~~~~~~~~~~~~~~~~~~~~~~~~~~~~~~~~~~~~~~~~~~~~~~~~~~~~~~~~~~~~~~~~~~~~~~~~~~~~~~~~~~~~~~~~~~~~~~~~~~~~~~~~~~~~~~~~~~~~~~~~~~~~~~~~~~~~~~~~~~~~~~~~~~~~~~~~~~~~~~~~~~~~~~~~~~~~~~~~~~~~~~~~~~~~~~~~~~~~~~~~~~~~~~~~~~~~~~~~~~~~~~~~~~~~~~~~~~~~~~~~~~~~~~~~~~~~~~~~~~~~~~~~~~~~~~~~~~~~~~~~~~~~~~~~
10230 |                                 dec_short[obj->dec_short], fname(obj->name), buf);
      |                                 ~~~~~~~~~~~~~~~~~~~~~~~~~~~~~~~~~~~~~~~~~~~~~~~~~
objects.cpp:10232:108: warning: ‘%s’ directive writing up to 49151 bytes into a region of size 49101 [-Wformat-overflow=]
10232 |                         sprintf(buf3 + strlen(buf3), "\n\nThe short description will also be as follows: #2%s#0", buf5);
      |                                                                                                            ^~     ~~~~
objects.cpp:10232:32: note: ‘sprintf’ output between 54 and 49205 bytes into a destination of size 49152
10232 |                         sprintf(buf3 + strlen(buf3), "\n\nThe short description will also be as follows: #2%s#0", buf5);
      |                         ~~~~~~~^~~~~~~~~~~~~~~~~~~~~~~~~~~~~~~~~~~~~~~~~~~~~~~~~~~~~~~~~~~~~~~~~~~~~~~~~~~~~~~~~~~~~~~~
objects.cpp:10246:49: warning: ‘%s’ directive writing up to 49151 bytes into a region of size 49149 [-Wformat-overflow=]
10246 |                         sprintf(buf5, "%s %s %s %s %s",
      |                                                 ^~
10247 |                                 (skill >= 75 ? dec_skills[8] : skill >= 70 ? dec_skills[7] : skill >= 60 ? dec_skills[6] : skill >= 50 ? dec_skills[5] : skill >= 40 ? dec_skills[4] : skill >= 30 ? dec_skills[3] : skill >= 20 ? dec_skills[2] : skill >= 10 ? dec_skills[1] : dec_skills[0]),
10248 |                                 dec_short[obj->dec_short], fname(obj->name), buf, materials[GET_MATERIAL_TYPE(obj)]);
      |                                                                              ~~~
objects.cpp:10246:32: note: ‘sprintf’ output 5 or more bytes (assuming 49156) into a destination of size 49152
10246 |                         sprintf(buf5, "%s %s %s %s %s",
      |                         ~~~~~~~^~~~~~~~~~~~~~~~~~~~~~~~
10247 |                                 (skill >= 75 ? dec_skills[8] : skill >= 70 ? dec_skills[7] : skill >= 60 ? dec_skills[6] : skill >= 50 ? dec_skills[5] : skill >= 40 ? dec_skills[4] : skill >= 30 ? dec_skills[3] : skill >= 20 ? dec_skills[2] : skill >= 10 ? dec_skills[1] : dec_skills[0]),
      |                                 ~~~~~~~~~~~~~~~~~~~~~~~~~~~~~~~~~~~~~~~~~~~~~~~~~~~~~~~~~~~~~~~~~~~~~~~~~~~~~~~~~~~~~~~~~~~~~~~~~~~~~~~~~~~~~~~~~~~~~~~~~~~~~~~~~~~~~~~~~~~~~~~~~~~~~~~~~~~~~~~~~~~~~~~~~~~~~~~~~~~~~~~~~~~~~~~~~~~~~~~~~~~~~~~~~~~~~~~~~~~~~~~~~~~~~~~~~~~~~~~~~~~~~~~~~~~~~~~~
10248 |                                 dec_short[obj->dec_short], fname(obj->name), buf, materials[GET_MATERIAL_TYPE(obj)]);
      |                                 ~~~~~~~~~~~~~~~~~~~~~~~~~~~~~~~~~~~~~~~~~~~~~~~~~~~~~~~~~~~~~~~~~~~~~~~~~~~~~~~~~~~~
objects.cpp:10261:153: warning: ‘%s’ directive writing up to 49151 bytes into a region of size 49032 [-Wformat-overflow=]
10261 |                 sprintf(buf, "Given your skill, tools, and settings specified, the full description of your decorated object will appear as follows:\n\n%s\n\n"
      |                                                                                                                                                         ^~
10262 |                         "#9#1Warning: The decoration you submit must be consistent with the tool used and your Artistry skill level. Entering masterpiece level decorations when you have a novice level Artistry skill, or similar shenanigans, will result in the admins removing the item from the game permanently.#0\n", buf3);
      |                                                                                                                                                                                                                                                                                                                               ~~~~
objects.cpp:10261:24: note: ‘sprintf’ output between 412 and 49563 bytes into a destination of size 49152
10261 |                 sprintf(buf, "Given your skill, tools, and settings specified, the full description of your decorated object will appear as follows:\n\n%s\n\n"
      |                 ~~~~~~~^~~~~~~~~~~~~~~~~~~~~~~~~~~~~~~~~~~~~~~~~~~~~~~~~~~~~~~~~~~~~~~~~~~~~~~~~~~~~~~~~~~~~~~~~~~~~~~~~~~~~~~~~~~~~~~~~~~~~~~~~~~~~~~~~~~~~~~~
10262 |                         "#9#1Warning: The decoration you submit must be consistent with the tool used and your Artistry skill level. Entering masterpiece level decorations when you have a novice level Artistry skill, or similar shenanigans, will result in the admins removing the item from the game permanently.#0\n", buf3);
      |                         ~~~~~~~~~~~~~~~~~~~~~~~~~~~~~~~~~~~~~~~~~~~~~~~~~~~~~~~~~~~~~~~~~~~~~~~~~~~~~~~~~~~~~~~~~~~~~~~~~~~~~~~~~~~~~~~~~~~~~~~~~~~~~~~~~~~~~~~~~~~~~~~~~~~~~~~~~~~~~~~~~~~~~~~~~~~~~~~~~~~~~~~~~~~~~~~~~~~~~~~~~~~~~~~~~~~~~~~~~~~~~~~~~~~~~~~~~~~~~~~~~~~~~~~~~~~~~~~~~~~~~~~~~~~~~~~~~~~~~~~~~~~~~~~~~~~~~~~~~~~
objects.cpp: In function ‘void do_origins(CHAR_DATA*, char*, int)’:
objects.cpp:10559:47: warning: ‘%s’ directive writing up to 49151 bytes into a region of size between 1 and 49152 [-Wformat-overflow=]
10559 |                 sprintf(buf + strlen(buf), "%s%s%s", craft_buf, sample_buf, forage_buf);
      |                                               ^~                ~~~~~~~~~~
objects.cpp:10559:24: note: ‘sprintf’ output between 1 and 147454 bytes into a destination of size 49152
10559 |                 sprintf(buf + strlen(buf), "%s%s%s", craft_buf, sample_buf, forage_buf);
      |                 ~~~~~~~^~~~~~~~~~~~~~~~~~~~~~~~~~~~~~~~~~~~~~~~~~~~~~~~~~~~~~~~~~~~~~~~
objects.cpp: In function ‘void do_get(CHAR_DATA*, char*, int)’:
objects.cpp:2295:145: warning: ‘%s’ directive writing up to 49151 bytes into a region of size 49040 [-Wformat-overflow=]
 2295 |                 sprintf(arg1, "That item has been omote-locked. To pick it up, you fill need to add a !\nto the end of the command, i.e. '#6get %s !#0'\n", original_argument);
      |                                                                                                                                                 ^~          ~~~~~~~~~~~~~~~~~
objects.cpp:2295:24: note: ‘sprintf’ output between 119 and 49270 bytes into a destination of size 49152
 2295 |                 sprintf(arg1, "That item has been omote-locked. To pick it up, you fill need to add a !\nto the end of the command, i.e. '#6get %s !#0'\n", original_argument);
      |                 ~~~~~~~^~~~~~~~~~~~~~~~~~~~~~~~~~~~~~~~~~~~~~~~~~~~~~~~~~~~~~~~~~~~~~~~~~~~~~~~~~~~~~~~~~~~~~~~~~~~~~~~~~~~~~~~~~~~~~~~~~~~~~~~~~~~~~~~~~~~~~~~~~~~~~~~~~~~~~~
objects.cpp:2251:153: warning: ‘%s’ directive writing up to 49151 bytes into a region of size 49040 [-Wformat-overflow=]
 2251 |                         sprintf(arg1, "That item has been omote-locked. To pick it up, you fill need to add a !\nto the end of the command, i.e. '#6get %s !#0'\n", original_argument);
      |                                                                                                                                                         ^~          ~~~~~~~~~~~~~~~~~
objects.cpp:2251:32: note: ‘sprintf’ output between 119 and 49270 bytes into a destination of size 49152
 2251 |                         sprintf(arg1, "That item has been omote-locked. To pick it up, you fill need to add a !\nto the end of the command, i.e. '#6get %s !#0'\n", original_argument);
      |                         ~~~~~~~^~~~~~~~~~~~~~~~~~~~~~~~~~~~~~~~~~~~~~~~~~~~~~~~~~~~~~~~~~~~~~~~~~~~~~~~~~~~~~~~~~~~~~~~~~~~~~~~~~~~~~~~~~~~~~~~~~~~~~~~~~~~~~~~~~~~~~~~~~~~~~~~~~~~~~~
objects.cpp: In function ‘void drop_all(CHAR_DATA*, int)’:
objects.cpp:2737:42: warning: ‘%s’ directive writing up to 49151 bytes into a region of size 49150 [-Wformat-overflow=]
 2737 |                         sprintf (buf, "#2%s", buffer);
      |                                          ^~   ~~~~~~
objects.cpp:2737:33: note: ‘sprintf’ output between 3 and 49154 bytes into a destination of size 49152
 2737 |                         sprintf (buf, "#2%s", buffer);
      |                         ~~~~~~~~^~~~~~~~~~~~~~~~~~~~~
objects.cpp: In function ‘void do_drop(CHAR_DATA*, char*, int)’:
objects.cpp:2885:42: warning: ‘%s’ directive writing up to 49151 bytes into a region of size 49150 [-Wformat-overflow=]
 2885 |                         sprintf (buf, "#2%s", buffer);
      |                                          ^~   ~~~~~~
objects.cpp:2885:33: note: ‘sprintf’ output between 3 and 49154 bytes into a destination of size 49152
 2885 |                         sprintf (buf, "#2%s", buffer);
      |                         ~~~~~~~~^~~~~~~~~~~~~~~~~~~~~
objects.cpp:2900:42: warning: ‘%s’ directive writing up to 49151 bytes into a region of size 49150 [-Wformat-overflow=]
 2900 |                         sprintf (buf, "#2%s", buffer);
      |                                          ^~   ~~~~~~
objects.cpp:2900:33: note: ‘sprintf’ output between 3 and 49154 bytes into a destination of size 49152
 2900 |                         sprintf (buf, "#2%s", buffer);
      |                         ~~~~~~~~^~~~~~~~~~~~~~~~~~~~~
objects.cpp:2920:48: warning: ‘sprintf’ may write a terminating nul past the end of the destination [-Wformat-overflow=]
 2920 |                         sprintf (buffer, "%s %s", buf, first_person.c_str());
      |                                                ^
objects.cpp:2920:33: note: ‘sprintf’ output 2 or more bytes (assuming 49153) into a destination of size 49152
 2920 |                         sprintf (buffer, "%s %s", buf, first_person.c_str());
      |                         ~~~~~~~~^~~~~~~~~~~~~~~~~~~~~~~~~~~~~~~~~~~~~~~~~~~~
objects.cpp: In function ‘void do_put(CHAR_DATA*, char*, int)’:
objects.cpp:3270:51: warning: ‘%s’ directive writing up to 49151 bytes into a region of size 49136 [-Wformat-overflow=]
 3270 |                 sprintf (buffer, "You don't see a %s.\n", arg);
      |                                                   ^~      ~~~
objects.cpp:3270:25: note: ‘sprintf’ output between 19 and 49170 bytes into a destination of size 49152
 3270 |                 sprintf (buffer, "You don't see a %s.\n", arg);
      |                 ~~~~~~~~^~~~~~~~~~~~~~~~~~~~~~~~~~~~~~~~~~~~~~
objects.cpp:3226:52: warning: ‘%s’ directive writing up to 49151 bytes into a region of size 49135 [-Wformat-overflow=]
 3226 |                 sprintf (buffer, "You don't have a %s.\n", arg);
      |                                                    ^~      ~~~
objects.cpp:3226:25: note: ‘sprintf’ output between 20 and 49171 bytes into a destination of size 49152
 3226 |                 sprintf (buffer, "You don't have a %s.\n", arg);
      |                 ~~~~~~~~^~~~~~~~~~~~~~~~~~~~~~~~~~~~~~~~~~~~~~~
objects.cpp: In function ‘void do_drink(CHAR_DATA*, char*, int)’:
objects.cpp:3794:21: warning: ‘tasted’ may be used uninitialized [-Wmaybe-uninitialized]
 3794 |                 if (!tasted)
      |                     ^~~~~~~
objects.cpp:3781:14: note: ‘tasted’ was declared here
 3781 |         bool tasted;
      |              ^~~~~~
objects.cpp: In function ‘void do_draw(CHAR_DATA*, char*, int)’:
objects.cpp:6629:142: warning: ‘%s’ directive writing up to 49151 bytes into a region of size 49043 [-Wformat-overflow=]
 6629 |                 sprintf (buf, "You are in a lawful, but brawable area; if you wield that weapon, you'll be wanted for assault. Type \'#6draw %s !#0\', without the quotes, to continue.", arg1);
      |                                                                                                                                              ^~                                           ~~~~
objects.cpp:6629:25: note: ‘sprintf’ output between 149 and 49300 bytes into a destination of size 49152
 6629 |                 sprintf (buf, "You are in a lawful, but brawable area; if you wield that weapon, you'll be wanted for assault. Type \'#6draw %s !#0\', without the quotes, to continue.", arg1);
      |                 ~~~~~~~~^~~~~~~~~~~~~~~~~~~~~~~~~~~~~~~~~~~~~~~~~~~~~~~~~~~~~~~~~~~~~~~~~~~~~~~~~~~~~~~~~~~~~~~~~~~~~~~~~~~~~~~~~~~~~~~~~~~~~~~~~~~~~~~~~~~~~~~~~~~~~~~~~~~~~~~~~~~~~~~~~~~~~~~
olc.cpp: In function ‘void do_tags(CHAR_DATA*, char*, int)’:
olc.cpp:5839:15: warning: variable ‘lastCategory’ set but not used [-Wunused-but-set-variable]
 5839 |         char *lastCategory = '\0';
      |               ^~~~~~~~~~~~
olc.cpp: In function ‘void do_mobile_standards(CHAR_DATA*, CHAR_DATA*, char*)’:
olc.cpp:6384:18: warning: the address of ‘buf’ will never be NULL [-Waddress]
 6384 |             if (!buf || !(st_mark[ind] = atoi(buf)))
      |                  ^~~
olc.cpp:6308:10: note: ‘buf’ declared here
 6308 |     char buf[AVG_STRING_LENGTH] = {'\0'};
      |          ^~~
olc.cpp: In function ‘void do_oset(CHAR_DATA*, char*, int)’:
olc.cpp:8670:42: warning: logical not is only applied to the left hand side of comparison [-Wlogical-not-parentheses]
 8670 |             if (!GET_ITEM_TYPE(edit_obj) == ITEM_CLUSTER)
      |                                          ^~
olc.cpp:8670:17: note: add parentheses around left hand side expression to silence this warning
 8670 |             if (!GET_ITEM_TYPE(edit_obj) == ITEM_CLUSTER)
olc.cpp:8670:42: warning: comparison of constant ‘29’ with boolean expression is always false [-Wbool-compare]
 8670 |             if (!GET_ITEM_TYPE(edit_obj) == ITEM_CLUSTER)
olc.cpp:8716:42: warning: logical not is only applied to the left hand side of comparison [-Wlogical-not-parentheses]
 8716 |             if (!GET_ITEM_TYPE(edit_obj) == ITEM_FIREARM)
      |                                          ^~
olc.cpp:8716:17: note: add parentheses around left hand side expression to silence this warning
 8716 |             if (!GET_ITEM_TYPE(edit_obj) == ITEM_FIREARM)
olc.cpp:8716:42: warning: comparison of constant ‘28’ with boolean expression is always false [-Wbool-compare]
 8716 |             if (!GET_ITEM_TYPE(edit_obj) == ITEM_FIREARM)
olc.cpp:8917:39: warning: logical not is only applied to the left hand side of comparison [-Wlogical-not-parentheses]
 8917 |             if (!(point = atoi(buf3)) < 0)
      |                                       ^
olc.cpp:8917:17: note: add parentheses around left hand side expression to silence this warning
 8917 |             if (!(point = atoi(buf3)) < 0)
      |                 ^~~~~~~~~~~~~~~~~~~~~
      |                 (                    )
olc.cpp:8917:39: warning: comparison of constant ‘0’ with boolean expression is always false [-Wbool-compare]
 8917 |             if (!(point = atoi(buf3)) < 0)
      |                 ~~~~~~~~~~~~~~~~~~~~~~^~~
olc.cpp: In function ‘void update_crafts_file()’:
olc.cpp:10294:24: warning: the address of ‘subcraft_head_data::obj_items’ will never be NULL [-Waddress]
10294 |             if (craft->obj_items)
      |                 ~~~~~~~^~~~~~~~~
In file included from olc.cpp:20:
structs.h:4723:24: note: ‘subcraft_head_data::obj_items’ declared here
 4723 |     DEFAULT_ITEM_DATA *obj_items[MAX_ITEMS_PER_SUBCRAFT];
      |                        ^~~~~~~~~
olc.cpp:10302:32: warning: the address of ‘default_item_data::items’ will never be NULL [-Waddress]
10302 |                     if (items->items && items->items[0])
      |                         ~~~~~~~^~~~~
structs.h:4793:9: note: ‘default_item_data::items’ declared here
 4793 |     int items[MAX_DEFAULT_ITEMS];       /* Up to 20 default items */
      |         ^~~~~
olc.cpp:10360:24: warning: the address of ‘subcraft_head_data::fails’ will never be NULL [-Waddress]
10360 |             if (craft->fails)
      |                 ~~~~~~~^~~~~
structs.h:4738:24: note: ‘subcraft_head_data::fails’ declared here
 4738 |     DEFAULT_ITEM_DATA *fails[MAX_ITEMS_PER_SUBCRAFT];
      |                        ^~~~~
olc.cpp:10369:33: warning: the address of ‘default_item_data::items’ will never be NULL [-Waddress]
10369 |                     if (fitems->items && fitems->items[0])
      |                         ~~~~~~~~^~~~~
structs.h:4793:9: note: ‘default_item_data::items’ declared here
 4793 |     int items[MAX_DEFAULT_ITEMS];       /* Up to 20 default items */
      |         ^~~~~
olc.cpp:10390:24: warning: the address of ‘subcraft_head_data::craft_variable’ will never be NULL [-Waddress]
10390 |             if (craft->craft_variable)
      |                 ~~~~~~~^~~~~~~~~~~~~~
structs.h:4748:26: note: ‘subcraft_head_data::craft_variable’ declared here
 4748 |     CRAFT_VARIABLE_DATA *craft_variable[MAX_DEFAULT_ITEMS];
      |                          ^~~~~~~~~~~~~~
olc.cpp:10404:24: warning: the address of ‘subcraft_head_data::craft_oval’ will never be NULL [-Waddress]
10404 |             if (craft->craft_oval)
      |                 ~~~~~~~^~~~~~~~~~
structs.h:4749:26: note: ‘subcraft_head_data::craft_oval’ declared here
 4749 |         CRAFT_OVAL_DATA *craft_oval[MAX_DEFAULT_ITEMS];
      |                          ^~~~~~~~~~
olc.cpp: In function ‘void do_cset(CHAR_DATA*, char*, int)’:
olc.cpp:11088:20: warning: ‘memset’ used with length equal to number of elements without multiplication by element size [-Wmemset-elt-size]
11088 |             memset (fitems->items, 0, MAX_DEFAULT_ITEMS);
      |             ~~~~~~~^~~~~~~~~~~~~~~~~~~~~~~~~~~~~~~~~~~~~
olc.cpp:11473:20: warning: ‘memset’ used with length equal to number of elements without multiplication by element size [-Wmemset-elt-size]
11473 |             memset (items->items, 0, MAX_DEFAULT_ITEMS);
      |             ~~~~~~~^~~~~~~~~~~~~~~~~~~~~~~~~~~~~~~~~~~~
olc.cpp: In function ‘void do_mset(CHAR_DATA*, char*, int)’:
olc.cpp:14392:29: warning: format not a string literal and no format arguments [-Wformat-security]
14392 |                     sprintf (subcmd, wound_locations[i]);
      |                     ~~~~~~~~^~~~~~~~~~~~~~~~~~~~~~~~~~~~
olc.cpp:11885:10: warning: variable ‘builder_only’ set but not used [-Wunused-but-set-variable]
11885 |     bool builder_only = false;
      |          ^~~~~~~~~~~~
olc.cpp: In function ‘void reformat_desc(char*, char**)’:
olc.cpp:15561:11: warning: variable ‘r’ set but not used [-Wunused-but-set-variable]
15561 |     char *r;
      |           ^
olc.cpp: In function ‘void reformat_string(char*, char**)’:
olc.cpp:15643:11: warning: variable ‘r’ set but not used [-Wunused-but-set-variable]
15643 |     char *r;
      |           ^
olc.cpp: In function ‘void do_rset(CHAR_DATA*, char*, int)’:
olc.cpp:16591:68: warning: NULL used in arithmetic [-Wpointer-arith]
16591 |                         if (!ch->room->extra->weather_desc[ i ] == NULL)
      |                                                                    ^~~~
olc.cpp:16525:14: warning: unused variable ‘msg’ [-Wunused-variable]
16525 |         char msg[MAX_STRING_LENGTH];
      |              ^~~
olc.cpp: In function ‘void do_mclone(CHAR_DATA*, char*, int)’:
olc.cpp:16897:41: warning: format ‘%d’ expects argument of type ‘int’, but argument 2 has type ‘long unsigned int’ [-Wformat=]
16897 |     printf ("Copying mob prototype for %d chars\n", sizeof (CHAR_DATA));
      |                                        ~^           ~~~~~~~~~~~~~~~~~~
      |                                         |           |
      |                                         int         long unsigned int
      |                                        %ld
olc.cpp:16899:12: warning: ‘void* memcpy(void*, const void*, size_t)’ writing to an object of non-trivially copyable type ‘CHAR_DATA’ {aka ‘struct char_data’}; use copy-assignment or copy-initialization instead [-Wclass-memaccess]
16899 |     memcpy (newmob, source_mob, sizeof (CHAR_DATA));
      |     ~~~~~~~^~~~~~~~~~~~~~~~~~~~~~~~~~~~~~~~~~~~~~~~
structs.h:3389:8: note: ‘CHAR_DATA’ {aka ‘struct char_data’} declared here
 3389 | struct char_data
      |        ^~~~~~~~~
olc.cpp:16900:38: warning: format ‘%d’ expects argument of type ‘int’, but argument 2 has type ‘long unsigned int’ [-Wformat=]
16900 |     printf ("Copying mob thingy for %d chars\n", sizeof (MOB_DATA));
      |                                     ~^           ~~~~~~~~~~~~~~~~~
      |                                      |           |
      |                                      int         long unsigned int
      |                                     %ld
olc.cpp:16902:12: warning: ‘void* memcpy(void*, const void*, size_t)’ writing to an object of non-trivially copyable type ‘MOB_DATA’ {aka ‘struct mob_data’}; use copy-assignment or copy-initialization instead [-Wclass-memaccess]
16902 |     memcpy (m, source_mob->mob, sizeof (MOB_DATA));
      |     ~~~~~~~^~~~~~~~~~~~~~~~~~~~~~~~~~~~~~~~~~~~~~~
structs.h:3343:8: note: ‘MOB_DATA’ {aka ‘struct mob_data’} declared here
 3343 | struct mob_data
      |        ^~~~~~~~
olc.cpp: In function ‘void do_rflags(CHAR_DATA*, char*, int)’:
olc.cpp:4879:45: warning: ‘%s’ directive writing up to 511 bytes into a region of size 492 [-Wformat-overflow=]
 4879 |         sprintf (buf3, "Current room flags: %s\n", buf2);
      |                                             ^~     ~~~~
olc.cpp:4879:17: note: ‘sprintf’ output between 22 and 533 bytes into a destination of size 512
 4879 |         sprintf (buf3, "Current room flags: %s\n", buf2);
      |         ~~~~~~~~^~~~~~~~~~~~~~~~~~~~~~~~~~~~~~~~~~~~~~~~
olc.cpp: In function ‘void do_cset(CHAR_DATA*, char*, int)’:
olc.cpp:11564:54: warning: ‘%s’ directive writing up to 49151 bytes into a region of size 49137 [-Wformat-overflow=]
11564 |                     sprintf (output, "The item flag '%s' does not exist.\n",
      |                                                      ^~
11565 |                              buf);
      |                              ~~~                      
olc.cpp:11564:29: note: ‘sprintf’ output between 34 and 49185 bytes into a destination of size 49152
11564 |                     sprintf (output, "The item flag '%s' does not exist.\n",
      |                     ~~~~~~~~^~~~~~~~~~~~~~~~~~~~~~~~~~~~~~~~~~~~~~~~~~~~~~~~
11565 |                              buf);
      |                              ~~~~
olc.cpp:10974:88: warning: ‘%s’ directive output may be truncated writing up to 49151 bytes into a region of size between 49107 and 49117 [-Wformat-truncation=]
10974 |             snprintf (output, MAX_STRING_LENGTH,  "Phase %d will now test  against the %s attribute.\n", phasenum, buf);
      |                                                                                        ^~                          ~~~
olc.cpp:10974:22: note: ‘snprintf’ output between 48 and 49209 bytes into a destination of size 49152
10974 |             snprintf (output, MAX_STRING_LENGTH,  "Phase %d will now test  against the %s attribute.\n", phasenum, buf);
      |             ~~~~~~~~~^~~~~~~~~~~~~~~~~~~~~~~~~~~~~~~~~~~~~~~~~~~~~~~~~~~~~~~~~~~~~~~~~~~~~~~~~~~~~~~~~~~~~~~~~~~~~~~~~~
olc.cpp:10965:78: warning: ‘%s’ directive output may be truncated writing up to 49151 bytes into a region of size 49130 [-Wformat-truncation=]
10965 |                 snprintf (output, MAX_STRING_LENGTH,  "I could not find the '%s' attribute in our files.\n", buf);
      |                                                                              ^~                              ~~~
olc.cpp:10965:26: note: ‘snprintf’ output between 49 and 49200 bytes into a destination of size 49152
10965 |                 snprintf (output, MAX_STRING_LENGTH,  "I could not find the '%s' attribute in our files.\n", buf);
      |                 ~~~~~~~~~^~~~~~~~~~~~~~~~~~~~~~~~~~~~~~~~~~~~~~~~~~~~~~~~~~~~~~~~~~~~~~~~~~~~~~~~~~~~~~~~~~~~~~~~
olc.cpp:10905:67: warning: ‘%s’ directive writing up to 49151 bytes into a region of size between 49107 and 49117 [-Wformat-overflow=]
10905 |             sprintf (output, "Phase %d will now check against the %s skill.\n",
      |                                                                   ^~
10906 |                      phasenum, buf);
      |                                ~~~                                 
olc.cpp:10905:21: note: ‘sprintf’ output between 44 and 49205 bytes into a destination of size 49152
10905 |             sprintf (output, "Phase %d will now check against the %s skill.\n",
      |             ~~~~~~~~^~~~~~~~~~~~~~~~~~~~~~~~~~~~~~~~~~~~~~~~~~~~~~~~~~~~~~~~~~~
10906 |                      phasenum, buf);
      |                      ~~~~~~~~~~~~~~
olc.cpp:10897:49: warning: ‘%s’ directive writing up to 49151 bytes into a region of size 49130 [-Wformat-overflow=]
10897 |                          "I could not find the '%s' skill in our registry.\n",
      |                                                 ^~
10898 |                          buf);
      |                          ~~~                     
olc.cpp:10896:25: note: ‘sprintf’ output between 48 and 49199 bytes into a destination of size 49152
10896 |                 sprintf (output,
      |                 ~~~~~~~~^~~~~~~~
10897 |                          "I could not find the '%s' skill in our registry.\n",
      |                          ~~~~~~~~~~~~~~~~~~~~~~~~~~~~~~~~~~~~~~~~~~~~~~~~~~~~~
10898 |                          buf);
      |                          ~~~~
olc.cpp:10784:45: warning: ‘%s’ directive writing up to 49151 bytes into a region of size 49147 [-Wformat-overflow=]
10784 |                     sprintf (output, "The \"%s\" phase flag has been added.\n",
      |                                             ^~
10785 |                              buf);
      |                              ~~~             
olc.cpp:10784:29: note: ‘sprintf’ output between 35 and 49186 bytes into a destination of size 49152
10784 |                     sprintf (output, "The \"%s\" phase flag has been added.\n",
      |                     ~~~~~~~~^~~~~~~~~~~~~~~~~~~~~~~~~~~~~~~~~~~~~~~~~~~~~~~~~~~
10785 |                              buf);
      |                              ~~~~
olc.cpp:10778:37: warning: ‘%s’ directive writing up to 49151 bytes into a region of size 49147 [-Wformat-overflow=]
10778 |                              "The \'%s\' phase flag has been removed.\n", buf);
      |                                     ^~                                    ~~~
olc.cpp:10777:29: note: ‘sprintf’ output between 37 and 49188 bytes into a destination of size 49152
10777 |                     sprintf (output,
      |                     ~~~~~~~~^~~~~~~~
10778 |                              "The \'%s\' phase flag has been removed.\n", buf);
      |                              ~~~~~~~~~~~~~~~~~~~~~~~~~~~~~~~~~~~~~~~~~~~~~~~~~
olc.cpp:10767:52: warning: ‘%s’ directive writing up to 49151 bytes into a region of size 49136 [-Wformat-overflow=]
10767 |                 sprintf (output, "The phase flag \'%s\' does not exist.\n",
      |                                                    ^~
10768 |                          buf);
      |                          ~~~                        
olc.cpp:10767:25: note: ‘sprintf’ output between 35 and 49186 bytes into a destination of size 49152
10767 |                 sprintf (output, "The phase flag \'%s\' does not exist.\n",
      |                 ~~~~~~~~^~~~~~~~~~~~~~~~~~~~~~~~~~~~~~~~~~~~~~~~~~~~~~~~~~~
10768 |                          buf);
      |                          ~~~~
olc.cpp: In function ‘void do_outfit(CHAR_DATA*, char*, int)’:
olc.cpp:15072:28: warning: ‘%s’ directive writing up to 49151 bytes into a region of size 7996 [-Wformat-overflow=]
15072 |         sprintf (buf, "get %s", name);
      |                            ^~   ~~~~
olc.cpp:15072:17: note: ‘sprintf’ output between 5 and 49156 bytes into a destination of size 8000
15072 |         sprintf (buf, "get %s", name);
      |         ~~~~~~~~^~~~~~~~~~~~~~~~~~~~~
olc.cpp:15078:33: warning: ‘%s’ directive writing up to 49151 bytes into a region of size 7995 [-Wformat-overflow=]
15078 |             sprintf (buf, "wear %s", name);
      |                                 ^~   ~~~~
olc.cpp:15078:21: note: ‘sprintf’ output between 6 and 49157 bytes into a destination of size 8000
15078 |             sprintf (buf, "wear %s", name);
      |             ~~~~~~~~^~~~~~~~~~~~~~~~~~~~~~
olc.cpp:15076:34: warning: ‘%s’ directive writing up to 49151 bytes into a region of size 7994 [-Wformat-overflow=]
15076 |             sprintf (buf, "wield %s", name);
      |                                  ^~   ~~~~
olc.cpp:15076:21: note: ‘sprintf’ output between 7 and 49158 bytes into a destination of size 8000
15076 |             sprintf (buf, "wield %s", name);
      |             ~~~~~~~~^~~~~~~~~~~~~~~~~~~~~~~
olc.cpp: In function ‘void do_show(CHAR_DATA*, char*, int)’:
olc.cpp:3652:87: warning: ‘%s’ directive writing up to 49151 bytes into a region of size between 49010 and 49020 [-Wformat-overflow=]
 3652 |                      "have not been awarded or deducted within the last 60 days:#0\n\n%s",
      |                                                                                       ^~
 3653 |                      atoi (buf2), buf);
      |                                   ~~~                                                  
olc.cpp:3650:21: note: ‘sprintf’ output between 133 and 49294 bytes into a destination of size 49152
 3650 |             sprintf (output,
      |             ~~~~~~~~^~~~~~~~
 3651 |                      "#2The following PCs online currently have %d reward points or less and\n"
      |                      ~~~~~~~~~~~~~~~~~~~~~~~~~~~~~~~~~~~~~~~~~~~~~~~~~~~~~~~~~~~~~~~~~~~~~~~~~~
 3652 |                      "have not been awarded or deducted within the last 60 days:#0\n\n%s",
      |                      ~~~~~~~~~~~~~~~~~~~~~~~~~~~~~~~~~~~~~~~~~~~~~~~~~~~~~~~~~~~~~~~~~~~~~
 3653 |                      atoi (buf2), buf);
      |                      ~~~~~~~~~~~~~~~~~
olc.cpp: In function ‘void do_mset(CHAR_DATA*, char*, int)’:
olc.cpp:14934:51: warning: ‘%s’ directive writing up to 49151 bytes into a region of size 7980 [-Wformat-overflow=]
14934 |             sprintf (subcmd, "save/player/archive/%s", buf);
      |                                                   ^~   ~~~
olc.cpp:14934:21: note: ‘sprintf’ output between 21 and 49172 bytes into a destination of size 8000
14934 |             sprintf (subcmd, "save/player/archive/%s", buf);
      |             ~~~~~~~~^~~~~~~~~~~~~~~~~~~~~~~~~~~~~~~~~~~~~~~
olc.cpp:14935:44: warning: ‘%s’ directive writing up to 49151 bytes into a region of size 49138 [-Wformat-overflow=]
14935 |             sprintf (buf2, "save/player/%c/%s", tolower (*buf), buf);
      |                                            ^~                   ~~~
olc.cpp:14935:21: note: ‘sprintf’ output between 15 and 49166 bytes into a destination of size 49152
14935 |             sprintf (buf2, "save/player/%c/%s", tolower (*buf), buf);
      |             ~~~~~~~~^~~~~~~~~~~~~~~~~~~~~~~~~~~~~~~~~~~~~~~~~~~~~~~~
olc.cpp:13592:55: warning: ‘%s’ directive writing up to 49151 bytes into a region of size 49133 [-Wformat-overflow=]
13592 |                     sprintf (buf, "Unknown room-flag: %s\n", buf2);
      |                                                       ^~     ~~~~
olc.cpp:13592:29: note: ‘sprintf’ output between 21 and 49172 bytes into a destination of size 49152
13592 |                     sprintf (buf, "Unknown room-flag: %s\n", buf2);
      |                     ~~~~~~~~^~~~~~~~~~~~~~~~~~~~~~~~~~~~~~~~~~~~~~
olc.cpp:13555:55: warning: ‘%s’ directive writing up to 49151 bytes into a region of size 49133 [-Wformat-overflow=]
13555 |                     sprintf (buf, "Unknown room-flag: %s\n", buf2);
      |                                                       ^~     ~~~~
olc.cpp:13555:29: note: ‘sprintf’ output between 21 and 49172 bytes into a destination of size 49152
13555 |                     sprintf (buf, "Unknown room-flag: %s\n", buf2);
      |                     ~~~~~~~~^~~~~~~~~~~~~~~~~~~~~~~~~~~~~~~~~~~~~~
olc.cpp:13519:62: warning: ‘%s’ directive writing up to 49151 bytes into a region of size 49126 [-Wformat-overflow=]
13519 |                     sprintf (buf, "Trades table full, sorry: %s\n", buf2);
      |                                                              ^~     ~~~~
olc.cpp:13519:29: note: ‘sprintf’ output between 28 and 49179 bytes into a destination of size 49152
13519 |                     sprintf (buf, "Trades table full, sorry: %s\n", buf2);
      |                     ~~~~~~~~^~~~~~~~~~~~~~~~~~~~~~~~~~~~~~~~~~~~~~~~~~~~~
olc.cpp:13498:55: warning: ‘%s’ directive writing up to 49151 bytes into a region of size 49133 [-Wformat-overflow=]
13498 |                     sprintf (buf, "Unknown item-type: %s\n", buf2);
      |                                                       ^~     ~~~~
olc.cpp:13498:29: note: ‘sprintf’ output between 21 and 49172 bytes into a destination of size 49152
13498 |                     sprintf (buf, "Unknown item-type: %s\n", buf2);
      |                     ~~~~~~~~^~~~~~~~~~~~~~~~~~~~~~~~~~~~~~~~~~~~~~
olc.cpp:13461:54: warning: ‘%s’ directive writing up to 49151 bytes into a region of size 49134 [-Wformat-overflow=]
13461 |                     sprintf (buf, "Unknown material: %s\n", buf2);
      |                                                      ^~     ~~~~
olc.cpp:13461:29: note: ‘sprintf’ output between 20 and 49171 bytes into a destination of size 49152
13461 |                     sprintf (buf, "Unknown material: %s\n", buf2);
      |                     ~~~~~~~~^~~~~~~~~~~~~~~~~~~~~~~~~~~~~~~~~~~~~
g++ -Wno-write-strings  -c -march=native  -ggdb -DLINUX -Wall -fpermissive -std=gnu++98 perception.cpp 
g++ -Wno-write-strings  -c -march=native  -ggdb -DLINUX -Wall -fpermissive -std=gnu++98 psionics.cpp 
g++ -Wno-write-strings  -c -march=native  -ggdb -DLINUX -Wall -fpermissive -std=gnu++98 roles.cpp 
roles.cpp: In function ‘void post_brief(DESCRIPTOR_DATA*)’:
roles.cpp:331:92: warning: ‘%s’ directive writing up to 49151 bytes into a region of size between 49076 and 49086 [-Wformat-overflow=]
  331 |         sprintf (buf2, "INSERT INTO special_roles_outfit (role_id, role_desc) VALUES (%d, '%s')",
      |                                                                                            ^~
  332 |                 d->character->delay_info1, buf);
      |                                            ~~~                                              
roles.cpp:331:17: note: ‘sprintf’ output between 69 and 49230 bytes into a destination of size 49152
  331 |         sprintf (buf2, "INSERT INTO special_roles_outfit (role_id, role_desc) VALUES (%d, '%s')",
      |         ~~~~~~~~^~~~~~~~~~~~~~~~~~~~~~~~~~~~~~~~~~~~~~~~~~~~~~~~~~~~~~~~~~~~~~~~~~~~~~~~~~~~~~~~~
  332 |                 d->character->delay_info1, buf);
      |                 ~~~~~~~~~~~~~~~~~~~~~~~~~~~~~~~
roles.cpp: In function ‘void display_outfitting_table(CHAR_DATA*, ROLE_DATA*)’:
roles.cpp:227:74: warning: ‘%s’ directive writing up to 49151 bytes into a region of size 49136 [-Wformat-overflow=]
  227 |                         sprintf (buf + strlen(buf), "  - %d x #2%s#0 [%d]%s\n",
      |                                                                          ^~
  228 |                                 atoi(row[4]), obj_short_desc(vtoo(atoi(row[3]))), atoi(row[3]), skills_buf);
      |                                                                                                 ~~~~~~~~~~
roles.cpp:227:33: note: ‘sprintf’ output 18 or more bytes (assuming 49169) into a destination of size 49152
  227 |                         sprintf (buf + strlen(buf), "  - %d x #2%s#0 [%d]%s\n",
      |                         ~~~~~~~~^~~~~~~~~~~~~~~~~~~~~~~~~~~~~~~~~~~~~~~~~~~~~~~
  228 |                                 atoi(row[4]), obj_short_desc(vtoo(atoi(row[3]))), atoi(row[3]), skills_buf);
      |                                 ~~~~~~~~~~~~~~~~~~~~~~~~~~~~~~~~~~~~~~~~~~~~~~~~~~~~~~~~~~~~~~~~~~~~~~~~~~~
roles.cpp:255:56: warning: ‘sprintf’ may write a terminating nul past the end of the destination [-Wformat-overflow=]
  255 |                 sprintf (output + strlen(output), "\n%s", buf);
      |                                                        ^
roles.cpp:255:25: note: ‘sprintf’ output between 2 and 49153 bytes into a destination of size 49152
  255 |                 sprintf (output + strlen(output), "\n%s", buf);
      |                 ~~~~~~~~^~~~~~~~~~~~~~~~~~~~~~~~~~~~~~~~~~~~~~
roles.cpp:282:56: warning: ‘sprintf’ may write a terminating nul past the end of the destination [-Wformat-overflow=]
  282 |                 sprintf (output + strlen(output), "\n%s", buf);
      |                                                        ^
roles.cpp:282:25: note: ‘sprintf’ output between 2 and 49153 bytes into a destination of size 49152
  282 |                 sprintf (output + strlen(output), "\n%s", buf);
      |                 ~~~~~~~~^~~~~~~~~~~~~~~~~~~~~~~~~~~~~~~~~~~~~~
roles.cpp:303:56: warning: ‘sprintf’ may write a terminating nul past the end of the destination [-Wformat-overflow=]
  303 |                 sprintf (output + strlen(output), "\n%s", buf);
      |                                                        ^
roles.cpp:303:25: note: ‘sprintf’ output between 2 and 49153 bytes into a destination of size 49152
  303 |                 sprintf (output + strlen(output), "\n%s", buf);
      |                 ~~~~~~~~^~~~~~~~~~~~~~~~~~~~~~~~~~~~~~~~~~~~~~
roles.cpp: In function ‘void outfit_role(CHAR_DATA*, char*)’:
roles.cpp:607:119: warning: ‘%s’ directive writing up to 49151 bytes into a region of size 49069 [-Wformat-overflow=]
  607 |                 sprintf (buf2, "INSERT INTO special_roles_outfit (role_id, clan_string, clan_rank) VALUES (%d, '%s', '%s')",
      |                                                                                                                       ^~
  608 |                         role->id, clan->name, buf);
      |                                               ~~~                                                                      
roles.cpp:607:25: note: ‘sprintf’ output 86 or more bytes (assuming 49237) into a destination of size 49152
  607 |                 sprintf (buf2, "INSERT INTO special_roles_outfit (role_id, clan_string, clan_rank) VALUES (%d, '%s', '%s')",
      |                 ~~~~~~~~^~~~~~~~~~~~~~~~~~~~~~~~~~~~~~~~~~~~~~~~~~~~~~~~~~~~~~~~~~~~~~~~~~~~~~~~~~~~~~~~~~~~~~~~~~~~~~~~~~~~
  608 |                         role->id, clan->name, buf);
      |                         ~~~~~~~~~~~~~~~~~~~~~~~~~~
roles.cpp:611:61: warning: ‘%s’ directive writing up to 49151 bytes into a region of size 49125 [-Wformat-overflow=]
  611 |                 sprintf (buf2,  "Clanning for the rank of #B%s#0 in the clan #B'%s'#0 has been inserted into the outfitting tables "
      |                                                             ^~
  612 |                                                 "for the role of #6'%s'#0.", buf, clan->literal, role->summary);
      |                                                                              ~~~
roles.cpp:611:25: note: ‘sprintf’ output 118 or more bytes (assuming 49269) into a destination of size 49152
  611 |                 sprintf (buf2,  "Clanning for the rank of #B%s#0 in the clan #B'%s'#0 has been inserted into the outfitting tables "
      |                 ~~~~~~~~^~~~~~~~~~~~~~~~~~~~~~~~~~~~~~~~~~~~~~~~~~~~~~~~~~~~~~~~~~~~~~~~~~~~~~~~~~~~~~~~~~~~~~~~~~~~~~~~~~~~~~~~~~~~
  612 |                                                 "for the role of #6'%s'#0.", buf, clan->literal, role->summary);
      |                                                 ~~~~~~~~~~~~~~~~~~~~~~~~~~~~~~~~~~~~~~~~~~~~~~~~~~~~~~~~~~~~~~~
roles.cpp:548:61: warning: ‘%s’ directive writing up to 49151 bytes into a region of size between 49023 and 49051 [-Wformat-overflow=]
  548 |                             "req_race) VALUES (%d, %d, %d, '%s', '%s')", role->id, vnum, qty, skills_buf, races_buf);
      |                                                             ^~                                ~~~~~~~~~~
roles.cpp:547:33: note: ‘sprintf’ output between 108 and 98438 bytes into a destination of size 49152
  547 |                         sprintf (buf,   "INSERT INTO special_roles_outfit (role_id, obj_vnum, obj_qty, req_skill, "
      |                         ~~~~~~~~^~~~~~~~~~~~~~~~~~~~~~~~~~~~~~~~~~~~~~~~~~~~~~~~~~~~~~~~~~~~~~~~~~~~~~~~~~~~~~~~~~~
  548 |                             "req_race) VALUES (%d, %d, %d, '%s', '%s')", role->id, vnum, qty, skills_buf, races_buf);
      |                             ~~~~~~~~~~~~~~~~~~~~~~~~~~~~~~~~~~~~~~~~~~~~~~~~~~~~~~~~~~~~~~~~~~~~~~~~~~~~~~~~~~~~~~~~
roles.cpp:558:53: warning: ‘%s’ directive writing up to 49151 bytes into a region of size 49149 [-Wformat-overflow=]
  558 |                     sprintf (buf + strlen(buf), " #B%s#0 characters", races_buf);
      |                                                     ^~                ~~~~~~~~~
roles.cpp:558:29: note: ‘sprintf’ output between 17 and 49168 bytes into a destination of size 49152
  558 |                     sprintf (buf + strlen(buf), " #B%s#0 characters", races_buf);
      |                     ~~~~~~~~^~~~~~~~~~~~~~~~~~~~~~~~~~~~~~~~~~~~~~~~~~~~~~~~~~~~
roles.cpp:560:67: warning: ‘%s’ directive writing up to 49151 bytes into a region of size 49135 [-Wformat-overflow=]
  560 |                     sprintf (buf + strlen(buf), " with skill in #B%s#0", skills_buf);
      |                                                                   ^~     ~~~~~~~~~~
roles.cpp:560:29: note: ‘sprintf’ output between 20 and 49171 bytes into a destination of size 49152
  560 |                     sprintf (buf + strlen(buf), " with skill in #B%s#0", skills_buf);
      |                     ~~~~~~~~^~~~~~~~~~~~~~~~~~~~~~~~~~~~~~~~~~~~~~~~~~~~~~~~~~~~~~~~
g++ -Wno-write-strings  -c -march=native  -ggdb -DLINUX -Wall -fpermissive -std=gnu++98 roomprogs.cpp 
g++ -Wno-write-strings  -c -march=native  -ggdb -DLINUX -Wall -fpermissive -std=gnu++98 save.cpp 
roomprogs.cpp: In function ‘void reval(CHAR_DATA*, char*, room_prog_var*&)’:
roomprogs.cpp:976:52: warning: logical not is only applied to the left hand side of comparison [-Wlogical-not-parentheses]
  976 |                 if ( !ch->fighting || !GET_POS(ch) == POSITION_FIGHTING )
      |                                                    ^~
roomprogs.cpp:976:39: note: add parentheses around left hand side expression to silence this warning
  976 |                 if ( !ch->fighting || !GET_POS(ch) == POSITION_FIGHTING )
roomprogs.cpp:976:52: warning: comparison of constant ‘7’ with boolean expression is always false [-Wbool-compare]
  976 |                 if ( !ch->fighting || !GET_POS(ch) == POSITION_FIGHTING )
roomprogs.cpp:1020:40: warning: passing NULL to non-pointer argument 2 of ‘int is_number2(const char*, int)’ [-Wconversion-null]
 1020 |                 if ( is_number2( rbuf, NULL ) != NULL  )
      |                                        ^~~~
In file included from roomprogs.cpp:24:
protos.h:1397:39: note:   declared here
 1397 | int is_number2( const char * str, int def );
      |                                   ~~~~^~~
roomprogs.cpp:1020:50: warning: NULL used in arithmetic [-Wpointer-arith]
 1020 |                 if ( is_number2( rbuf, NULL ) != NULL  )
      |                                                  ^~~~
roomprogs.cpp:1419:21: warning: unused variable ‘test’ [-Wunused-variable]
 1419 |                 int test = atol( dbuf );
      |                     ^~~~
roomprogs.cpp:1763:17: warning: this ‘else’ clause does not guard... [-Wmisleading-indentation]
 1763 |                 else
      |                 ^~~~
roomprogs.cpp:1767:25: note: ...this statement, but the latter is misleadingly indented as if it were guarded by the ‘else’
 1767 |                         if((dir = lookup_dir(dbuf)) < 0)
      |                         ^~
roomprogs.cpp: In function ‘int doit(CHAR_DATA*, const char*, char*, char*, char*, char*, room_prog_var*&)’:
roomprogs.cpp:1924:20: warning: unused variable ‘tch’ [-Wunused-variable]
 1924 |         CHAR_DATA *tch = NULL;
      |                    ^~~
save.cpp: In function ‘void fwrite_a_obj(OBJ_DATA*, FILE*)’:
save.cpp:189:5: warning: this ‘if’ clause does not guard... [-Wmisleading-indentation]
  189 |     if (obj->obj_flags.type_flag == ITEM_INK || obj->obj_flags.type_flag == ITEM_FOOD  || obj->obj_flags.type_flag == ITEM_CLUSTER || obj->obj_flags.type_flag == ITEM_TOOL || obj->obj_flags.type_flag == ITEM_FLUID)
      |     ^~
save.cpp:192:9: note: ...this statement, but the latter is misleadingly indented as if it were guarded by the ‘if’
  192 |         if (obj->quality)
      |         ^~
save.cpp:236:13: warning: this ‘if’ clause does not guard... [-Wmisleading-indentation]
  236 |             if (strcmp (obj->full_description, proto->full_description))
      |             ^~
save.cpp:239:17: note: ...this statement, but the latter is misleadingly indented as if it were guarded by the ‘if’
  239 |                 if (obj->obj_flags.weight)
      |                 ^~
save.cpp:348:5: warning: this ‘if’ clause does not guard... [-Wmisleading-indentation]
  348 |     if (obj->room_pos)
      |     ^~
save.cpp:352:9: note: ...this statement, but the latter is misleadingly indented as if it were guarded by the ‘if’
  352 |         if (obj->obj_flags.type_flag == ITEM_WEAPON)
      |         ^~
roomprogs.cpp: In function ‘void r_unlink(CHAR_DATA*, char*)’:
roomprogs.cpp:4059:9: warning: this ‘else’ clause does not guard... [-Wmisleading-indentation]
 4059 |         else
      |         ^~~~
roomprogs.cpp:4063:17: note: ...this statement, but the latter is misleadingly indented as if it were guarded by the ‘else’
 4063 |                 dir = lookup_dir(arg1);
      |                 ^~~
roomprogs.cpp: In function ‘void r_unexit(CHAR_DATA*, char*)’:
roomprogs.cpp:4123:9: warning: this ‘else’ clause does not guard... [-Wmisleading-indentation]
 4123 |         else
      |         ^~~~
roomprogs.cpp:4127:17: note: ...this statement, but the latter is misleadingly indented as if it were guarded by the ‘else’
 4127 |                 dir = lookup_dir(arg1);
      |                 ^~~
roomprogs.cpp: In function ‘void r_lock(CHAR_DATA*, char*)’:
roomprogs.cpp:4396:14: warning: variable ‘virt’ set but not used [-Wunused-but-set-variable]
 4396 |         long virt;
      |              ^~~~
roomprogs.cpp: In function ‘void r_atwrite(CHAR_DATA*, char*)’:
roomprogs.cpp:4859:21: warning: variable ‘month’ set but not used [-Wunused-but-set-variable]
 4859 |                 int month = 0;
      |                     ^~~~~
roomprogs.cpp:4795:16: warning: variable ‘suf’ set but not used [-Wunused-but-set-variable]
 4795 |         char * suf;
      |                ^~~
roomprogs.cpp: In function ‘void r_givecash(CHAR_DATA*, char*)’:
roomprogs.cpp:5489:41: warning: variable ‘Currency’ set but not used [-Wunused-but-set-variable]
 5489 |         int TargetVnum = -1, Count = 0, Currency = 0;
      |                                         ^~~~~~~~
save.cpp: In function ‘void save_mobile(CHAR_DATA*, FILE*, char*, int)’:
save.cpp:2366:5: warning: this ‘for’ clause does not guard... [-Wmisleading-indentation]
 2366 |     for (lodged = mob->lodged; lodged; lodged = lodged->next)
      |     ^~~
save.cpp:2371:9: note: ...this statement, but the latter is misleadingly indented as if it were guarded by the ‘for’
 2371 |         if (!str_cmp(lookup_race_variable(mob->race, RACE_NAME), "robot") &&
      |         ^~
roomprogs.cpp: In function ‘void r_info(CHAR_DATA*, std::string, room_prog_var*&)’:
roomprogs.cpp:6660:28: warning: unused variable ‘obj’ [-Wunused-variable]
 6660 |                 OBJ_DATA * obj = NULL;
      |                            ^~~
roomprogs.cpp:6904:49: warning: comparison between pointer and zero character constant [-Wpointer-compare]
 6904 |                                 if ( tch->tname != '\0' ) {
      |                                      ~~~~~~~~~~~^~~~~~~
roomprogs.cpp:6904:49: note: did you mean to dereference the pointer?
g++ -Wno-write-strings  -c -march=native  -ggdb -DLINUX -Wall -fpermissive -std=gnu++98 server.cpp 
In file included from roomprogs.cpp:25:
roomprogs.cpp: In function ‘void reval(CHAR_DATA*, char*, room_prog_var*&)’:
utils.h:193:37: warning: ‘direction’ may be used uninitialized [-Wmaybe-uninitialized]
  193 | #define EXIT(ch, door)  ((ch->room) ? (ch)->room->dir_option[door] : NULL)
      |                         ~~~~~~~~~~~~^~~~~~~~~~~~~~~~~~~~~~~~~~~~~~~~~~~~~~
roomprogs.cpp:1113:23: note: in expansion of macro ‘EXIT’
 1113 |                 if ( !EXIT(ch, direction)
      |                       ^~~~
roomprogs.cpp:1074:21: note: ‘direction’ was declared here
 1074 |                 int direction;
      |                     ^~~~~~~~~
g++ -Wno-write-strings  -c -march=native  -ggdb -DLINUX -Wall -fpermissive -std=gnu++98 somatics.cpp 
somatics.cpp: In function ‘int scent_lookup(char*)’:
somatics.cpp:72:12: warning: converting to non-pointer type ‘int’ from NULL [-Wconversion-null]
   72 |     return NULL;
      |            ^~~~
somatics.cpp: In function ‘void soma_ten_second_affect(CHAR_DATA*, AFFECTED_TYPE*)’:
somatics.cpp:490:29: warning: unused variable ‘save2’ [-Wunused-variable]
  490 |     int save = 0, stat = 0, save2 = 0;
      |                             ^~~~~
somatics.cpp:491:11: warning: unused variable ‘locat’ [-Wunused-variable]
  491 |     char *locat = NULL;
      |           ^~~~~
somatics.cpp:492:10: warning: unused variable ‘buf2’ [-Wunused-variable]
  492 |     char buf2[MAX_STRING_LENGTH];
      |          ^~~~
somatics.cpp:494:10: warning: unused variable ‘buf3’ [-Wunused-variable]
  494 |     char buf3[MAX_STRING_LENGTH];
      |          ^~~~
somatics.cpp:495:12: warning: unused variable ‘bodyloc’ [-Wunused-variable]
  495 |     char * bodyloc = 0;
      |            ^~~~~~~
somatics.cpp:496:17: warning: unused variable ‘wound’ [-Wunused-variable]
  496 |     WOUND_DATA *wound = NULL;
      |                 ^~~~~
somatics.cpp:497:20: warning: unused variable ‘saf’ [-Wunused-variable]
  497 |     AFFECTED_TYPE *saf = NULL;
      |                    ^~~
somatics.cpp: In function ‘void do_stink(CHAR_DATA*, char*, int)’:
somatics.cpp:1347:15: warning: unused variable ‘obj’ [-Wunused-variable]
 1347 |     OBJ_DATA *obj = NULL;
      |               ^~~
somatics.cpp: In function ‘void do_xpoison(CHAR_DATA*, char*, int)’:
somatics.cpp:1474:35: warning: suggest parentheses around comparison in operand of ‘&’ [-Wparentheses]
 1474 |     if (type < SOMA_FIRST || type > SOMA_LAST & (cmd != 2))
somatics.cpp: In function ‘void soma_stat(CHAR_DATA*, AFFECTED_TYPE*)’:
somatics.cpp:480:40: warning: ‘%s’ directive writing up to 49151 bytes into a region of size 49136 [-Wformat-overflow=]
  480 |         sprintf (buf, "You suffer from %s.", buf2);
      |                                        ^~    ~~~~
somatics.cpp:480:17: note: ‘sprintf’ output between 18 and 49169 bytes into a destination of size 49152
  480 |         sprintf (buf, "You suffer from %s.", buf2);
      |         ~~~~~~~~^~~~~~~~~~~~~~~~~~~~~~~~~~~~~~~~~~
somatics.cpp:472:51: warning: ‘%s’ directive writing up to 49151 bytes into a region of size between 49121 and 49127 [-Wformat-overflow=]
  472 |             sprintf (buf, "#2%5d#0   Suffers from %s for %d more in-game hours.\n        Latency: %d hrs Power: %d to %d (%d @ %d min)\n        A: %d min, D: %d min, S: %d min, R: %d min\n",
      |                                                   ^~
  473 |                      af->type, buf2, af->a.soma.duration, af->a.soma.latency,
      |                                ~~~~                
somatics.cpp:472:21: note: ‘sprintf’ output between 149 and 49406 bytes into a destination of size 49152
  472 |             sprintf (buf, "#2%5d#0   Suffers from %s for %d more in-game hours.\n        Latency: %d hrs Power: %d to %d (%d @ %d min)\n        A: %d min, D: %d min, S: %d min, R: %d min\n",
      |             ~~~~~~~~^~~~~~~~~~~~~~~~~~~~~~~~~~~~~~~~~~~~~~~~~~~~~~~~~~~~~~~~~~~~~~~~~~~~~~~~~~~~~~~~~~~~~~~~~~~~~~~~~~~~~~~~~~~~~~~~~~~~~~~~~~~~~~~~~~~~~~~~~~~~~~~~~~~~~~~~~~~~~~~~~~~~~~~~~~
  473 |                      af->type, buf2, af->a.soma.duration, af->a.soma.latency,
      |                      ~~~~~~~~~~~~~~~~~~~~~~~~~~~~~~~~~~~~~~~~~~~~~~~~~~~~~~~~
  474 |                      af->a.soma.max_power, af->a.soma.lvl_power, af->a.soma.atm_power,
      |                      ~~~~~~~~~~~~~~~~~~~~~~~~~~~~~~~~~~~~~~~~~~~~~~~~~~~~~~~~~~~~~~~~~
  475 |                      af->a.soma.minute, af->a.soma.attack, af->a.soma.decay,
      |                      ~~~~~~~~~~~~~~~~~~~~~~~~~~~~~~~~~~~~~~~~~~~~~~~~~~~~~~~
  476 |                      af->a.soma.sustain, af->a.soma.release);
      |                      ~~~~~~~~~~~~~~~~~~~~~~~~~~~~~~~~~~~~~~~
somatics.cpp: In function ‘void do_xpoison(CHAR_DATA*, char*, int)’:
somatics.cpp:1460:38: warning: ‘%s’ directive writing up to 49151 bytes into a region of size 49138 [-Wformat-overflow=]
 1460 |         sprintf (arg, "You don't see %s here.", buf);
      |                                      ^~         ~~~
somatics.cpp:1460:17: note: ‘sprintf’ output between 21 and 49172 bytes into a destination of size 49152
 1460 |         sprintf (arg, "You don't see %s here.", buf);
      |         ~~~~~~~~^~~~~~~~~~~~~~~~~~~~~~~~~~~~~~~~~~~~
somatics.cpp: In function ‘void do_stink(CHAR_DATA*, char*, int)’:
somatics.cpp:1360:41: warning: ‘%s’ directive writing up to 49151 bytes into a region of size 49138 [-Wformat-overflow=]
 1360 |            sprintf (arg, "You don't see %s here.", buf);
      |                                         ^~         ~~~
somatics.cpp:1360:20: note: ‘sprintf’ output between 21 and 49172 bytes into a destination of size 49152
 1360 |            sprintf (arg, "You don't see %s here.", buf);
      |            ~~~~~~~~^~~~~~~~~~~~~~~~~~~~~~~~~~~~~~~~~~~~
g++ -Wno-write-strings  -c -march=native  -ggdb -DLINUX -Wall -fpermissive -std=gnu++98 staff.cpp 
staff.cpp: In function ‘void send_to_monitors(CHAR_DATA*, char*, int)’:
staff.cpp:283:14: warning: unused variable ‘buf’ [-Wunused-variable]
  283 |         char buf[ MAX_STRING_LENGTH ] = { '\0' };
      |              ^~~
staff.cpp: In function ‘void do_echo(CHAR_DATA*, char*, int)’:
staff.cpp:1695:16: warning: format not a string literal and no format arguments [-Wformat-security]
 1695 |         sprintf( copy, argument );
      |         ~~~~~~~^~~~~~~~~~~~~~~~~~
staff.cpp: In function ‘void do_zecho(CHAR_DATA*, char*, int)’:
staff.cpp:1819:24: warning: format not a string literal and no format arguments [-Wformat-security]
 1819 |                 sprintf( mess, argument );
      |                 ~~~~~~~^~~~~~~~~~~~~~~~~~
staff.cpp:1839:24: warning: format not a string literal and no format arguments [-Wformat-security]
 1839 |                 sprintf( mess, argument );
      |                 ~~~~~~~^~~~~~~~~~~~~~~~~~
staff.cpp:1842:32: warning: format not a string literal and no format arguments [-Wformat-security]
 1842 |                 sprintf( mess, buf );
      |                                ^~~
staff.cpp: In function ‘void charstat(CHAR_DATA*, char*, bool)’:
staff.cpp:3005:47: warning: cast to pointer from integer of different size [-Wint-to-pointer-cast]
 3005 |                         if ( is_he_somewhere( ( CHAR_DATA * ) af->a.spell.t ) ) {
      |                                               ^~~~~~~~~~~~~~~~~~~~~~~~~~~~~
In file included from account.h:34,
                 from staff.cpp:29:
staff.cpp:3007:59: warning: cast to pointer from integer of different size [-Wint-to-pointer-cast]
 3007 |                                                 GET_NAME ((CHAR_DATA *) af->a.spell.t), af->a.spell.duration );
      |                                                           ^~~~~~~~~~~~~~~~~~~~~~~~~~~
utils.h:86:27: note: in definition of macro ‘GET_NAME’
   86 | #define GET_NAME(ch)    ((ch)->tname)
      |                           ^~
staff.cpp:3016:47: warning: cast to pointer from integer of different size [-Wint-to-pointer-cast]
 3016 |                         if ( is_he_somewhere( ( CHAR_DATA * ) af->a.spell.t ) ) {
      |                                               ^~~~~~~~~~~~~~~~~~~~~~~~~~~~~
staff.cpp:3018:59: warning: cast to pointer from integer of different size [-Wint-to-pointer-cast]
 3018 |                                                 GET_NAME ((CHAR_DATA *) af->a.spell.t), af->a.spell.duration );
      |                                                           ^~~~~~~~~~~~~~~~~~~~~~~~~~~
utils.h:86:27: note: in definition of macro ‘GET_NAME’
   86 | #define GET_NAME(ch)    ((ch)->tname)
      |                           ^~
staff.cpp:3027:47: warning: cast to pointer from integer of different size [-Wint-to-pointer-cast]
 3027 |                         if ( is_he_somewhere( ( CHAR_DATA * ) af->a.spell.t ) ) {
      |                                               ^~~~~~~~~~~~~~~~~~~~~~~~~~~~~
staff.cpp:3028:95: warning: cast to pointer from integer of different size [-Wint-to-pointer-cast]
 3028 |                                 sprintf( buf, "#2%5d#0   Guarding %s.\n", af->type, GET_NAME ((CHAR_DATA *) af->a.spell.t) );
      |                                                                                               ^~~~~~~~~~~~~~~~~~~~~~~~~~~
utils.h:86:27: note: in definition of macro ‘GET_NAME’
   86 | #define GET_NAME(ch)    ((ch)->tname)
      |                           ^~
staff.cpp:3038:47: warning: cast to pointer from integer of different size [-Wint-to-pointer-cast]
 3038 |                         if ( is_he_somewhere( ( CHAR_DATA * ) af->a.spell.t ) ) {
      |                                               ^~~~~~~~~~~~~~~~~~~~~~~~~~~~~
staff.cpp:3039:95: warning: cast to pointer from integer of different size [-Wint-to-pointer-cast]
 3039 |                                 sprintf( buf, "#2%5d#0   Watching %s.\n", af->type, GET_NAME ((CHAR_DATA *) af->a.spell.t) );
      |                                                                                               ^~~~~~~~~~~~~~~~~~~~~~~~~~~
utils.h:86:27: note: in definition of macro ‘GET_NAME’
   86 | #define GET_NAME(ch)    ((ch)->tname)
      |                           ^~
staff.cpp:3311:48: warning: format not a string literal and no format arguments [-Wformat-security]
 3311 |                                         sprintf( buf + strlen( buf ), ( bulktrader ? resources[ i ] : econ_flags[ i ]) );
      |                                         ~~~~~~~^~~~~~~~~~~~~~~~~~~~~~~~~~~~~~~~~~~~~~~~~~~~~~~~~~~~~~~~~~~~~~~~~~~~~~~~~
staff.cpp:3332:48: warning: format not a string literal and no format arguments [-Wformat-security]
 3332 |                                         sprintf( buf + strlen( buf ), ( bulktrader ? resources[ i ] : econ_flags[ i ]) );
      |                                         ~~~~~~~^~~~~~~~~~~~~~~~~~~~~~~~~~~~~~~~~~~~~~~~~~~~~~~~~~~~~~~~~~~~~~~~~~~~~~~~~
staff.cpp:3353:48: warning: format not a string literal and no format arguments [-Wformat-security]
 3353 |                                         sprintf( buf + strlen( buf ), ( bulktrader ? resources[ i ] : econ_flags[ i ]) );
      |                                         ~~~~~~~^~~~~~~~~~~~~~~~~~~~~~~~~~~~~~~~~~~~~~~~~~~~~~~~~~~~~~~~~~~~~~~~~~~~~~~~~
staff.cpp:3374:48: warning: format not a string literal and no format arguments [-Wformat-security]
 3374 |                                         sprintf( buf + strlen( buf ), ( bulktrader ? resources[ i ] : econ_flags[ i ]) );
      |                                         ~~~~~~~^~~~~~~~~~~~~~~~~~~~~~~~~~~~~~~~~~~~~~~~~~~~~~~~~~~~~~~~~~~~~~~~~~~~~~~~~
staff.cpp:3395:48: warning: format not a string literal and no format arguments [-Wformat-security]
 3395 |                                         sprintf( buf + strlen( buf ), ( bulktrader ? resources[ i ] : econ_flags[ i ]) );
      |                                         ~~~~~~~^~~~~~~~~~~~~~~~~~~~~~~~~~~~~~~~~~~~~~~~~~~~~~~~~~~~~~~~~~~~~~~~~~~~~~~~~
staff.cpp:3416:48: warning: format not a string literal and no format arguments [-Wformat-security]
 3416 |                                         sprintf( buf + strlen( buf ), ( bulktrader ? resources[ i ] : econ_flags[ i ]) );
      |                                         ~~~~~~~^~~~~~~~~~~~~~~~~~~~~~~~~~~~~~~~~~~~~~~~~~~~~~~~~~~~~~~~~~~~~~~~~~~~~~~~~
staff.cpp:3437:48: warning: format not a string literal and no format arguments [-Wformat-security]
 3437 |                                         sprintf( buf + strlen( buf ), ( bulktrader ? resources[ i ] : econ_flags[ i ]) );
      |                                         ~~~~~~~^~~~~~~~~~~~~~~~~~~~~~~~~~~~~~~~~~~~~~~~~~~~~~~~~~~~~~~~~~~~~~~~~~~~~~~~~
staff.cpp: In function ‘void objstat(CHAR_DATA*, char*)’:
staff.cpp:4939:9: warning: this ‘else’ clause does not guard... [-Wmisleading-indentation]
 4939 |         else
      |         ^~~~
staff.cpp:4942:17: note: ...this statement, but the latter is misleadingly indented as if it were guarded by the ‘else’
 4942 |                 sprintf (buf + strlen (buf), "#2Oval 5 -        :#0   %d\n", j->o.od.value[5]);
      |                 ^~~~~~~
staff.cpp: In function ‘void _do_load(CHAR_DATA*, char*, int)’:
staff.cpp:6353:20: warning: variable ‘room’ set but not used [-Wunused-but-set-variable]
 6353 |         ROOM_DATA *room;
      |                    ^~~~
g++ -Wno-write-strings  -c -march=native  -ggdb -DLINUX -Wall -fpermissive -std=gnu++98 transformation.cpp 
staff.cpp: In function ‘void display_craft(CHAR_DATA*, SUBCRAFT_HEAD_DATA*)’:
staff.cpp:9438:29: warning: the address of ‘subcraft_head_data::craft_variable’ will never be NULL [-Waddress]
 9438 |                 if ( craft->craft_variable ) {
      |                      ~~~~~~~^~~~~~~~~~~~~~
In file included from staff.cpp:26:
structs.h:4748:26: note: ‘subcraft_head_data::craft_variable’ declared here
 4748 |     CRAFT_VARIABLE_DATA *craft_variable[MAX_DEFAULT_ITEMS];
      |                          ^~~~~~~~~~~~~~
staff.cpp:9459:29: warning: the address of ‘subcraft_head_data::craft_oval’ will never be NULL [-Waddress]
 9459 |                 if ( craft->craft_oval ) {
      |                      ~~~~~~~^~~~~~~~~~
structs.h:4749:26: note: ‘subcraft_head_data::craft_oval’ declared here
 4749 |         CRAFT_OVAL_DATA *craft_oval[MAX_DEFAULT_ITEMS];
      |                          ^~~~~~~~~~
staff.cpp:9472:29: warning: the address of ‘subcraft_head_data::obj_items’ will never be NULL [-Waddress]
 9472 |                 if ( craft->obj_items ) {
      |                      ~~~~~~~^~~~~~~~~
structs.h:4723:24: note: ‘subcraft_head_data::obj_items’ declared here
 4723 |     DEFAULT_ITEM_DATA *obj_items[MAX_ITEMS_PER_SUBCRAFT];
      |                        ^~~~~~~~~
staff.cpp:9477:45: warning: the address of ‘default_item_data::items’ will never be NULL [-Waddress]
 9477 |                                 if ( items->items && items->items[ 0 ] ) {
      |                                      ~~~~~~~^~~~~
structs.h:4793:9: note: ‘default_item_data::items’ declared here
 4793 |     int items[MAX_DEFAULT_ITEMS];       /* Up to 20 default items */
      |         ^~~~~
staff.cpp:9555:29: warning: the address of ‘subcraft_head_data::fails’ will never be NULL [-Waddress]
 9555 |                 if ( craft->fails ) {
      |                      ~~~~~~~^~~~~
structs.h:4738:24: note: ‘subcraft_head_data::fails’ declared here
 4738 |     DEFAULT_ITEM_DATA *fails[MAX_ITEMS_PER_SUBCRAFT];
      |                        ^~~~~
staff.cpp:9560:46: warning: the address of ‘default_item_data::items’ will never be NULL [-Waddress]
 9560 |                                 if ( fitems->items && fitems->items[ 0 ] ) {
      |                                      ~~~~~~~~^~~~~
structs.h:4793:9: note: ‘default_item_data::items’ declared here
 4793 |     int items[MAX_DEFAULT_ITEMS];       /* Up to 20 default items */
      |         ^~~~~
staff.cpp: In function ‘void post_alias(DESCRIPTOR_DATA*)’:
staff.cpp:9662:27: warning: cast to pointer from integer of different size [-Wint-to-pointer-cast]
 9662 |         alias_create( ch, ( char * ) ch->delay_info1, ch->delay_who );
      |                           ^~~~~~~~~~~~~~~~~~~~~~~~~~
staff.cpp:9664:19: warning: cast to pointer from integer of different size [-Wint-to-pointer-cast]
 9664 |         mem_free( ( char * ) ch->delay_info1 );
      |                   ^~~~~~~~~~~~~~~~~~~~~~~~~~
staff.cpp: In function ‘void do_log(CHAR_DATA*, char*, int)’:
staff.cpp:9991:13: warning: variable ‘days’ set but not used [-Wunused-but-set-variable]
 9991 |         int days = 0, hours = 0, minutes = 0, results = 0, prev_days = 0, curr_days = 0;
      |             ^~~~
staff.cpp:9991:23: warning: variable ‘hours’ set but not used [-Wunused-but-set-variable]
 9991 |         int days = 0, hours = 0, minutes = 0, results = 0, prev_days = 0, curr_days = 0;
      |                       ^~~~~
staff.cpp:9991:34: warning: variable ‘minutes’ set but not used [-Wunused-but-set-variable]
 9991 |         int days = 0, hours = 0, minutes = 0, results = 0, prev_days = 0, curr_days = 0;
      |                                  ^~~~~~~
staff.cpp: In function ‘char* get_document(int, int)’:
staff.cpp:10425:26: warning: cast to pointer from integer of different size [-Wint-to-pointer-cast]
10425 |                 return ( ( TEXT_DATA * ) index )->text;
      |                          ^~~~~~~~~~~~~~~~~~~~~
staff.cpp:10429:26: warning: cast to pointer from integer of different size [-Wint-to-pointer-cast]
10429 |                 return ( ( HELP_DATA * ) index )->help_info;
      |                          ^~~~~~~~~~~~~~~~~~~~~
staff.cpp: In function ‘void set_document(int, int, char*)’:
staff.cpp:10443:24: warning: cast to pointer from integer of different size [-Wint-to-pointer-cast]
10443 |                 text = ( TEXT_DATA * ) index;
      |                        ^~~~~~~~~~~~~~~~~~~~~
staff.cpp:10450:27: warning: cast to pointer from integer of different size [-Wint-to-pointer-cast]
10450 |                 element = ( HELP_DATA * ) index;
      |                           ^~~~~~~~~~~~~~~~~~~~~
staff.cpp: In function ‘void save_document(CHAR_DATA*, char*)’:
staff.cpp:10866:41: warning: cast to pointer from integer of different size [-Wint-to-pointer-cast]
10866 |                         write_text( ch, ( TEXT_DATA * ) ch->pc->doc_index );
      |                                         ^~~~~~~~~~~~~~~~~~~~~~~~~~~~~~~~~
staff.cpp:10812:15: warning: variable ‘p’ set but not used [-Wunused-but-set-variable]
10812 |         char *p;
      |               ^
staff.cpp: In function ‘TEXT_DATA* add_document(CHAR_DATA*, TEXT_DATA**, char*)’:
staff.cpp:10987:20: warning: variable ‘last_element’ set but not used [-Wunused-but-set-variable]
10987 |         TEXT_DATA *last_element;
      |                    ^~~~~~~~~~~~
staff.cpp: In function ‘void fill_map(ROOM_DATA*, int, int, int (*)[7][7])’:
structs.h:656:29: warning: ‘<<’ in boolean context, did you mean ‘<’? [-Wint-in-bool-context]
  656 | #define EX_ISDOOR       ( 1 << 0 )
      |                         ~~~~^~~~~~
utils.h:39:38: note: in definition of macro ‘IS_SET’
   39 | #define IS_SET(flag,bit)  ((flag) & (bit))
      |                                      ^~~
staff.cpp:11106:70: note: in expansion of macro ‘EX_ISDOOR’
11106 |                 map[ 2 ][ x ][ y ] = ( IS_SET (ptrEExit->exit_info, (EX_ISDOOR || EX_ISGATE)) ) ? 2 : 1;
      |                                                                      ^~~~~~~~~
structs.h:665:29: warning: ‘<<’ in boolean context, did you mean ‘<’? [-Wint-in-bool-context]
  665 | #define EX_ISGATE       ( 1 << 9 )
      |                         ~~~~^~~~~~
utils.h:39:38: note: in definition of macro ‘IS_SET’
   39 | #define IS_SET(flag,bit)  ((flag) & (bit))
      |                                      ^~~
staff.cpp:11106:83: note: in expansion of macro ‘EX_ISGATE’
11106 |                 map[ 2 ][ x ][ y ] = ( IS_SET (ptrEExit->exit_info, (EX_ISDOOR || EX_ISGATE)) ) ? 2 : 1;
      |                                                                                   ^~~~~~~~~
structs.h:656:29: warning: ‘<<’ in boolean context, did you mean ‘<’? [-Wint-in-bool-context]
  656 | #define EX_ISDOOR       ( 1 << 0 )
      |                         ~~~~^~~~~~
utils.h:39:38: note: in definition of macro ‘IS_SET’
   39 | #define IS_SET(flag,bit)  ((flag) & (bit))
      |                                      ^~~
staff.cpp:11110:70: note: in expansion of macro ‘EX_ISDOOR’
11110 |                 map[ 3 ][ x ][ y ] = ( IS_SET (ptrSExit->exit_info, (EX_ISDOOR || EX_ISGATE)) ) ? 2 : 1;
      |                                                                      ^~~~~~~~~
structs.h:665:29: warning: ‘<<’ in boolean context, did you mean ‘<’? [-Wint-in-bool-context]
  665 | #define EX_ISGATE       ( 1 << 9 )
      |                         ~~~~^~~~~~
utils.h:39:38: note: in definition of macro ‘IS_SET’
   39 | #define IS_SET(flag,bit)  ((flag) & (bit))
      |                                      ^~~
staff.cpp:11110:83: note: in expansion of macro ‘EX_ISGATE’
11110 |                 map[ 3 ][ x ][ y ] = ( IS_SET (ptrSExit->exit_info, (EX_ISDOOR || EX_ISGATE)) ) ? 2 : 1;
      |                                                                                   ^~~~~~~~~
staff.cpp: In function ‘void do_becho(CHAR_DATA*, char*, int)’:
staff.cpp:11368:16: warning: format not a string literal and no format arguments [-Wformat-security]
11368 |         sprintf( copy, argument );
      |         ~~~~~~~^~~~~~~~~~~~~~~~~~
staff.cpp: In function ‘void fetch_variable_categories(char**, int, int)’:
staff.cpp:12044:10: warning: the address of ‘temp’ will never be NULL [-Waddress]
12044 |     if (!temp)
      |          ^~~~
staff.cpp:12019:8: note: ‘temp’ declared here
12019 |   char temp[100] = { '\0' };
      |        ^~~~
staff.cpp:12050:26: warning: comparison of integer expressions of different signedness: ‘int’ and ‘size_t’ {aka ‘long unsigned int’} [-Wsign-compare]
12050 |           for ( i = 1; i < strlen( temp ); i++ )
      |                        ~~^~~~~~~~~~~~~~~~
staff.cpp:12023:8: warning: unused variable ‘buf’ [-Wunused-variable]
12023 |   char buf[ MAX_STRING_LENGTH ];
      |        ^~~
staff.cpp: In function ‘void do_roll(CHAR_DATA*, char*, int)’:
staff.cpp:1037:70: warning: ‘%s’ directive writing up to 49151 bytes into a region of size 240 [-Wformat-overflow=]
 1037 |                                 sprintf( output_ch, "#6OOC: You roll %s vs. %s and ", buf2, skills[ ind ] );
      |                                                                      ^~               ~~~~
staff.cpp:1037:40: note: ‘sprintf’ output 27 or more bytes (assuming 49178) into a destination of size 256
 1037 |                                 sprintf( output_ch, "#6OOC: You roll %s vs. %s and ", buf2, skills[ ind ] );
      |                                 ~~~~~~~^~~~~~~~~~~~~~~~~~~~~~~~~~~~~~~~~~~~~~~~~~~~~~~~~~~~~~~~~~~~~~~~~~~~
staff.cpp:1038:74: warning: ‘%s’ directive writing up to 49151 bytes into a region of size 238 [-Wformat-overflow=]
 1038 |                                 sprintf( output_room, "#6OOC: $n #6rolls %s vs. %s and ", buf2, skills[ ind ] );
      |                                                                          ^~               ~~~~
staff.cpp:1038:40: note: ‘sprintf’ output 29 or more bytes (assuming 49180) into a destination of size 256
 1038 |                                 sprintf( output_room, "#6OOC: $n #6rolls %s vs. %s and ", buf2, skills[ ind ] );
      |                                 ~~~~~~~^~~~~~~~~~~~~~~~~~~~~~~~~~~~~~~~~~~~~~~~~~~~~~~~~~~~~~~~~~~~~~~~~~~~~~~~
staff.cpp:955:62: warning: ‘%s’ directive writing up to 49151 bytes into a region of size 240 [-Wformat-overflow=]
  955 |                         sprintf( output_ch, "#6OOC: You roll %s vs. %s and ", buf2, buf );
      |                                                              ^~               ~~~~
staff.cpp:955:32: note: ‘sprintf’ output between 27 and 98329 bytes into a destination of size 256
  955 |                         sprintf( output_ch, "#6OOC: You roll %s vs. %s and ", buf2, buf );
      |                         ~~~~~~~^~~~~~~~~~~~~~~~~~~~~~~~~~~~~~~~~~~~~~~~~~~~~~~~~~~~~~~~~~
staff.cpp:956:66: warning: ‘%s’ directive writing up to 49151 bytes into a region of size 238 [-Wformat-overflow=]
  956 |                         sprintf( output_room, "#6OOC: $n #6rolls %s vs. %s and ", buf2, buf );
      |                                                                  ^~               ~~~~
staff.cpp:956:32: note: ‘sprintf’ output between 29 and 98331 bytes into a destination of size 256
  956 |                         sprintf( output_room, "#6OOC: $n #6rolls %s vs. %s and ", buf2, buf );
      |                         ~~~~~~~^~~~~~~~~~~~~~~~~~~~~~~~~~~~~~~~~~~~~~~~~~~~~~~~~~~~~~~~~~~~~~
g++ -Wno-write-strings  -c -march=native  -ggdb -DLINUX -Wall -fpermissive -std=gnu++98 utility.cpp 
staff.cpp: In function ‘void do_ban(CHAR_DATA*, char*, int)’:
staff.cpp:1492:91: warning: ‘%s’ directive writing up to 49151 bytes into a region of size 49133 [-Wformat-overflow=]
 1492 |                                         sprintf( buf + strlen( buf ), "      #2Accounts:#0%s\n", accounts );
      |                                                                                           ^~     ~~~~~~~~
staff.cpp:1492:48: note: ‘sprintf’ output between 21 and 49172 bytes into a destination of size 49152
 1492 |                                         sprintf( buf + strlen( buf ), "      #2Accounts:#0%s\n", accounts );
      |                                         ~~~~~~~^~~~~~~~~~~~~~~~~~~~~~~~~~~~~~~~~~~~~~~~~~~~~~~~~~~~~~~~~~~~
staff.cpp: In function ‘void do_zecho(CHAR_DATA*, char*, int)’:
staff.cpp:1851:54: warning: ‘%s’ directive writing up to 49151 bytes into a region of size between 49112 and 49132 [-Wformat-overflow=]
 1851 |                 sprintf( buf, "(to rooms %d  to %d): %s", first_room, last_room, mess );
      |                                                      ^~                          ~~~~
staff.cpp:1851:24: note: ‘sprintf’ output between 21 and 49192 bytes into a destination of size 49152
 1851 |                 sprintf( buf, "(to rooms %d  to %d): %s", first_room, last_room, mess );
      |                 ~~~~~~~^~~~~~~~~~~~~~~~~~~~~~~~~~~~~~~~~~~~~~~~~~~~~~~~~~~~~~~~~~~~~~~~
staff.cpp:1848:46: warning: ‘%s’ directive writing up to 49151 bytes into a region of size between 49130 and 49139 [-Wformat-overflow=]
 1848 |                 sprintf( buf, "(to zone %d): %s", zone, mess );
      |                                              ^~         ~~~~
staff.cpp:1848:24: note: ‘sprintf’ output between 14 and 49174 bytes into a destination of size 49152
 1848 |                 sprintf( buf, "(to zone %d): %s", zone, mess );
      |                 ~~~~~~~^~~~~~~~~~~~~~~~~~~~~~~~~~~~~~~~~~~~~~~
staff.cpp: In function ‘void do_pecho(CHAR_DATA*, char*, int)’:
staff.cpp:1913:50: warning: ‘%s’ directive writing up to 49151 bytes into a region of size 49136 [-Wformat-overflow=]
 1913 |                 sprintf( buf, "You pecho to %s: '%s#0'\n", GET_NAME (vict), message );
      |                                                  ^~                         ~~~~~~~
staff.cpp:1913:24: note: ‘sprintf’ output 21 or more bytes (assuming 49172) into a destination of size 49152
 1913 |                 sprintf( buf, "You pecho to %s: '%s#0'\n", GET_NAME (vict), message );
      |                 ~~~~~~~^~~~~~~~~~~~~~~~~~~~~~~~~~~~~~~~~~~~~~~~~~~~~~~~~~~~~~~~~~~~~~
staff.cpp: In function ‘void roomstat(CHAR_DATA*, char*)’:
staff.cpp:3623:36: warning: ‘%s’ directive writing up to 49151 bytes into a region of size 49140 [-Wformat-overflow=]
 3623 |         sprintf( buf, "Sector type[%s] ", buf2 );
      |                                    ^~     ~~~~
staff.cpp:3623:16: note: ‘sprintf’ output between 15 and 49166 bytes into a destination of size 49152
 3623 |         sprintf( buf, "Sector type[%s] ", buf2 );
      |         ~~~~~~~^~~~~~~~~~~~~~~~~~~~~~~~~~~~~~~~~
staff.cpp:3627:31: warning: ‘%s’ directive writing up to 49151 bytes into a region of size 49145 [-Wformat-overflow=]
 3627 |         sprintf( buf, "Rflags[%s]\n", buf2 );
      |                               ^~      ~~~~
staff.cpp:3627:16: note: ‘sprintf’ output between 10 and 49161 bytes into a destination of size 49152
 3627 |         sprintf( buf, "Rflags[%s]\n", buf2 );
      |         ~~~~~~~^~~~~~~~~~~~~~~~~~~~~~~~~~~~~
staff.cpp:3708:51: warning: ‘%s’ directive writing up to 49151 bytes into a region of size 49141 [-Wformat-overflow=]
 3708 |                         sprintf( buf, "Exit flag: %s \nKey no: %d  (pick penalty %d)\nTo room (Virtual: %d)\n\n", buf2,
      |                                                   ^~                                                              ~~~~
staff.cpp:3708:32: note: ‘sprintf’ output between 64 and 49245 bytes into a destination of size 49152
 3708 |                         sprintf( buf, "Exit flag: %s \nKey no: %d  (pick penalty %d)\nTo room (Virtual: %d)\n\n", buf2,
      |                         ~~~~~~~^~~~~~~~~~~~~~~~~~~~~~~~~~~~~~~~~~~~~~~~~~~~~~~~~~~~~~~~~~~~~~~~~~~~~~~~~~~~~~~~~~~~~~~~
 3709 |                                         rm->dir_option[ i ]->key, rm->dir_option[ i ]->pick_penalty, rm->dir_option[ i ]->to_room );
      |                                         ~~~~~~~~~~~~~~~~~~~~~~~~~~~~~~~~~~~~~~~~~~~~~~~~~~~~~~~~~~~~~~~~~~~~~~~~~~~~~~~~~~~~~~~~~~~
staff.cpp: In function ‘void do_force(CHAR_DATA*, char*, int)’:
staff.cpp:5897:78: warning: ‘%s’ directive writing up to 99 bytes into a region of size 78 [-Wformat-overflow=]
 5897 |                                         sprintf( buf, "$n has forced you to '%s'.", to_force );
      |                                                                              ^~     ~~~~~~~~
staff.cpp:5897:48: note: ‘sprintf’ output between 25 and 124 bytes into a destination of size 100
 5897 |                                         sprintf( buf, "$n has forced you to '%s'.", to_force );
      |                                         ~~~~~~~^~~~~~~~~~~~~~~~~~~~~~~~~~~~~~~~~~~~~~~~~~~~~~~
staff.cpp:5877:62: warning: ‘%s’ directive writing up to 99 bytes into a region of size 78 [-Wformat-overflow=]
 5877 |                         sprintf( buf, "$n has forced you to '%s'.", to_force );
      |                                                              ^~     ~~~~~~~~
staff.cpp:5877:32: note: ‘sprintf’ output between 25 and 124 bytes into a destination of size 100
 5877 |                         sprintf( buf, "$n has forced you to '%s'.", to_force );
      |                         ~~~~~~~^~~~~~~~~~~~~~~~~~~~~~~~~~~~~~~~~~~~~~~~~~~~~~~
staff.cpp: In function ‘void update_obj_values(CHAR_DATA*)’:
staff.cpp:7159:61: warning: ‘%s’ directive writing up to 49151 bytes into a region of size between 49125 and 49134 [-Wformat-overflow=]
 7159 |                         sprintf( token, "Error on line %d:  %s\n", line, buf );
      |                                                             ^~           ~~~
staff.cpp:7159:32: note: ‘sprintf’ output between 20 and 49180 bytes into a destination of size 49152
 7159 |                         sprintf( token, "Error on line %d:  %s\n", line, buf );
      |                         ~~~~~~~^~~~~~~~~~~~~~~~~~~~~~~~~~~~~~~~~~~~~~~~~~~~~~~
staff.cpp:7149:61: warning: ‘%s’ directive writing up to 49151 bytes into a region of size between 49125 and 49134 [-Wformat-overflow=]
 7149 |                         sprintf( token, "Error on line %d:  %s\n", line, buf );
      |                                                             ^~           ~~~
staff.cpp:7149:32: note: ‘sprintf’ output between 20 and 49180 bytes into a destination of size 49152
 7149 |                         sprintf( token, "Error on line %d:  %s\n", line, buf );
      |                         ~~~~~~~^~~~~~~~~~~~~~~~~~~~~~~~~~~~~~~~~~~~~~~~~~~~~~~
staff.cpp:7139:61: warning: ‘%s’ directive writing up to 49151 bytes into a region of size between 49125 and 49134 [-Wformat-overflow=]
 7139 |                         sprintf( token, "Error on line %d:  %s\n", line, buf );
      |                                                             ^~           ~~~
staff.cpp:7139:32: note: ‘sprintf’ output between 20 and 49180 bytes into a destination of size 49152
 7139 |                         sprintf( token, "Error on line %d:  %s\n", line, buf );
      |                         ~~~~~~~^~~~~~~~~~~~~~~~~~~~~~~~~~~~~~~~~~~~~~~~~~~~~~~
staff.cpp: In function ‘void do_keywords(CHAR_DATA*, char*)’:
staff.cpp:7458:57: warning: ‘%s’ directive writing up to 49151 bytes into a region of size 49129 [-Wformat-overflow=]
 7458 |                 sprintf( buf2, "\nKeywords update to: #6%s#0.\n", buf );
      |                                                         ^~        ~~~
staff.cpp:7458:24: note: ‘sprintf’ output between 28 and 49179 bytes into a destination of size 49152
 7458 |                 sprintf( buf2, "\nKeywords update to: #6%s#0.\n", buf );
      |                 ~~~~~~~^~~~~~~~~~~~~~~~~~~~~~~~~~~~~~~~~~~~~~~~~~~~~~~~
staff.cpp:7455:67: warning: ‘%s’ directive writing up to 49151 bytes into a region of size 49119 [-Wformat-overflow=]
 7455 |                 sprintf( buf2, "\nKeywords reverted to default: #6%s#0.\n", buf );
      |                                                                   ^~        ~~~
staff.cpp:7455:24: note: ‘sprintf’ output between 38 and 49189 bytes into a destination of size 49152
 7455 |                 sprintf( buf2, "\nKeywords reverted to default: #6%s#0.\n", buf );
      |                 ~~~~~~~^~~~~~~~~~~~~~~~~~~~~~~~~~~~~~~~~~~~~~~~~~~~~~~~~~~~~~~~~~
staff.cpp: In function ‘void do_wanted(CHAR_DATA*, char*, int)’:
staff.cpp:8511:67: warning: ‘%s’ directive writing up to 49151 bytes into a region of size between 49109 and 49133 [-Wformat-overflow=]
 8511 |                                 sprintf( buf, "%5d  %2d      %2d  %s%s\n", tch->in_room, af->a.spell.duration,
      |                                                                   ^~
 8512 |                                                 af->type - MAGIC_CRIM_BASE, buf1, tch->short_descr );
      |                                                                             ~~~~
staff.cpp:8511:40: note: ‘sprintf’ output 21 or more bytes (assuming 49181) into a destination of size 49152
 8511 |                                 sprintf( buf, "%5d  %2d      %2d  %s%s\n", tch->in_room, af->a.spell.duration,
      |                                 ~~~~~~~^~~~~~~~~~~~~~~~~~~~~~~~~~~~~~~~~~~~~~~~~~~~~~~~~~~~~~~~~~~~~~~~~~~~~~~
 8512 |                                                 af->type - MAGIC_CRIM_BASE, buf1, tch->short_descr );
      |                                                 ~~~~~~~~~~~~~~~~~~~~~~~~~~~~~~~~~~~~~~~~~~~~~~~~~~~~
staff.cpp: In function ‘void do_pfile(CHAR_DATA*, char*, int)’:
staff.cpp:9900:50: warning: ‘%s’ directive writing up to 49151 bytes into a region of size 49135 [-Wformat-overflow=]
 9900 |                 sprintf( buf, "rm save/player/%c/%s", tolower( *pfile ), pfile );
      |                                                  ^~                      ~~~~~
staff.cpp:9900:24: note: ‘sprintf’ output between 18 and 49169 bytes into a destination of size 49152
 9900 |                 sprintf( buf, "rm save/player/%c/%s", tolower( *pfile ), pfile );
      |                 ~~~~~~~^~~~~~~~~~~~~~~~~~~~~~~~~~~~~~~~~~~~~~~~~~~~~~~~~~~~~~~~~
staff.cpp:9908:48: warning: ‘%s’ directive writing up to 49151 bytes into a region of size 49137 [-Wformat-overflow=]
 9908 |                 sprintf( buf, "rm save/objs/%c/%s", tolower( *pfile ), pfile );
      |                                                ^~                      ~~~~~
staff.cpp:9908:24: note: ‘sprintf’ output between 16 and 49167 bytes into a destination of size 49152
 9908 |                 sprintf( buf, "rm save/objs/%c/%s", tolower( *pfile ), pfile );
      |                 ~~~~~~~^~~~~~~~~~~~~~~~~~~~~~~~~~~~~~~~~~~~~~~~~~~~~~~~~~~~~~~
staff.cpp:9916:54: warning: ‘%s’ directive writing up to 49151 bytes into a region of size 49130 [-Wformat-overflow=]
 9916 |                 sprintf( buf, "rm save/player/submit/%s", pfile );
      |                                                      ^~   ~~~~~
staff.cpp:9916:24: note: ‘sprintf’ output between 23 and 49174 bytes into a destination of size 49152
 9916 |                 sprintf( buf, "rm save/player/submit/%s", pfile );
      |                 ~~~~~~~^~~~~~~~~~~~~~~~~~~~~~~~~~~~~~~~~~~~~~~~~~
staff.cpp:9839:47: warning: ‘%s’ directive writing up to 49151 bytes into a region of size 49138 [-Wformat-overflow=]
 9839 |                 sprintf( buf, "save/player/%c/%s", tolower( *new_name ), new_name );
      |                                               ^~                         ~~~~~~~~
staff.cpp:9839:24: note: ‘sprintf’ output between 15 and 49166 bytes into a destination of size 49152
 9839 |                 sprintf( buf, "save/player/%c/%s", tolower( *new_name ), new_name );
      |                 ~~~~~~~^~~~~~~~~~~~~~~~~~~~~~~~~~~~~~~~~~~~~~~~~~~~~~~~~~~~~~~~~~~~
staff.cpp:9848:45: warning: ‘%s’ directive writing up to 49151 bytes into a region of size 49139 [-Wformat-overflow=]
 9848 |                 sprintf( buf, "save/archive/%s", new_name );
      |                                             ^~   ~~~~~~~~
staff.cpp:9848:24: note: ‘sprintf’ output between 14 and 49165 bytes into a destination of size 49152
 9848 |                 sprintf( buf, "save/archive/%s", new_name );
      |                 ~~~~~~~^~~~~~~~~~~~~~~~~~~~~~~~~~~~~~~~~~~~
staff.cpp:9858:48: warning: ‘%s’ directive writing up to 49151 bytes into a region of size 49136 [-Wformat-overflow=]
 9858 |                 sprintf( buf, "mv save/archive/%s save/player/%c/%s", new_name, tolower( *new_name ), new_name );
      |                                                ^~                     ~~~~~~~~
staff.cpp:9858:24: note: ‘sprintf’ output between 32 and 98334 bytes into a destination of size 49152
 9858 |                 sprintf( buf, "mv save/archive/%s save/player/%c/%s", new_name, tolower( *new_name ), new_name );
      |                 ~~~~~~~^~~~~~~~~~~~~~~~~~~~~~~~~~~~~~~~~~~~~~~~~~~~~~~~~~~~~~~~~~~~~~~~~~~~~~~~~~~~~~~~~~~~~~~~~
staff.cpp:9863:48: warning: ‘%s’ directive writing up to 49151 bytes into a region of size 49136 [-Wformat-overflow=]
 9863 |                 sprintf( buf, "mv save/archive/%s.a save/player/%c/%s.a", new_name, tolower( *new_name ), new_name );
      |                                                ^~                         ~~~~~~~~
staff.cpp:9863:24: note: ‘sprintf’ output between 36 and 98338 bytes into a destination of size 49152
 9863 |                 sprintf( buf, "mv save/archive/%s.a save/player/%c/%s.a", new_name, tolower( *new_name ), new_name );
      |                 ~~~~~~~^~~~~~~~~~~~~~~~~~~~~~~~~~~~~~~~~~~~~~~~~~~~~~~~~~~~~~~~~~~~~~~~~~~~~~~~~~~~~~~~~~~~~~~~~~~~~
staff.cpp:9868:48: warning: ‘%s’ directive writing up to 49151 bytes into a region of size 49136 [-Wformat-overflow=]
 9868 |                 sprintf( buf, "mv save/archive/%s.objs save/objs/%c/%s", new_name, tolower( *new_name ), new_name );
      |                                                ^~                        ~~~~~~~~
staff.cpp:9868:24: note: ‘sprintf’ output between 35 and 98337 bytes into a destination of size 49152
 9868 |                 sprintf( buf, "mv save/archive/%s.objs save/objs/%c/%s", new_name, tolower( *new_name ), new_name );
      |                 ~~~~~~~^~~~~~~~~~~~~~~~~~~~~~~~~~~~~~~~~~~~~~~~~~~~~~~~~~~~~~~~~~~~~~~~~~~~~~~~~~~~~~~~~~~~~~~~~~~~
staff.cpp: In function ‘HELP_DATA* add_help_topics(CHAR_DATA*, HELP_DATA**, char*)’:
staff.cpp:10944:56: warning: ‘%s’ directive writing up to 49151 bytes into a region of size 49144 [-Wformat-overflow=]
10944 |                                 sprintf( buf, "Keyword %s is already in use.\n", buf );
      |                                                        ^~                        ~~~
staff.cpp:10944:40: note: ‘sprintf’ output between 29 and 49180 bytes into a destination of size 49152
10944 |                                 sprintf( buf, "Keyword %s is already in use.\n", buf );
      |                                 ~~~~~~~^~~~~~~~~~~~~~~~~~~~~~~~~~~~~~~~~~~~~~~~~~~~~~~
staff.cpp:10944:40: warning: ‘sprintf’ argument 3 overlaps destination object ‘buf’ [-Wrestrict]
staff.cpp:10935:14: note: destination object referenced by ‘restrict’-qualified argument 1 was declared here
10935 |         char buf[ MAX_STRING_LENGTH ];
      |              ^~~
staff.cpp: In function ‘void do_nuke(CHAR_DATA*, char*, int)’:
staff.cpp:459:33: warning: ‘%s’ directive writing up to 49151 bytes into a region of size 49144 [-Wformat-overflow=]
  459 |         sprintf( buf2, "Account %s has been excised from the database.\n", buf );
      |                                 ^~                                         ~~~
staff.cpp:459:16: note: ‘sprintf’ output between 46 and 49197 bytes into a destination of size 49152
  459 |         sprintf( buf2, "Account %s has been excised from the database.\n", buf );
      |         ~~~~~~~^~~~~~~~~~~~~~~~~~~~~~~~~~~~~~~~~~~~~~~~~~~~~~~~~~~~~~~~~~~~~~~~~
staff.cpp:452:52: warning: ‘%s’ directive writing up to 49151 bytes into a region of size 49134 [-Wformat-overflow=]
  452 |                 sprintf( buf2, "Please type \'nuke %s !\', sans quotes, to confirm.\n", buf );
      |                                                    ^~                                   ~~~
staff.cpp:452:24: note: ‘sprintf’ output between 49 and 49200 bytes into a destination of size 49152
  452 |                 sprintf( buf2, "Please type \'nuke %s !\', sans quotes, to confirm.\n", buf );
      |                 ~~~~~~~^~~~~~~~~~~~~~~~~~~~~~~~~~~~~~~~~~~~~~~~~~~~~~~~~~~~~~~~~~~~~~~~~~~~~~
staff.cpp: In function ‘void _do_load(CHAR_DATA*, char*, int)’:
staff.cpp:6501:45: warning: ‘%s’ directive writing up to 49151 bytes into a region of size 49150 [-Wformat-overflow=]
 6501 |                         sprintf( buffer, "#5%s", buf );
      |                                             ^~   ~~~
staff.cpp:6501:32: note: ‘sprintf’ output between 3 and 49154 bytes into a destination of size 49152
 6501 |                         sprintf( buffer, "#5%s", buf );
      |                         ~~~~~~~^~~~~~~~~~~~~~~~~~~~~~~
staff.cpp: In function ‘void objstat(CHAR_DATA*, char*)’:
staff.cpp:3988:53: warning: ‘%s’ directive writing up to 49151 bytes into a region of size 49117 [-Wformat-overflow=]
 3988 |         sprintf( buf, "\n#2VNUM:#0  %d [%s] [#2%s#0]%s\n", j->nVirtual, instance ? "#2Instance#0" : "#2Prototype#0",
      |                                                     ^~
 3989 |                         item_types[ ( int ) GET_ITEM_TYPE (j) ], buf2 );
      |                                                                  ~~~~
staff.cpp:3988:16: note: ‘sprintf’ output 37 or more bytes (assuming 49188) into a destination of size 49152
 3988 |         sprintf( buf, "\n#2VNUM:#0  %d [%s] [#2%s#0]%s\n", j->nVirtual, instance ? "#2Instance#0" : "#2Prototype#0",
      |         ~~~~~~~^~~~~~~~~~~~~~~~~~~~~~~~~~~~~~~~~~~~~~~~~~~~~~~~~~~~~~~~~~~~~~~~~~~~~~~~~~~~~~~~~~~~~~~~~~~~~~~~~~~~~
 3989 |                         item_types[ ( int ) GET_ITEM_TYPE (j) ], buf2 );
      |                         ~~~~~~~~~~~~~~~~~~~~~~~~~~~~~~~~~~~~~~~~~~~~~~~
staff.cpp:4037:75: warning: ‘sprintf’ may write a terminating nul past the end of the destination [-Wformat-overflow=]
 4037 |                                         sprintf( buf + strlen( buf ), " %s", temp );
      |                                                                           ^
staff.cpp:4037:48: note: ‘sprintf’ output between 2 and 49153 bytes into a destination of size 49152
 4037 |                                         sprintf( buf + strlen( buf ), " %s", temp );
      |                                         ~~~~~~~^~~~~~~~~~~~~~~~~~~~~~~~~~~~~~~~~~~~
staff.cpp:4743:75: warning: ‘%s’ directive writing up to 49151 bytes into a region of size 49116 [-Wformat-overflow=]
 4743 |         sprintf (buf + strlen (buf), "#2Decorates These Material Types:#0 %s", buf2);
      |                                                                           ^~   ~~~~
staff.cpp:4743:17: note: ‘sprintf’ output between 37 and 49188 bytes into a destination of size 49152
 4743 |         sprintf (buf + strlen (buf), "#2Decorates These Material Types:#0 %s", buf2);
      |         ~~~~~~~~^~~~~~~~~~~~~~~~~~~~~~~~~~~~~~~~~~~~~~~~~~~~~~~~~~~~~~~~~~~~~~~~~~~~
staff.cpp:4968:45: warning: ‘%s’ directive writing up to 49151 bytes into a region of size 49132 [-Wformat-overflow=]
 4968 |         sprintf (buf, "\n#2Electric Bits:#0 %s", buf2);
      |                                             ^~   ~~~~
staff.cpp:4968:17: note: ‘sprintf’ output between 21 and 49172 bytes into a destination of size 49152
 4968 |         sprintf (buf, "\n#2Electric Bits:#0 %s", buf2);
      |         ~~~~~~~~^~~~~~~~~~~~~~~~~~~~~~~~~~~~~~~~~~~~~~
staff.cpp:5036:45: warning: ‘%s’ directive writing up to 49151 bytes into a region of size 49132 [-Wformat-overflow=]
 5036 |         sprintf (buf, "\n#2Electric Bits:#0 %s", buf2);
      |                                             ^~   ~~~~
staff.cpp:5036:17: note: ‘sprintf’ output between 21 and 49172 bytes into a destination of size 49152
 5036 |         sprintf (buf, "\n#2Electric Bits:#0 %s", buf2);
      |         ~~~~~~~~^~~~~~~~~~~~~~~~~~~~~~~~~~~~~~~~~~~~~~
staff.cpp:4810:72: warning: ‘%s’ directive writing up to 49151 bytes into a region of size 49119 [-Wformat-overflow=]
 4810 |         sprintf (buf + strlen (buf), "#2Repairs This Material Types:#0 %s", buf2);
      |                                                                        ^~   ~~~~
staff.cpp:4810:17: note: ‘sprintf’ output between 34 and 49185 bytes into a destination of size 49152
 4810 |         sprintf (buf + strlen (buf), "#2Repairs This Material Types:#0 %s", buf2);
      |         ~~~~~~~~^~~~~~~~~~~~~~~~~~~~~~~~~~~~~~~~~~~~~~~~~~~~~~~~~~~~~~~~~~~~~~~~~
staff.cpp:4859:64: warning: ‘%s’ directive writing up to 49151 bytes into a region of size 49127 [-Wformat-overflow=]
 4859 |         sprintf (buf + strlen (buf), "#2Oval 3 - Directions:#0 %s\n", buf2);
      |                                                                ^~     ~~~~
staff.cpp:4859:17: note: ‘sprintf’ output between 27 and 49178 bytes into a destination of size 49152
 4859 |         sprintf (buf + strlen (buf), "#2Oval 3 - Directions:#0 %s\n", buf2);
      |         ~~~~~~~~^~~~~~~~~~~~~~~~~~~~~~~~~~~~~~~~~~~~~~~~~~~~~~~~~~~~~~~~~~~
staff.cpp:5002:45: warning: ‘%s’ directive writing up to 49151 bytes into a region of size 49132 [-Wformat-overflow=]
 5002 |         sprintf (buf, "\n#2Electric Bits:#0 %s", buf2);
      |                                             ^~   ~~~~
staff.cpp:5002:17: note: ‘sprintf’ output between 21 and 49172 bytes into a destination of size 49152
 5002 |         sprintf (buf, "\n#2Electric Bits:#0 %s", buf2);
      |         ~~~~~~~~^~~~~~~~~~~~~~~~~~~~~~~~~~~~~~~~~~~~~~
staff.cpp:4618:63: warning: ‘%s’ directive writing up to 49151 bytes into a region of size 49128 [-Wformat-overflow=]
 4618 |         sprintf (buf + strlen (buf), "#2Oval1 - Bits:#0       %s\n", buf2);
      |                                                               ^~     ~~~~
staff.cpp:4618:17: note: ‘sprintf’ output between 26 and 49177 bytes into a destination of size 49152
 4618 |         sprintf (buf + strlen (buf), "#2Oval1 - Bits:#0       %s\n", buf2);
      |         ~~~~~~~~^~~~~~~~~~~~~~~~~~~~~~~~~~~~~~~~~~~~~~~~~~~~~~~~~~~~~~~~~~
staff.cpp:4593:70: warning: ‘%s’ directive writing up to 49151 bytes into a region of size 49121 [-Wformat-overflow=]
 4593 |         sprintf (buf + strlen (buf), "#2Oval1 - Bits       :#0       %s\n", buf2);
      |                                                                      ^~     ~~~~
staff.cpp:4593:17: note: ‘sprintf’ output between 33 and 49184 bytes into a destination of size 49152
 4593 |         sprintf (buf + strlen (buf), "#2Oval1 - Bits       :#0       %s\n", buf2);
      |         ~~~~~~~~^~~~~~~~~~~~~~~~~~~~~~~~~~~~~~~~~~~~~~~~~~~~~~~~~~~~~~~~~~~~~~~~~
staff.cpp:4925:53: warning: ‘%s’ directive writing up to 49151 bytes into a region of size 49124 [-Wformat-overflow=]
 4925 |         sprintf (buf, "\n#2Electric Bits (oval0):#0 %s", buf2);
      |                                                     ^~   ~~~~
staff.cpp:4925:17: note: ‘sprintf’ output between 29 and 49180 bytes into a destination of size 49152
 4925 |         sprintf (buf, "\n#2Electric Bits (oval0):#0 %s", buf2);
      |         ~~~~~~~~^~~~~~~~~~~~~~~~~~~~~~~~~~~~~~~~~~~~~~~~~~~~~~
staff.cpp:4886:45: warning: ‘%s’ directive writing up to 49151 bytes into a region of size 49132 [-Wformat-overflow=]
 4886 |         sprintf (buf, "\n#2Electric Bits:#0 %s", buf2);
      |                                             ^~   ~~~~
staff.cpp:4886:17: note: ‘sprintf’ output between 21 and 49172 bytes into a destination of size 49152
 4886 |         sprintf (buf, "\n#2Electric Bits:#0 %s", buf2);
      |         ~~~~~~~~^~~~~~~~~~~~~~~~~~~~~~~~~~~~~~~~~~~~~~
staff.cpp:4432:60: warning: ‘%s’ directive writing up to 49151 bytes into a region of size between 49016 and 49046 [-Wformat-overflow=]
 4432 |                                  "#2Current Liquid:#0      %s\n",
      |                                                            ^~
 4433 |                  j->o.drinks.capacity, j->o.drinks.volume, j->o.drinks.liquid, buf2);
      |                                                                                ~~~~
staff.cpp:4428:17: note: ‘sprintf’ output between 108 and 49289 bytes into a destination of size 49152
 4428 |         sprintf (buf,
      |         ~~~~~~~~^~~~~
 4429 |                                  "#2Oval0 - Capacity:#0    %d\n"
      |                                  ~~~~~~~~~~~~~~~~~~~~~~~~~~~~~~~
 4430 |                  "#2Oval1 - Load-Volume:#0 %d\n"
      |                  ~~~~~~~~~~~~~~~~~~~~~~~~~~~~~~~
 4431 |                  "#2Oval2 - Load-Liquid:#0 %d\n"
      |                  ~~~~~~~~~~~~~~~~~~~~~~~~~~~~~~~
 4432 |                                  "#2Current Liquid:#0      %s\n",
      |                                  ~~~~~~~~~~~~~~~~~~~~~~~~~~~~~~~~
 4433 |                  j->o.drinks.capacity, j->o.drinks.volume, j->o.drinks.liquid, buf2);
      |                  ~~~~~~~~~~~~~~~~~~~~~~~~~~~~~~~~~~~~~~~~~~~~~~~~~~~~~~~~~~~~~~~~~~~
staff.cpp:4352:62: warning: ‘%s’ directive writing up to 49151 bytes into a region of size 49129 [-Wformat-overflow=]
 4352 |         sprintf (buf + strlen (buf), "#2Oval2 - Primary  :#0 %s", buf2);
      |                                                              ^~   ~~~~
staff.cpp:4352:17: note: ‘sprintf’ output between 24 and 49175 bytes into a destination of size 49152
 4352 |         sprintf (buf + strlen (buf), "#2Oval2 - Primary  :#0 %s", buf2);
      |         ~~~~~~~~^~~~~~~~~~~~~~~~~~~~~~~~~~~~~~~~~~~~~~~~~~~~~~~~~~~~~~~
staff.cpp:4364:62: warning: ‘%s’ directive writing up to 49151 bytes into a region of size 49129 [-Wformat-overflow=]
 4364 |         sprintf (buf + strlen (buf), "#2Oval3 - Secondary:#0 %s", buf2);
      |                                                              ^~   ~~~~
staff.cpp:4364:17: note: ‘sprintf’ output between 24 and 49175 bytes into a destination of size 49152
 4364 |         sprintf (buf + strlen (buf), "#2Oval3 - Secondary:#0 %s", buf2);
      |         ~~~~~~~~^~~~~~~~~~~~~~~~~~~~~~~~~~~~~~~~~~~~~~~~~~~~~~~~~~~~~~~
staff.cpp:4321:62: warning: ‘%s’ directive writing up to 49151 bytes into a region of size 49129 [-Wformat-overflow=]
 4321 |         sprintf (buf + strlen (buf), "#2Oval2 - Primary  :#0 %s", buf2);
      |                                                              ^~   ~~~~
staff.cpp:4321:17: note: ‘sprintf’ output between 24 and 49175 bytes into a destination of size 49152
 4321 |         sprintf (buf + strlen (buf), "#2Oval2 - Primary  :#0 %s", buf2);
      |         ~~~~~~~~^~~~~~~~~~~~~~~~~~~~~~~~~~~~~~~~~~~~~~~~~~~~~~~~~~~~~~~
staff.cpp:4333:62: warning: ‘%s’ directive writing up to 49151 bytes into a region of size 49129 [-Wformat-overflow=]
 4333 |         sprintf (buf + strlen (buf), "#2Oval3 - Secondary:#0 %s", buf2);
      |                                                              ^~   ~~~~
staff.cpp:4333:17: note: ‘sprintf’ output between 24 and 49175 bytes into a destination of size 49152
 4333 |         sprintf (buf + strlen (buf), "#2Oval3 - Secondary:#0 %s", buf2);
      |         ~~~~~~~~^~~~~~~~~~~~~~~~~~~~~~~~~~~~~~~~~~~~~~~~~~~~~~~~~~~~~~~
staff.cpp:4252:64: warning: ‘%s’ directive writing up to 49151 bytes into a region of size between 49062 and 49082 [-Wformat-overflow=]
 4252 |                                         "#2Oval2 - Liquid:#0   %s\n"
      |                                                                ^~
 4253 |                                         "#2Oval3 - On:#0       %d (0 is no, 1 is yes)\n", j->o.light.capacity, j->o.light.hours, buf2,
      |                                                                                                                                  ~~~~
staff.cpp:4250:32: note: ‘sprintf’ output between 116 and 49297 bytes into a destination of size 49152
 4250 |                         sprintf( buf, "#2Oval0 - Capacity:#0 %d\n"
      |                         ~~~~~~~^~~~~~~~~~~~~~~~~~~~~~~~~~~~~~~~~~~
 4251 |                                         "#2Oval1 - Hours:#0    %d\n"
      |                                         ~~~~~~~~~~~~~~~~~~~~~~~~~~~~
 4252 |                                         "#2Oval2 - Liquid:#0   %s\n"
      |                                         ~~~~~~~~~~~~~~~~~~~~~~~~~~~~
 4253 |                                         "#2Oval3 - On:#0       %d (0 is no, 1 is yes)\n", j->o.light.capacity, j->o.light.hours, buf2,
      |                                         ~~~~~~~~~~~~~~~~~~~~~~~~~~~~~~~~~~~~~~~~~~~~~~~~~~~~~~~~~~~~~~~~~~~~~~~~~~~~~~~~~~~~~~~~~~~~~~
 4254 |                                         j->o.light.on );
      |                                         ~~~~~~~~~~~~~~~
staff.cpp:5113:49: warning: ‘%s’ directive writing up to 49151 bytes into a region of size 49136 [-Wformat-overflow=]
 5113 |                 sprintf( buf, "\n#2Trap Bits:#0 %s", buf2 );
      |                                                 ^~   ~~~~
staff.cpp:5113:24: note: ‘sprintf’ output between 17 and 49168 bytes into a destination of size 49152
 5113 |                 sprintf( buf, "\n#2Trap Bits:#0 %s", buf2 );
      |                 ~~~~~~~^~~~~~~~~~~~~~~~~~~~~~~~~~~~~~~~~~~~
staff.cpp:5135:83: warning: ‘%s’ directive writing up to 49151 bytes into a region of size 49103 [-Wformat-overflow=]
 5135 |                                 ".\n#2Difficulty#0: %s, #2Cost#0: %d, #2Target#0: %s, #2JunkObj1#0: %d, #2JunkObj2#0: %d, #2Required Skill#0: %s.\n",
      |                                                                                   ^~
......
 5138 |                                 trap->com_cost[0], buf2, trap->com_junk1, trap->com_junk2, (skills[trap->com_skill] ? skills[trap->com_skill] : "None") );
      |                                                    ~~~~                            
staff.cpp:5133:24: note: ‘sprintf’ output 112 or more bytes (assuming 49263) into a destination of size 49152
 5133 |                 sprintf(
      |                 ~~~~~~~^
 5134 |                                 buf + strlen( buf ),
      |                                 ~~~~~~~~~~~~~~~~~~~~
 5135 |                                 ".\n#2Difficulty#0: %s, #2Cost#0: %d, #2Target#0: %s, #2JunkObj1#0: %d, #2JunkObj2#0: %d, #2Required Skill#0: %s.\n",
      |                                 ~~~~~~~~~~~~~~~~~~~~~~~~~~~~~~~~~~~~~~~~~~~~~~~~~~~~~~~~~~~~~~~~~~~~~~~~~~~~~~~~~~~~~~~~~~~~~~~~~~~~~~~~~~~~~~~~~~~~~
 5136 |                                 ( trap->com_diff >= 3 ? "V. Hard" : trap->com_diff == 2 ? "Hard" :
      |                                 ~~~~~~~~~~~~~~~~~~~~~~~~~~~~~~~~~~~~~~~~~~~~~~~~~~~~~~~~~~~~~~~~~~
 5137 |                                         trap->com_diff == 1 ? "Fair" : "Easy"),
      |                                         ~~~~~~~~~~~~~~~~~~~~~~~~~~~~~~~~~~~~~~~
 5138 |                                 trap->com_cost[0], buf2, trap->com_junk1, trap->com_junk2, (skills[trap->com_skill] ? skills[trap->com_skill] : "None") );
      |                                 ~~~~~~~~~~~~~~~~~~~~~~~~~~~~~~~~~~~~~~~~~~~~~~~~~~~~~~~~~~~~~~~~~~~~~~~~~~~~~~~~~~~~~~~~~~~~~~~~~~~~~~~~~~~~~~~~~~~~~~~~~
staff.cpp: In function ‘void acctstat(CHAR_DATA*, char*)’:
staff.cpp:3916:57: warning: ‘%s’ directive writing up to 49151 bytes into a region of size 49078 [-Wformat-overflow=]
 3916 |                                 sprintf( line + 71, "#0 %s\n", state );
      |                                                         ^~     ~~~~~
staff.cpp:3916:40: note: ‘sprintf’ output between 5 and 49156 bytes into a destination of size 49081
 3916 |                                 sprintf( line + 71, "#0 %s\n", state );
      |                                 ~~~~~~~^~~~~~~~~~~~~~~~~~~~~~~~~~~~~~~
staff.cpp:3914:60: warning: ‘%s’ directive writing up to 49151 bytes into a region of size 49078 [-Wformat-overflow=]
 3914 |                                 sprintf( line + 68, "...#0 %s\n", state );
      |                                                            ^~     ~~~~~
staff.cpp:3914:40: note: ‘sprintf’ output between 8 and 49159 bytes into a destination of size 49084
 3914 |                                 sprintf( line + 68, "...#0 %s\n", state );
      |                                 ~~~~~~~^~~~~~~~~~~~~~~~~~~~~~~~~~~~~~~~~~
staff.cpp: In function ‘void do_log(CHAR_DATA*, char*, int)’:
staff.cpp:10156:92: warning: ‘%s’ directive writing up to 49151 bytes into a region of size 49101 [-Wformat-overflow=]
10156 |                         sprintf( buf2, "You've specified an unknown log search parameter: '%s'.\n", buf );
      |                                                                                            ^~       ~~~
staff.cpp:10156:32: note: ‘sprintf’ output between 55 and 49206 bytes into a destination of size 49152
10156 |                         sprintf( buf2, "You've specified an unknown log search parameter: '%s'.\n", buf );
      |                         ~~~~~~~^~~~~~~~~~~~~~~~~~~~~~~~~~~~~~~~~~~~~~~~~~~~~~~~~~~~~~~~~~~~~~~~~~~~~~~~~~
staff.cpp:10197:66: warning: ‘%s’ directive writing up to 49151 bytes into a region of size 49139 [-Wformat-overflow=]
10197 |                 sprintf( query + strlen( query ), "entry LIKE '%%%s%%'", buf );
      |                                                                  ^~      ~~~
staff.cpp:10197:24: note: ‘sprintf’ output between 16 and 49167 bytes into a destination of size 49152
10197 |                 sprintf( query + strlen( query ), "entry LIKE '%%%s%%'", buf );
      |                 ~~~~~~~^~~~~~~~~~~~~~~~~~~~~~~~~~~~~~~~~~~~~~~~~~~~~~~~~~~~~~~
staff.cpp:10247:68: warning: ‘%s’ directive writing up to 49151 bytes into a region of size 49136 [-Wformat-overflow=]
10247 |                 sprintf( query + strlen( query ), " AND name LIKE '%s'", name );
      |                                                                    ^~    ~~~~
staff.cpp:10247:24: note: ‘sprintf’ output between 18 and 49169 bytes into a destination of size 49152
10247 |                 sprintf( query + strlen( query ), " AND name LIKE '%s'", name );
      |                 ~~~~~~~^~~~~~~~~~~~~~~~~~~~~~~~~~~~~~~~~~~~~~~~~~~~~~~~~~~~~~~~
staff.cpp:10249:71: warning: ‘%s’ directive writing up to 49151 bytes into a region of size 49133 [-Wformat-overflow=]
10249 |                 sprintf( query + strlen( query ), " AND account LIKE '%s'", account_name );
      |                                                                       ^~    ~~~~~~~~~~~~
staff.cpp:10249:24: note: ‘sprintf’ output between 21 and 49172 bytes into a destination of size 49152
10249 |                 sprintf( query + strlen( query ), " AND account LIKE '%s'", account_name );
      |                 ~~~~~~~^~~~~~~~~~~~~~~~~~~~~~~~~~~~~~~~~~~~~~~~~~~~~~~~~~~~~~~~~~~~~~~~~~~
staff.cpp:10251:77: warning: ‘%s’ directive writing up to 49151 bytes into a region of size 49127 [-Wformat-overflow=]
10251 |                 sprintf( query + strlen( query ), " AND switched_into LIKE '%s'", npc );
      |                                                                             ^~    ~~~
staff.cpp:10251:24: note: ‘sprintf’ output between 27 and 49178 bytes into a destination of size 49152
10251 |                 sprintf( query + strlen( query ), " AND switched_into LIKE '%s'", npc );
      |                 ~~~~~~~^~~~~~~~~~~~~~~~~~~~~~~~~~~~~~~~~~~~~~~~~~~~~~~~~~~~~~~~~~~~~~~~
staff.cpp:10253:71: warning: ‘%s’ directive writing up to 49151 bytes into a region of size 49133 [-Wformat-overflow=]
10253 |                 sprintf( query + strlen( query ), " AND command LIKE '%s'", command );
      |                                                                       ^~    ~~~~~~~
staff.cpp:10253:24: note: ‘sprintf’ output between 21 and 49172 bytes into a destination of size 49152
10253 |                 sprintf( query + strlen( query ), " AND command LIKE '%s'", command );
      |                 ~~~~~~~^~~~~~~~~~~~~~~~~~~~~~~~~~~~~~~~~~~~~~~~~~~~~~~~~~~~~~~~~~~~~~
staff.cpp:10317:73: warning: ‘%s’ directive writing up to 49151 bytes into a region of size 49116 [-Wformat-overflow=]
10317 |                 sprintf( buf, "#6Entries Matching Your Query:#0 %d%s\r\n%s", results, truncated ? " (truncated)" : "", output );
      |                                                                         ^~                                             ~~~~~~
staff.cpp:10317:24: note: ‘sprintf’ output 37 or more bytes (assuming 49188) into a destination of size 49152
10317 |                 sprintf( buf, "#6Entries Matching Your Query:#0 %d%s\r\n%s", results, truncated ? " (truncated)" : "", output );
      |                 ~~~~~~~^~~~~~~~~~~~~~~~~~~~~~~~~~~~~~~~~~~~~~~~~~~~~~~~~~~~~~~~~~~~~~~~~~~~~~~~~~~~~~~~~~~~~~~~~~~~~~~~~~~~~~~~
staff.cpp: In function ‘void charstat(CHAR_DATA*, char*, bool)’:
staff.cpp:2289:75: warning: ‘sprintf’ may write a terminating nul past the end of the destination [-Wformat-overflow=]
 2289 |                                         sprintf( buf + strlen( buf ), " %s", temp );
      |                                                                           ^
staff.cpp:2289:48: note: ‘sprintf’ output between 2 and 49153 bytes into a destination of size 49152
 2289 |                                         sprintf( buf + strlen( buf ), " %s", temp );
      |                                         ~~~~~~~^~~~~~~~~~~~~~~~~~~~~~~~~~~~~~~~~~~~
staff.cpp:2425:71: warning: ‘%s’ directive writing up to 49151 bytes into a region of size 49137 [-Wformat-overflow=]
 2425 |                         sprintf( buf + strlen( buf ), "#2Armours:#0   %s", buf2 );
      |                                                                       ^~   ~~~~
staff.cpp:2425:32: note: ‘sprintf’ output between 16 and 49167 bytes into a destination of size 49152
 2425 |                         sprintf( buf + strlen( buf ), "#2Armours:#0   %s", buf2 );
      |                         ~~~~~~~^~~~~~~~~~~~~~~~~~~~~~~~~~~~~~~~~~~~~~~~~~~~~~~~~~
staff.cpp:3507:53: warning: ‘%s’ directive writing up to 49151 bytes into a region of size 49131 [-Wformat-overflow=]
 3507 |                 sprintf( buf, "  #2Materials:#0    [%s\n\n", buf2 );
      |                                                     ^~       ~~~~
staff.cpp:3507:24: note: ‘sprintf’ output between 24 and 49175 bytes into a destination of size 49152
 3507 |                 sprintf( buf, "  #2Materials:#0    [%s\n\n", buf2 );
      |                 ~~~~~~~^~~~~~~~~~~~~~~~~~~~~~~~~~~~~~~~~~~~~~~~~~~~
staff.cpp: In function ‘void monitor_radio_freqs(CHAR_DATA*, char*)’:
staff.cpp:131:109: warning: ‘%s’ directive writing up to 49151 bytes into a region of size 49093 [-Wformat-overflow=]
  131 |                                 sprintf( buf2, "You are currently monitoring all radio frequencies except:\n%s\n\r", buf );
      |                                                                                                             ^~       ~~~
staff.cpp:131:40: note: ‘sprintf’ output between 62 and 49213 bytes into a destination of size 49152
  131 |                                 sprintf( buf2, "You are currently monitoring all radio frequencies except:\n%s\n\r", buf );
      |                                 ~~~~~~~^~~~~~~~~~~~~~~~~~~~~~~~~~~~~~~~~~~~~~~~~~~~~~~~~~~~~~~~~~~~~~~~~~~~~~~~~~~~~~~~~~~
staff.cpp:135:112: warning: ‘%s’ directive writing up to 49151 bytes into a region of size 49090 [-Wformat-overflow=]
  135 |                                 sprintf( buf2, "You are currently monitoring the following radio frequencies:\n%s\n\r", buf );
      |                                                                                                                ^~       ~~~
staff.cpp:135:40: note: ‘sprintf’ output between 65 and 49216 bytes into a destination of size 49152
  135 |                                 sprintf( buf2, "You are currently monitoring the following radio frequencies:\n%s\n\r", buf );
      |                                 ~~~~~~~^~~~~~~~~~~~~~~~~~~~~~~~~~~~~~~~~~~~~~~~~~~~~~~~~~~~~~~~~~~~~~~~~~~~~~~~~~~~~~~~~~~~~~
In file included from utility.cpp:17:
trigram.h:33:32: warning: narrowing conversion of ‘42687’ from ‘int’ to ‘short int’ is ill-formed in C++11 [-Wnarrowing]
   33 |   { 28961, 7368, 15001, 13849, 42687, 4924, 10338, 7808, 31448, 727, 3209,
      |                                ^~~~~
utility.cpp: In function ‘bool is_involved(CHAR_DATA*, CHAR_DATA*, int)’:
utility.cpp:206:49: warning: cast to pointer from integer of different size [-Wint-to-pointer-cast]
  206 |     if ((af = get_affect (ch, MAGIC_GUARD)) && ((CHAR_DATA *) af->a.spell.t) == ch_guard && ch->in_room == ch_guard->in_room)
      |                                                 ^~~~~~~~~~~~~~~~~~~~~~~~~~~
utility.cpp:230:63: warning: cast to pointer from integer of different size [-Wint-to-pointer-cast]
  230 |             if ((af = get_affect (ch_guard, MAGIC_GUARD)) && ((CHAR_DATA *) af->a.spell.t) == ch)
      |                                                               ^~~~~~~~~~~~~~~~~~~~~~~~~~~
utility.cpp:248:51: warning: cast to pointer from integer of different size [-Wint-to-pointer-cast]
  248 |     if ((xaf = get_affect (tch, MAGIC_GUARD)) && ((CHAR_DATA *) xaf->a.spell.t) == tch_guard && tch->in_room == tch_guard->in_room)
      |                                                   ^~~~~~~~~~~~~~~~~~~~~~~~~~~~
utility.cpp:271:65: warning: cast to pointer from integer of different size [-Wint-to-pointer-cast]
  271 |             if ((xaf = get_affect (tch_guard, MAGIC_GUARD)) && ((CHAR_DATA *) xaf->a.spell.t) == tch)
      |                                                                 ^~~~~~~~~~~~~~~~~~~~~~~~~~~~
utility.cpp:299:64: warning: cast to pointer from integer of different size [-Wint-to-pointer-cast]
  299 |             if ((xaf = get_affect (ch_guard, MAGIC_GUARD)) && ((CHAR_DATA *) xaf->a.spell.t) == ch)
      |                                                                ^~~~~~~~~~~~~~~~~~~~~~~~~~~~
utility.cpp:307:73: warning: cast to pointer from integer of different size [-Wint-to-pointer-cast]
  307 |                     if ((xaf = get_affect (tch_guard, MAGIC_GUARD)) && ((CHAR_DATA *) xaf->a.spell.t) == tch)
      |                                                                         ^~~~~~~~~~~~~~~~~~~~~~~~~~~~
utility.cpp: In function ‘char* keyword_gen(CHAR_DATA*, char*, int)’:
utility.cpp:624:12: warning: address of local variable ‘buf2’ returned [-Wreturn-local-addr]
  624 |     return buf2;
      |            ^~~~
utility.cpp:579:10: note: declared here
  579 |     char buf2[MAX_STRING_LENGTH] = {'\0'};
      |          ^~~~
utility.cpp: In function ‘char* generate_password(int, char**)’:
utility.cpp:903:22: warning: format not a string literal and no format arguments [-Wformat-security]
  903 |     sprintf (result, password); /* for pwnum */
      |                      ^~~~~~~~
utility.cpp: In function ‘int get_eval_token(char**, int*, int*)’:
utility.cpp:1188:10: warning: variable ‘tmp’ set but not used [-Wunused-but-set-variable]
 1188 |     char tmp[MAX_INPUT_LENGTH];
      |          ^~~
utility.cpp: In function ‘int eval_cap(CHAR_DATA*, char*)’:
utility.cpp:1354:37: warning: variable ‘tertiary’ set but not used [-Wunused-but-set-variable]
 1354 |     int primary = 0, secondary = 0, tertiary = 0, cap = 0;
      |                                     ^~~~~~~~
utility.cpp: In function ‘void print_mem_stats(CHAR_DATA*)’:
utility.cpp:1451:58: warning: format ‘%d’ expects argument of type ‘int’, but argument 4 has type ‘long int’ [-Wformat=]
 1451 |     sprintf (buf, "Bytes allocated:  %d  Internal free: %d", bytes_allocated,
      |                                                         ~^
      |                                                          |
      |                                                          int
      |                                                         %ld
 1452 |              memory_top - memory_next);
      |              ~~~~~~~~~~~~~~~~~~~~~~~~                     
      |                         |
      |                         long int
utility.cpp: In function ‘int get_trust(CHAR_DATA*)’:
utility.cpp:1881:5: warning: this ‘if’ clause does not guard... [-Wmisleading-indentation]
 1881 |     if (!ch || !ch->descr() || IS_SET (ch->flags, FLAG_GUEST))
      |     ^~
utility.cpp:1885:9: note: ...this statement, but the latter is misleadingly indented as if it were guarded by the ‘if’
 1885 |         if (ch->descr()->original)
      |         ^~
utility.cpp: In function ‘int could_see(CHAR_DATA*, CHAR_DATA*)’:
utility.cpp:2613:5: warning: this ‘if’ clause does not guard... [-Wmisleading-indentation]
 2613 |     if (ch->room == target->room)
      |     ^~
utility.cpp:2616:9: note: ...this statement, but the latter is misleadingly indented as if it were guarded by the ‘if’
 2616 |         ROOM_DATA *temp_room = NULL;
      |         ^~~~~~~~~
utility.cpp: In function ‘int could_see_obj(CHAR_DATA*, OBJ_DATA*)’:
utility.cpp:2666:5: warning: this ‘if’ clause does not guard... [-Wmisleading-indentation]
 2666 |     if (ch->in_room == obj->in_room || !obj->in_room || obj->in_room == -1)
      |     ^~
utility.cpp:2669:9: note: ...this statement, but the latter is misleadingly indented as if it were guarded by the ‘if’
 2669 |         ROOM_DATA *temp_room = NULL;
      |         ^~~~~~~~~
utility.cpp: In function ‘char* swap_xmote_target(CHAR_DATA*, char*, int)’:
utility.cpp:4089:13: warning: value computed is not used [-Wunused-value]
 4089 |             *(argument++);             //move to the next character so !(*argument=='\"') evaluates as true.
      |             ^~~~~~~~~~~~~
utility.cpp:3973:10: warning: variable ‘tochar’ set but not used [-Wunused-but-set-variable]
 3973 |     bool tochar = false;
      |          ^~~~~~
utility.cpp:3977:11: warning: variable ‘temp’ set but not used [-Wunused-but-set-variable]
 3977 |     char *temp = NULL;
      |           ^~~~
utility.cpp: In function ‘void* alloc(int, int)’:
utility.cpp:1692:13: warning: ‘char* strncpy(char*, const char*, size_t)’ output truncated before terminating nul copying 4 bytes from a string of the same length [-Wstringop-truncation]
 1692 |     strncpy (p, "ZZZZ", 4);
      |     ~~~~~~~~^~~~~~~~~~~~~~
utility.cpp: In function ‘char* obj_short_desc(OBJ_DATA*)’:
utility.cpp:2941:42: warning: ‘ muddy’ directive writing 6 bytes into a region of size between 1 and 49152 [-Wformat-overflow=]
 2941 |                 sprintf (description, "%s muddy%s %s", buf, (buf2[strlen(buf2) -1] == ',' ? "," : ""), argument);
      |                                          ^~~~~~
utility.cpp:2941:25: note: ‘sprintf’ output 8 or more bytes (assuming 49159) into a destination of size 49152
 2941 |                 sprintf (description, "%s muddy%s %s", buf, (buf2[strlen(buf2) -1] == ',' ? "," : ""), argument);
      |                 ~~~~~~~~^~~~~~~~~~~~~~~~~~~~~~~~~~~~~~~~~~~~~~~~~~~~~~~~~~~~~~~~~~~~~~~~~~~~~~~~~~~~~~~~~~~~~~~~
utility.cpp:2945:47: warning: ‘ ’ directive writing 1 byte into a region of size between 0 and 49151 [-Wformat-overflow=]
 2945 |                 sprintf (description, "%s %s%s %s", buf, enviro_desc[highest][tier], (buf2[strlen(buf2) -1] == ',' ? "," : ""), argument);
      |                                               ^
utility.cpp:2945:25: note: ‘sprintf’ output 3 or more bytes (assuming 49154) into a destination of size 49152
 2945 |                 sprintf (description, "%s %s%s %s", buf, enviro_desc[highest][tier], (buf2[strlen(buf2) -1] == ',' ? "," : ""), argument);
      |                 ~~~~~~~~^~~~~~~~~~~~~~~~~~~~~~~~~~~~~~~~~~~~~~~~~~~~~~~~~~~~~~~~~~~~~~~~~~~~~~~~~~~~~~~~~~~~~~~~~~~~~~~~~~~~~~~~~~~~~~~~~
utility.cpp:3010:39: warning: ‘ ’ directive writing 1 byte into a region of size between 0 and 49151 [-Wformat-overflow=]
 3010 |         sprintf (description, "%s %s%s %s", buf, dec_short[obj->dec_short], (buf2[strlen(buf2) -1] == ',' ? "," : ""), argument);
      |                                       ^
utility.cpp:3010:17: note: ‘sprintf’ output 3 or more bytes (assuming 49154) into a destination of size 49152
 3010 |         sprintf (description, "%s %s%s %s", buf, dec_short[obj->dec_short], (buf2[strlen(buf2) -1] == ',' ? "," : ""), argument);
      |         ~~~~~~~~^~~~~~~~~~~~~~~~~~~~~~~~~~~~~~~~~~~~~~~~~~~~~~~~~~~~~~~~~~~~~~~~~~~~~~~~~~~~~~~~~~~~~~~~~~~~~~~~~~~~~~~~~~~~~~~~
utility.cpp:2983:38: warning: ‘ ruined’ directive writing 7 bytes into a region of size between 1 and 49152 [-Wformat-overflow=]
 2983 |             sprintf (description, "%s ruined%s %s", buf, (buf2[strlen(buf2) -1] == ',' ? "," : ""), argument);
      |                                      ^~~~~~~
utility.cpp:2983:21: note: ‘sprintf’ output 9 or more bytes (assuming 49160) into a destination of size 49152
 2983 |             sprintf (description, "%s ruined%s %s", buf, (buf2[strlen(buf2) -1] == ',' ? "," : ""), argument);
      |             ~~~~~~~~^~~~~~~~~~~~~~~~~~~~~~~~~~~~~~~~~~~~~~~~~~~~~~~~~~~~~~~~~~~~~~~~~~~~~~~~~~~~~~~~~~~~~~~~~
utility.cpp:2979:38: warning: ‘ damaged’ directive writing 8 bytes into a region of size between 1 and 49152 [-Wformat-overflow=]
 2979 |             sprintf (description, "%s damaged%s %s", buf, (buf2[strlen(buf2) -1] == ',' ? "," : ""), argument);
      |                                      ^~~~~~~~
utility.cpp:2979:21: note: ‘sprintf’ output 10 or more bytes (assuming 49161) into a destination of size 49152
 2979 |             sprintf (description, "%s damaged%s %s", buf, (buf2[strlen(buf2) -1] == ',' ? "," : ""), argument);
      |             ~~~~~~~~^~~~~~~~~~~~~~~~~~~~~~~~~~~~~~~~~~~~~~~~~~~~~~~~~~~~~~~~~~~~~~~~~~~~~~~~~~~~~~~~~~~~~~~~~~
utility.cpp:2975:38: warning: ‘ worn’ directive writing 5 bytes into a region of size between 1 and 49152 [-Wformat-overflow=]
 2975 |             sprintf (description, "%s worn%s %s", buf, (buf2[strlen(buf2) -1] == ',' ? "," : ""), argument);
      |                                      ^~~~~
utility.cpp:2975:21: note: ‘sprintf’ output 7 or more bytes (assuming 49158) into a destination of size 49152
 2975 |             sprintf (description, "%s worn%s %s", buf, (buf2[strlen(buf2) -1] == ',' ? "," : ""), argument);
      |             ~~~~~~~~^~~~~~~~~~~~~~~~~~~~~~~~~~~~~~~~~~~~~~~~~~~~~~~~~~~~~~~~~~~~~~~~~~~~~~~~~~~~~~~~~~~~~~~
utility.cpp: In function ‘char* swap_xmote_target(CHAR_DATA*, char*, int)’:
utility.cpp:4154:26: warning: ‘%s’ directive writing up to 49151 bytes into a region of size 49150 [-Wformat-overflow=]
 4154 |         sprintf (buf, "#0%s", copy);// need to add #0 here to reset colors depending on call
      |                          ^~   ~~~~
utility.cpp:4154:17: note: ‘sprintf’ output between 3 and 49154 bytes into a destination of size 49152
 4154 |         sprintf (buf, "#0%s", copy);// need to add #0 here to reset colors depending on call
      |         ~~~~~~~~^~~~~~~~~~~~~~~~~~~
utility.cpp:4135:39: warning: ‘%s’ directive writing up to 49151 bytes into a region of size 49147 [-Wformat-overflow=]
 4135 |                 sprintf (buf, "#5%s#0 %s", char_short (ch), copy);
      |                                       ^~                    ~~~~
utility.cpp:4135:25: note: ‘sprintf’ output 6 or more bytes (assuming 49157) into a destination of size 49152
 4135 |                 sprintf (buf, "#5%s#0 %s", char_short (ch), copy);
      |                 ~~~~~~~~^~~~~~~~~~~~~~~~~~~~~~~~~~~~~~~~~~~~~~~~~
utility.cpp:4115:38: warning: ‘%s’ directive writing up to 49151 bytes into a region of size 49148 [-Wformat-overflow=]
 4115 |                 sprintf (buf, "#5%s#0%s", char_short (ch), copy);
      |                                      ^~                    ~~~~
utility.cpp:4115:25: note: ‘sprintf’ output 5 or more bytes (assuming 49156) into a destination of size 49152
 4115 |                 sprintf (buf, "#5%s#0%s", char_short (ch), copy);
      |                 ~~~~~~~~^~~~~~~~~~~~~~~~~~~~~~~~~~~~~~~~~~~~~~~~
utility.cpp:4062:39: warning: ‘%s’ directive writing up to 49151 bytes into a region of size 49145 [-Wformat-overflow=]
 4062 |                 sprintf (buf, "Who is %s?\n", key);
      |                                       ^~      ~~~
utility.cpp:4062:25: note: ‘sprintf’ output between 10 and 49161 bytes into a destination of size 49152
 4062 |                 sprintf (buf, "Who is %s?\n", key);
      |                 ~~~~~~~~^~~~~~~~~~~~~~~~~~~~~~~~~~
utility.cpp:4025:44: warning: ‘%s’ directive writing up to 49151 bytes into a region of size 49140 [-Wformat-overflow=]
 4025 |                 sprintf (buf, "I don't see %s here.\n", key);
      |                                            ^~           ~~~
utility.cpp:4025:25: note: ‘sprintf’ output between 20 and 49171 bytes into a destination of size 49152
 4025 |                 sprintf (buf, "I don't see %s here.\n", key);
      |                 ~~~~~~~~^~~~~~~~~~~~~~~~~~~~~~~~~~~~~~~~~~~~
g++ -Wno-write-strings  -c -march=native  -ggdb -DLINUX -Wall -fpermissive -std=gnu++98 weather.cpp 
weather.cpp:918:10: warning: "/*" within comment [-Wcomment]
  918 |          /*
      |           
weather.cpp:1075:9: warning: "/*" within comment [-Wcomment]
 1075 |         /*
      |          
weather.cpp: In function ‘void weather(int, int, int)’:
weather.cpp:221:9: warning: unused variable ‘temp_base’ [-Wunused-variable]
  221 |     int temp_base = 20;
      |         ^~~~~~~~~
weather.cpp:222:9: warning: unused variable ‘temp_max’ [-Wunused-variable]
  222 |     int temp_max = 100;
      |         ^~~~~~~~
weather.cpp: In function ‘char* short_time_string(int, int)’:
weather.cpp:1617:10: warning: unused variable ‘buf2’ [-Wunused-variable]
 1617 |     char buf2[MAX_STRING_LENGTH] = { '\0' };
      |          ^~~~
weather.cpp:1618:10: warning: unused variable ‘buf3’ [-Wunused-variable]
 1618 |     char buf3[MAX_STRING_LENGTH] = { '\0' };
      |          ^~~~
weather.cpp:1619:14: warning: unused variable ‘buf4’ [-Wunused-variable]
 1619 |         char buf4[MAX_STRING_LENGTH] = { '\0' };
      |              ^~~~
weather.cpp: In function ‘void weather(int, int, int)’:
weather.cpp:546:77: warning: ‘%s’ directive writing up to 49151 bytes into a region of size 49108 [-Wformat-overflow=]
  546 |                                "The winds grow fierce, building into a mild %s.\n\r",
      |                                                                             ^~
  547 |                                storm);
      |                                ~~~~~                                         
weather.cpp:545:31: note: ‘sprintf’ output between 48 and 49199 bytes into a destination of size 49152
  545 |                       sprintf (buf,
      |                       ~~~~~~~~^~~~~
  546 |                                "The winds grow fierce, building into a mild %s.\n\r",
      |                                ~~~~~~~~~~~~~~~~~~~~~~~~~~~~~~~~~~~~~~~~~~~~~~~~~~~~~~
  547 |                                storm);
      |                                ~~~~~~
weather.cpp:556:67: warning: ‘%s’ directive writing up to 49151 bytes into a region of size 49114 [-Wformat-overflow=]
  556 |                            "The winds begin to rage, and a fierce %s is born.\n\r",
      |                                                                   ^~
  557 |                            storm);
      |                            ~~~~~                                   
weather.cpp:555:27: note: ‘sprintf’ output between 50 and 49201 bytes into a destination of size 49152
  555 |                   sprintf (buf,
      |                   ~~~~~~~~^~~~~
  556 |                            "The winds begin to rage, and a fierce %s is born.\n\r",
      |                            ~~~~~~~~~~~~~~~~~~~~~~~~~~~~~~~~~~~~~~~~~~~~~~~~~~~~~~~~
  557 |                            storm);
      |                            ~~~~~~
g++ -Wno-write-strings  -c -march=native  -ggdb -DLINUX -Wall -fpermissive -std=gnu++98 wounds.cpp 
wounds.cpp: In function ‘char* expand_wound_loc(char*)’:
wounds.cpp:2810:17: warning: format not a string literal and no format arguments [-Wformat-security]
 2810 |         sprintf (buf, location);
      |         ~~~~~~~~^~~~~~~~~~~~~~~
wounds.cpp: In function ‘void do_diagnose(CHAR_DATA*, char*, int)’:
wounds.cpp:3548:24: warning: format not a string literal and no format arguments [-Wformat-security]
 3548 |                 sprintf(buf, strip_small_minor(buf, ch));
      |                 ~~~~~~~^~~~~~~~~~~~~~~~~~~~~~~~~~~~~~~~~
wounds.cpp: In function ‘char* figure_location(CHAR_DATA*, int)’:
wounds.cpp:4173:25: warning: format not a string literal and no format arguments [-Wformat-security]
 4173 |                 sprintf (loc, test.c_str());
      |                 ~~~~~~~~^~~~~~~~~~~~~~~~~~~
wounds.cpp:4179:25: warning: format not a string literal and no format arguments [-Wformat-security]
 4179 |                 sprintf (loc, test.c_str());
      |                 ~~~~~~~~^~~~~~~~~~~~~~~~~~~
wounds.cpp:4201:25: warning: format not a string literal and no format arguments [-Wformat-security]
 4201 |                 sprintf (loc, test.c_str());
      |                 ~~~~~~~~^~~~~~~~~~~~~~~~~~~
wounds.cpp:4207:25: warning: format not a string literal and no format arguments [-Wformat-security]
 4207 |                 sprintf (loc, test.c_str());
      |                 ~~~~~~~~^~~~~~~~~~~~~~~~~~~
wounds.cpp:4230:25: warning: format not a string literal and no format arguments [-Wformat-security]
 4230 |                 sprintf (loc, test.c_str());
      |                 ~~~~~~~~^~~~~~~~~~~~~~~~~~~
wounds.cpp:4236:25: warning: format not a string literal and no format arguments [-Wformat-security]
 4236 |                 sprintf (loc, test.c_str());
      |                 ~~~~~~~~^~~~~~~~~~~~~~~~~~~
wounds.cpp:4261:25: warning: format not a string literal and no format arguments [-Wformat-security]
 4261 |                 sprintf (loc, test.c_str());
      |                 ~~~~~~~~^~~~~~~~~~~~~~~~~~~
wounds.cpp:4267:25: warning: format not a string literal and no format arguments [-Wformat-security]
 4267 |                 sprintf (loc, test.c_str());
      |                 ~~~~~~~~^~~~~~~~~~~~~~~~~~~
wounds.cpp:4292:25: warning: format not a string literal and no format arguments [-Wformat-security]
 4292 |                 sprintf (loc, test.c_str());
      |                 ~~~~~~~~^~~~~~~~~~~~~~~~~~~
wounds.cpp:4298:25: warning: format not a string literal and no format arguments [-Wformat-security]
 4298 |                 sprintf (loc, test.c_str());
      |                 ~~~~~~~~^~~~~~~~~~~~~~~~~~~
wounds.cpp:4319:25: warning: format not a string literal and no format arguments [-Wformat-security]
 4319 |                 sprintf (loc, test.c_str());
      |                 ~~~~~~~~^~~~~~~~~~~~~~~~~~~
wounds.cpp:4325:25: warning: format not a string literal and no format arguments [-Wformat-security]
 4325 |                 sprintf (loc, test.c_str());
      |                 ~~~~~~~~^~~~~~~~~~~~~~~~~~~
wounds.cpp: In function ‘void char__do_bind(CHAR_DATA*, char*, int)’:
wounds.cpp:4689:32: warning: cast to pointer from integer of different size [-Wint-to-pointer-cast]
 4689 |     if (cmd && (pTargetActor = (CHAR_DATA *)cmd))
      |                                ^~~~~~~~~~~~~~~~
wounds.cpp: In function ‘void npc_treatment(CHAR_DATA*, CHAR_DATA*, char*)’:
wounds.cpp:2308:36: warning: ‘%s’ directive writing up to 49151 bytes into a region of size 49144 [-Wformat-overflow=]
 2308 |             sprintf (buf, "whisper %s That wound has already been treated.",
      |                                    ^~
 2309 |                      buf2);
      |                      ~~~~           
wounds.cpp:2308:21: note: ‘sprintf’ output between 46 and 49197 bytes into a destination of size 49152
 2308 |             sprintf (buf, "whisper %s That wound has already been treated.",
      |             ~~~~~~~~^~~~~~~~~~~~~~~~~~~~~~~~~~~~~~~~~~~~~~~~~~~~~~~~~~~~~~~~
 2309 |                      buf2);
      |                      ~~~~~
wounds.cpp:2301:36: warning: ‘%s’ directive writing up to 49151 bytes into a region of size 49144 [-Wformat-overflow=]
 2301 |             sprintf (buf, "whisper %s I don't see a wound there to treat.",
      |                                    ^~
 2302 |                      buf2);
      |                      ~~~~           
wounds.cpp:2301:21: note: ‘sprintf’ output between 45 and 49196 bytes into a destination of size 49152
 2301 |             sprintf (buf, "whisper %s I don't see a wound there to treat.",
      |             ~~~~~~~~^~~~~~~~~~~~~~~~~~~~~~~~~~~~~~~~~~~~~~~~~~~~~~~~~~~~~~~
 2302 |                      buf2);
      |                      ~~~~~
wounds.cpp:2345:32: warning: ‘%s’ directive writing up to 49151 bytes into a region of size 49144 [-Wformat-overflow=]
 2345 |         sprintf (buf, "whisper %s There is no cost to you for this treatment.",
      |                                ^~
 2346 |                  buf2);
      |                  ~~~~           
wounds.cpp:2345:17: note: ‘sprintf’ output between 53 and 49204 bytes into a destination of size 49152
 2345 |         sprintf (buf, "whisper %s There is no cost to you for this treatment.",
      |         ~~~~~~~~^~~~~~~~~~~~~~~~~~~~~~~~~~~~~~~~~~~~~~~~~~~~~~~~~~~~~~~~~~~~~~~
 2346 |                  buf2);
      |                  ~~~~~
wounds.cpp:2332:30: warning: ‘ You seem to be a little sho...’ directive writing 42 bytes into a region of size between 1 and 49152 [-Wformat-overflow=]
 2332 |             sprintf (buf, "%s You seem to be a little short on coppers.", buf2);
      |                              ^~~~~~~~~~~~~~~~~~~~~~~~~~~~~~~~~~~~~~~~~~
wounds.cpp:2332:21: note: ‘sprintf’ output between 43 and 49194 bytes into a destination of size 49152
 2332 |             sprintf (buf, "%s You seem to be a little short on coppers.", buf2);
      |             ~~~~~~~~^~~~~~~~~~~~~~~~~~~~~~~~~~~~~~~~~~~~~~~~~~~~~~~~~~~~~~~~~~~
wounds.cpp:2321:27: warning: ‘%s’ directive writing up to 49151 bytes into a region of size 49144 [-Wformat-overflow=]
 2321 |                  "whisper %s All your wounds have been taken care of - there's nothing I can do.",
      |                           ^~
 2322 |                  buf2);
      |                  ~~~~      
wounds.cpp:2320:17: note: ‘sprintf’ output between 77 and 49228 bytes into a destination of size 49152
 2320 |         sprintf (buf,
      |         ~~~~~~~~^~~~~
 2321 |                  "whisper %s All your wounds have been taken care of - there's nothing I can do.",
      |                  ~~~~~~~~~~~~~~~~~~~~~~~~~~~~~~~~~~~~~~~~~~~~~~~~~~~~~~~~~~~~~~~~~~~~~~~~~~~~~~~~~
 2322 |                  buf2);
      |                  ~~~~~
wounds.cpp:2238:40: warning: ‘%s’ directive writing up to 49151 bytes into a region of size 49144 [-Wformat-overflow=]
 2238 |                 sprintf (buf, "whisper %s That wound has already been treated.",
      |                                        ^~
 2239 |                          buf2);
      |                          ~~~~           
wounds.cpp:2238:25: note: ‘sprintf’ output between 46 and 49197 bytes into a destination of size 49152
 2238 |                 sprintf (buf, "whisper %s That wound has already been treated.",
      |                 ~~~~~~~~^~~~~~~~~~~~~~~~~~~~~~~~~~~~~~~~~~~~~~~~~~~~~~~~~~~~~~~~
 2239 |                          buf2);
      |                          ~~~~~
wounds.cpp:2231:40: warning: ‘%s’ directive writing up to 49151 bytes into a region of size 49144 [-Wformat-overflow=]
 2231 |                 sprintf (buf, "whisper %s I don't see a wound there to treat.",
      |                                        ^~
 2232 |                          buf2);
      |                          ~~~~           
wounds.cpp:2231:25: note: ‘sprintf’ output between 45 and 49196 bytes into a destination of size 49152
 2231 |                 sprintf (buf, "whisper %s I don't see a wound there to treat.",
      |                 ~~~~~~~~^~~~~~~~~~~~~~~~~~~~~~~~~~~~~~~~~~~~~~~~~~~~~~~~~~~~~~~
 2232 |                          buf2);
      |                          ~~~~~
wounds.cpp:2258:27: warning: ‘%s’ directive writing up to 49151 bytes into a region of size 49144 [-Wformat-overflow=]
 2258 |                  "whisper %s I'll get you taken care of for a total of %d coppers.",
      |                           ^~
 2259 |                  buf2, (int) cost);
      |                  ~~~~      
wounds.cpp:2257:17: note: ‘sprintf’ output between 62 and 49223 bytes into a destination of size 49152
 2257 |         sprintf (buf,
      |         ~~~~~~~~^~~~~
 2258 |                  "whisper %s I'll get you taken care of for a total of %d coppers.",
      |                  ~~~~~~~~~~~~~~~~~~~~~~~~~~~~~~~~~~~~~~~~~~~~~~~~~~~~~~~~~~~~~~~~~~~
 2259 |                  buf2, (int) cost);
      |                  ~~~~~~~~~~~~~~~~~
wounds.cpp:2251:31: warning: ‘%s’ directive writing up to 49151 bytes into a region of size 49144 [-Wformat-overflow=]
 2251 |                      "whisper %s All your wounds have been taken care of - there's nothing I can do.",
      |                               ^~
 2252 |                      buf2);
      |                      ~~~~      
wounds.cpp:2250:21: note: ‘sprintf’ output between 77 and 49228 bytes into a destination of size 49152
 2250 |             sprintf (buf,
      |             ~~~~~~~~^~~~~
 2251 |                      "whisper %s All your wounds have been taken care of - there's nothing I can do.",
      |                      ~~~~~~~~~~~~~~~~~~~~~~~~~~~~~~~~~~~~~~~~~~~~~~~~~~~~~~~~~~~~~~~~~~~~~~~~~~~~~~~~~
 2252 |                      buf2);
      |                      ~~~~~
wounds.cpp:2179:32: warning: ‘%s’ directive writing up to 49151 bytes into a region of size 49144 [-Wformat-overflow=]
 2179 |         sprintf (buf, "whisper %s I don't see any wounds on you to treat!",
      |                                ^~
 2180 |                  buf2);
      |                  ~~~~           
wounds.cpp:2179:17: note: ‘sprintf’ output between 49 and 49200 bytes into a destination of size 49152
 2179 |         sprintf (buf, "whisper %s I don't see any wounds on you to treat!",
      |         ~~~~~~~~^~~~~~~~~~~~~~~~~~~~~~~~~~~~~~~~~~~~~~~~~~~~~~~~~~~~~~~~~~~
 2180 |                  buf2);
      |                  ~~~~~
wounds.cpp: In function ‘void do_diagnose(CHAR_DATA*, char*, int)’:
wounds.cpp:3471:26: warning: ‘%s’ directive writing up to 49151 bytes into a region of size 49150 [-Wformat-overflow=]
 3471 |         sprintf (buf, "#5%s", buf2);
      |                          ^~   ~~~~
wounds.cpp:3471:17: note: ‘sprintf’ output between 3 and 49154 bytes into a destination of size 49152
 3471 |         sprintf (buf, "#5%s", buf2);
      |         ~~~~~~~~^~~~~~~~~~~~~~~~~~~
wounds.cpp:3608:52: warning: ‘%s’ directive writing up to 49151 bytes into a region of size 49147 [-Wformat-overflow=]
 3608 |                 sprintf (buf + strlen (buf), " and %s.#0", buf2);
      |                                                    ^~      ~~~~
wounds.cpp:3608:25: note: ‘sprintf’ output between 9 and 49160 bytes into a destination of size 49152
 3608 |                 sprintf (buf + strlen (buf), " and %s.#0", buf2);
      |                 ~~~~~~~~^~~~~~~~~~~~~~~~~~~~~~~~~~~~~~~~~~~~~~~~
wounds.cpp:3589:57: warning: ‘%s’ directive writing up to 49151 bytes into a region of size 49150 [-Wformat-overflow=]
 3589 |                         sprintf (buf + strlen (buf), ", %s", buf2);
      |                                                         ^~   ~~~~
wounds.cpp:3589:33: note: ‘sprintf’ output between 3 and 49154 bytes into a destination of size 49152
 3589 |                         sprintf (buf + strlen (buf), ", %s", buf2);
      |                         ~~~~~~~~^~~~~~~~~~~~~~~~~~~~~~~~~~~~~~~~~~
wounds.cpp: In function ‘int wound_to_char(CHAR_DATA*, char*, int, int, int, int, int)’:
wounds.cpp:1202:56: warning: ‘%s’ directive writing up to 49151 bytes into a region of size 49140 [-Wformat-overflow=]
 1202 |                             sprintf (buf, "The head of %s rests here.", buf2);
      |                                                        ^~               ~~~~
wounds.cpp:1202:37: note: ‘sprintf’ output between 25 and 49176 bytes into a destination of size 49152
 1202 |                             sprintf (buf, "The head of %s rests here.", buf2);
      |                             ~~~~~~~~^~~~~~~~~~~~~~~~~~~~~~~~~~~~~~~~~~~~~~~~~
wounds.cpp:1204:56: warning: ‘%s’ directive writing up to 49151 bytes into a region of size 49140 [-Wformat-overflow=]
 1204 |                             sprintf (buf, "the head of %s", buf2);
      |                                                        ^~   ~~~~
wounds.cpp:1204:37: note: ‘sprintf’ output between 13 and 49164 bytes into a destination of size 49152
 1204 |                             sprintf (buf, "the head of %s", buf2);
      |                             ~~~~~~~~^~~~~~~~~~~~~~~~~~~~~~~~~~~~~
g++ -Wno-write-strings  -c -march=native  -ggdb -DLINUX -Wall -fpermissive -std=gnu++98 traps.cpp 
traps.cpp: In function ‘int trap_component_affect(CHAR_DATA*, OBJ_DATA*)’:
traps.cpp:171:19: warning: unused variable ‘armor’ [-Wunused-variable]
  171 |         OBJ_DATA *armor = NULL;
      |                   ^~~~~
traps.cpp: In function ‘void trap_assemble(CHAR_DATA*, char*, int)’:
traps.cpp:488:17: warning: suggest parentheses around assignment used as truth value [-Wparentheses]
  488 |         if (dir = lookup_dir(arg) >= 0)
      |             ~~~~^~~~~~~~~~~~~~~~~~~~~~
traps.cpp: In function ‘void delayed_trap_assemble2(CHAR_DATA*)’:
traps.cpp:871:26: warning: cast to pointer from integer of different size [-Wint-to-pointer-cast]
  871 |         if (!(com_trig = (OBJ_DATA *) ch->delay_info1))
      |                          ^~~~~~~~~~~~~~~~~~~~~~~~~~~~
traps.cpp:917:30: warning: cast to pointer from integer of different size [-Wint-to-pointer-cast]
  917 |         else if (!(com_one = (OBJ_DATA *) ch->delay_info2))
      |                              ^~~~~~~~~~~~~~~~~~~~~~~~~~~~
traps.cpp:946:30: warning: cast to pointer from integer of different size [-Wint-to-pointer-cast]
  946 |         else if (!(com_two = (OBJ_DATA *) ch->delay_info3))
      |                              ^~~~~~~~~~~~~~~~~~~~~~~~~~~~
traps.cpp:975:32: warning: cast to pointer from integer of different size [-Wint-to-pointer-cast]
  975 |         else if (!(com_three = (OBJ_DATA *) ch->delay_info4))
      |                                ^~~~~~~~~~~~~~~~~~~~~~~~~~~~
traps.cpp:1020:9: warning: this ‘if’ clause does not guard... [-Wmisleading-indentation]
 1020 |         if (com_trig)
      |         ^~
traps.cpp:1028:17: note: ...this statement, but the latter is misleadingly indented as if it were guarded by the ‘if’
 1028 |                 if (com_one)
      |                 ^~
traps.cpp:1028:17: warning: this ‘if’ clause does not guard... [-Wmisleading-indentation]
traps.cpp:1036:25: note: ...this statement, but the latter is misleadingly indented as if it were guarded by the ‘if’
 1036 |                         if (com_two)
      |                         ^~
traps.cpp:1036:25: warning: this ‘if’ clause does not guard... [-Wmisleading-indentation]
traps.cpp:1044:33: note: ...this statement, but the latter is misleadingly indented as if it were guarded by the ‘if’
 1044 |                                 if (com_three)
      |                                 ^~
traps.cpp:1044:33: warning: this ‘if’ clause does not guard... [-Wmisleading-indentation]
traps.cpp:1054:41: note: ...this statement, but the latter is misleadingly indented as if it were guarded by the ‘if’
 1054 |                                         if (!(skill = ch->skills[SKILL_HUNTING]))
      |                                         ^~
traps.cpp: In function ‘int trap_enact(CHAR_DATA*, OBJ_DATA*, int, OBJ_DATA*)’:
traps.cpp:2270:17: warning: this ‘for’ clause does not guard... [-Wmisleading-indentation]
 2270 |                 for (door = 0; door <= 5; door++)
      |                 ^~~
traps.cpp:2281:25: note: ...this statement, but the latter is misleadingly indented as if it were guarded by the ‘for’
 2281 |                         i = 0;
      |                         ^
traps.cpp: In function ‘void trap_assemble(CHAR_DATA*, char*, int)’:
traps.cpp:498:48: warning: ‘%s’ directive writing up to 49151 bytes into a region of size 49136 [-Wformat-overflow=]
  498 |                 sprintf (buf, "You don't see #2%s#0 here.", arg);
      |                                                ^~           ~~~
traps.cpp:498:25: note: ‘sprintf’ output between 25 and 49176 bytes into a destination of size 49152
  498 |                 sprintf (buf, "You don't see #2%s#0 here.", arg);
      |                 ~~~~~~~~^~~~~~~~~~~~~~~~~~~~~~~~~~~~~~~~~~~~~~~~
traps.cpp:569:48: warning: ‘%s’ directive writing up to 49151 bytes into a region of size 49136 [-Wformat-overflow=]
  569 |                 sprintf (buf, "You don't see #2%s#0 in the room here.", arg3);
      |                                                ^~                       ~~~~
traps.cpp:569:25: note: ‘sprintf’ output between 37 and 49188 bytes into a destination of size 49152
  569 |                 sprintf (buf, "You don't see #2%s#0 in the room here.", arg3);
      |                 ~~~~~~~~^~~~~~~~~~~~~~~~~~~~~~~~~~~~~~~~~~~~~~~~~~~~~~~~~~~~~
traps.cpp:598:48: warning: ‘%s’ directive writing up to 49151 bytes into a region of size 49136 [-Wformat-overflow=]
  598 |                 sprintf (buf, "You don't see #2%s#0 in the room here.", arg4);
      |                                                ^~                       ~~~~
traps.cpp:598:25: note: ‘sprintf’ output between 37 and 49188 bytes into a destination of size 49152
  598 |                 sprintf (buf, "You don't see #2%s#0 in the room here.", arg4);
      |                 ~~~~~~~~^~~~~~~~~~~~~~~~~~~~~~~~~~~~~~~~~~~~~~~~~~~~~~~~~~~~~
traps.cpp:627:48: warning: ‘%s’ directive writing up to 49151 bytes into a region of size 49136 [-Wformat-overflow=]
  627 |                 sprintf (buf, "You don't see #2%s#0 in the room here.", arg5);
      |                                                ^~                       ~~~~
traps.cpp:627:25: note: ‘sprintf’ output between 37 and 49188 bytes into a destination of size 49152
  627 |                 sprintf (buf, "You don't see #2%s#0 in the room here.", arg5);
      |                 ~~~~~~~~^~~~~~~~~~~~~~~~~~~~~~~~~~~~~~~~~~~~~~~~~~~~~~~~~~~~~
traps.cpp:526:48: warning: ‘%s’ directive writing up to 49151 bytes into a region of size 49136 [-Wformat-overflow=]
  526 |                 sprintf (buf, "You don't see #2%s#0 in the room here.", arg2);
      |                                                ^~                       ~~~~
traps.cpp:526:25: note: ‘sprintf’ output between 37 and 49188 bytes into a destination of size 49152
  526 |                 sprintf (buf, "You don't see #2%s#0 in the room here.", arg2);
      |                 ~~~~~~~~^~~~~~~~~~~~~~~~~~~~~~~~~~~~~~~~~~~~~~~~~~~~~~~~~~~~~
traps.cpp: In function ‘void trap_disassemble(CHAR_DATA*, char*, int)’:
traps.cpp:1684:48: warning: ‘%s’ directive writing up to 49151 bytes into a region of size 49136 [-Wformat-overflow=]
 1684 |                 sprintf (buf, "You don't see #2%s#0 in the room here.", arg);
      |                                                ^~                       ~~~
traps.cpp:1684:25: note: ‘sprintf’ output between 37 and 49188 bytes into a destination of size 49152
 1684 |                 sprintf (buf, "You don't see #2%s#0 in the room here.", arg);
      |                 ~~~~~~~~^~~~~~~~~~~~~~~~~~~~~~~~~~~~~~~~~~~~~~~~~~~~~~~~~~~~
traps.cpp: In function ‘int trap_enact(CHAR_DATA*, OBJ_DATA*, int, OBJ_DATA*)’:
traps.cpp:2182:90: warning: ‘%s’ directive writing up to 255 bytes into a region of size 251 [-Wformat-overflow=]
 2182 |                                                 sprintf(tbuf[5] + strlen(tbuf[5]), " and %s", tbuf[j]);
      |                                                                                          ^~
traps.cpp:2182:56: note: ‘sprintf’ output between 6 and 261 bytes into a destination of size 256
 2182 |                                                 sprintf(tbuf[5] + strlen(tbuf[5]), " and %s", tbuf[j]);
      |                                                 ~~~~~~~^~~~~~~~~~~~~~~~~~~~~~~~~~~~~~~~~~~~~~~~~~~~~~~
traps.cpp:2183:92: warning: ‘%s’ directive writing up to 255 bytes into a region of size 251 [-Wformat-overflow=]
 2183 |                                                 sprintf(tbuf2[5] + strlen(tbuf2[5]), " and %s", tbuf2[j]);
      |                                                                                            ^~
traps.cpp:2183:56: note: ‘sprintf’ output between 6 and 261 bytes into a destination of size 256
 2183 |                                                 sprintf(tbuf2[5] + strlen(tbuf2[5]), " and %s", tbuf2[j]);
      |                                                 ~~~~~~~^~~~~~~~~~~~~~~~~~~~~~~~~~~~~~~~~~~~~~~~~~~~~~~~~~
traps.cpp:2188:87: warning: ‘%s’ directive writing up to 255 bytes into a region of size 254 [-Wformat-overflow=]
 2188 |                                                 sprintf(tbuf[5] + strlen(tbuf[5]), ", %s", tbuf[j]);
      |                                                                                       ^~
traps.cpp:2188:56: note: ‘sprintf’ output between 3 and 258 bytes into a destination of size 256
 2188 |                                                 sprintf(tbuf[5] + strlen(tbuf[5]), ", %s", tbuf[j]);
      |                                                 ~~~~~~~^~~~~~~~~~~~~~~~~~~~~~~~~~~~~~~~~~~~~~~~~~~~
traps.cpp:2189:89: warning: ‘%s’ directive writing up to 255 bytes into a region of size 254 [-Wformat-overflow=]
 2189 |                                                 sprintf(tbuf2[5] + strlen(tbuf2[5]), ", %s", tbuf2[j]);
      |                                                                                         ^~
traps.cpp:2189:56: note: ‘sprintf’ output between 3 and 258 bytes into a destination of size 256
 2189 |                                                 sprintf(tbuf2[5] + strlen(tbuf2[5]), ", %s", tbuf2[j]);
      |                                                 ~~~~~~~^~~~~~~~~~~~~~~~~~~~~~~~~~~~~~~~~~~~~~~~~~~~~~~
traps.cpp:2255:82: warning: ‘%s’ directive writing up to 255 bytes into a region of size 251 [-Wformat-overflow=]
 2255 |                                         sprintf(tbuf[5] + strlen(tbuf[5]), " and %s", tbuf[j]);
      |                                                                                  ^~
traps.cpp:2255:48: note: ‘sprintf’ output between 6 and 261 bytes into a destination of size 256
 2255 |                                         sprintf(tbuf[5] + strlen(tbuf[5]), " and %s", tbuf[j]);
      |                                         ~~~~~~~^~~~~~~~~~~~~~~~~~~~~~~~~~~~~~~~~~~~~~~~~~~~~~~
traps.cpp:2259:79: warning: ‘%s’ directive writing up to 255 bytes into a region of size 254 [-Wformat-overflow=]
 2259 |                                         sprintf(tbuf[5] + strlen(tbuf[5]), ", %s", tbuf[j]);
      |                                                                               ^~
traps.cpp:2259:48: note: ‘sprintf’ output between 3 and 258 bytes into a destination of size 256
 2259 |                                         sprintf(tbuf[5] + strlen(tbuf[5]), ", %s", tbuf[j]);
      |                                         ~~~~~~~^~~~~~~~~~~~~~~~~~~~~~~~~~~~~~~~~~~~~~~~~~~~
traps.cpp:2273:59: warning: ‘%s’ directive writing up to 255 bytes into a region of size 250 [-Wformat-overflow=]
 2273 |                                 sprintf(tbuf[0], "From %s %s", rev_d[door], tbuf[5]);
      |                                                           ^~                ~~~~~~~
traps.cpp:2273:40: note: ‘sprintf’ output 7 or more bytes (assuming 262) into a destination of size 256
 2273 |                                 sprintf(tbuf[0], "From %s %s", rev_d[door], tbuf[5]);
      |                                 ~~~~~~~^~~~~~~~~~~~~~~~~~~~~~~~~~~~~~~~~~~~~~~~~~~~~
traps.cpp:2315:98: warning: ‘%s’ directive writing up to 255 bytes into a region of size 251 [-Wformat-overflow=]
 2315 |                                                         sprintf(tbuf[5] + strlen(tbuf[5]), " and %s", tbuf[j]);
      |                                                                                                  ^~
traps.cpp:2315:64: note: ‘sprintf’ output between 6 and 261 bytes into a destination of size 256
 2315 |                                                         sprintf(tbuf[5] + strlen(tbuf[5]), " and %s", tbuf[j]);
      |                                                         ~~~~~~~^~~~~~~~~~~~~~~~~~~~~~~~~~~~~~~~~~~~~~~~~~~~~~~
traps.cpp:2319:95: warning: ‘%s’ directive writing up to 255 bytes into a region of size 254 [-Wformat-overflow=]
 2319 |                                                         sprintf(tbuf[5] + strlen(tbuf[5]), ", %s", tbuf[j]);
      |                                                                                               ^~
traps.cpp:2319:64: note: ‘sprintf’ output between 3 and 258 bytes into a destination of size 256
 2319 |                                                         sprintf(tbuf[5] + strlen(tbuf[5]), ", %s", tbuf[j]);
      |                                                         ~~~~~~~^~~~~~~~~~~~~~~~~~~~~~~~~~~~~~~~~~~~~~~~~~~~
traps.cpp:2348:80: warning: ‘%s’ directive writing up to 255 bytes into a region of size 245 [-Wformat-overflow=]
 2348 |                                                 sprintf(tbuf[0], "From the %s, %s", dirs[dir], tbuf[5]);
      |                                                                                ^~              ~~~~~~~
traps.cpp:2348:56: note: ‘sprintf’ output 12 or more bytes (assuming 267) into a destination of size 256
 2348 |                                                 sprintf(tbuf[0], "From the %s, %s", dirs[dir], tbuf[5]);
      |                                                 ~~~~~~~^~~~~~~~~~~~~~~~~~~~~~~~~~~~~~~~~~~~~~~~~~~~~~~~
traps.cpp: In function ‘void trap_release(CHAR_DATA*, char*, int)’:
traps.cpp:2451:46: warning: ‘%s’ directive writing up to 49151 bytes into a region of size 49138 [-Wformat-overflow=]
 2451 |                 sprintf (buf, "You don't see %s here.", arg);
      |                                              ^~         ~~~
traps.cpp:2451:25: note: ‘sprintf’ output between 21 and 49172 bytes into a destination of size 49152
 2451 |                 sprintf (buf, "You don't see %s here.", arg);
      |                 ~~~~~~~~^~~~~~~~~~~~~~~~~~~~~~~~~~~~~~~~~~~~
traps.cpp:2406:46: warning: ‘%s’ directive writing up to 49151 bytes into a region of size 49138 [-Wformat-overflow=]
 2406 |                 sprintf (buf, "You don't see %s here.", arg);
      |                                              ^~         ~~~
traps.cpp:2406:25: note: ‘sprintf’ output between 21 and 49172 bytes into a destination of size 49152
 2406 |                 sprintf (buf, "You don't see %s here.", arg);
      |                 ~~~~~~~~^~~~~~~~~~~~~~~~~~~~~~~~~~~~~~~~~~~~
g++ -Wno-write-strings  -c -march=native  -ggdb -DLINUX -Wall -fpermissive -std=gnu++98 electronic.cpp 
g++ -Wno-write-strings  -c -march=native  -ggdb -DLINUX -Wall -fpermissive -std=gnu++98 variables.cpp 
g++ -Wno-write-strings  -c -march=native  -ggdb -DLINUX -Wall -fpermissive -std=gnu++98 firearms.cpp 
variables.cpp: In function ‘void vo_weight_cost_quality(OBJ_DATA*)’:
variables.cpp:974:20: warning: unused variable ‘af’ [-Wunused-variable]
  974 |     AFFECTED_TYPE *af = NULL;
      |                    ^~
variables.cpp: In function ‘void do_mvariables(CHAR_DATA*, char*, int)’:
variables.cpp:1234:11: warning: variable ‘lastCategory’ set but not used [-Wunused-but-set-variable]
 1234 |     char *lastCategory = '\0';
      |           ^~~~~~~~~~~~
variables.cpp: In function ‘void do_variables(CHAR_DATA*, char*, int)’:
variables.cpp:1653:11: warning: variable ‘lastCategory’ set but not used [-Wunused-but-set-variable]
 1653 |     char *lastCategory = '\0';
      |           ^~~~~~~~~~~~
firearms.cpp: In function ‘void do_cover(CHAR_DATA*, char*, int)’:
firearms.cpp:358:8: warning: variable ‘existing_obj’ set but not used [-Wunused-but-set-variable]
  358 |   bool existing_obj = false;
      |        ^~~~~~~~~~~~
firearms.cpp: In function ‘void do_load_firearm(CHAR_DATA*, char*, int)’:
firearms.cpp:2174:13: warning: this ‘if’ clause does not guard... [-Wmisleading-indentation]
 2174 |             if ((ptrClip = draw_clip_from_belt (ch, NULL, ptrBelt, amount, ptrFirearm->o.firearm.caliber, size, &error_msg)));
      |             ^~
firearms.cpp:2175:13: note: ...this statement, but the latter is misleadingly indented as if it were guarded by the ‘if’
 2175 |             {
      |             ^
firearms.cpp: In function ‘void delayed_load_firearm(CHAR_DATA*)’:
firearms.cpp:2381:7: warning: variable ‘size’ set but not used [-Wunused-but-set-variable]
 2381 |   int size = 0;
      |       ^~~~
firearms.cpp: In function ‘void modify_firearm(CHAR_DATA*, char*, int, OBJ_DATA*)’:
firearms.cpp:2916:13: warning: variable ‘tobj’ set but not used [-Wunused-but-set-variable]
 2916 |   OBJ_DATA *tobj = NULL;
      |             ^~~~
firearms.cpp: In function ‘void do_firearm_fire(CHAR_DATA*, char*, int)’:
firearms.cpp:5369:30: warning: suggest parentheses around assignment used as truth value [-Wparentheses]
 5369 |                   if (target = get_char_room_vis2 (ch, room->vnum, arg))
      |                       ~~~~~~~^~~~~~~~~~~~~~~~~~~~~~~~~~~~~~~~~~~~~~~~~~
firearms.cpp:6159:25: warning: too many arguments for format [-Wformat-extra-args]
 6159 |           sprintf (buf, "You %s%s #2%s#0 %s #2%s#0 %s %s%s towards #5%s#0.",
      |                         ^~~~~~~~~~~~~~~~~~~~~~~~~~~~~~~~~~~~~~~~~~~~~~~~~~~
firearms.cpp:5054:13: warning: variable ‘shell’ set but not used [-Wunused-but-set-variable]
 5054 |   OBJ_DATA *shell = NULL;
      |             ^~~~~
firearms.cpp:5055:13: warning: variable ‘bullet’ set but not used [-Wunused-but-set-variable]
 5055 |   OBJ_DATA *bullet = NULL;
      |             ^~~~~~
firearms.cpp:5057:13: warning: variable ‘cover’ set but not used [-Wunused-but-set-variable]
 5057 |   OBJ_DATA *cover = NULL;
      |             ^~~~~
firearms.cpp:5059:24: warning: unused variable ‘exit’ [-Wunused-variable]
 5059 |   ROOM_DIRECTION_DATA *exit = NULL;
      |                        ^~~~
firearms.cpp:5061:14: warning: unused variable ‘next_room’ [-Wunused-variable]
 5061 |   ROOM_DATA *next_room = NULL;
      |              ^~~~~~~~~
firearms.cpp:5076:9: warning: unused variable ‘p’ [-Wunused-variable]
 5076 |   char *p;
      |         ^
firearms.cpp:5094:7: warning: variable ‘direction’ set but not used [-Wunused-but-set-variable]
 5094 |   int direction = -1;
      |       ^~~~~~~~~
firearms.cpp:5099:23: warning: unused variable ‘clodged’ [-Wunused-variable]
 5099 |   LODGED_OBJECT_INFO *clodged = NULL;
      |                       ^~~~~~~
firearms.cpp:5823:8: warning: variable ‘table_involved’ set but not used [-Wunused-but-set-variable]
 5823 |   bool table_involved = false;
      |        ^~~~~~~~~~~~~~
firearms.cpp: In function ‘void delayed_pointblank(CHAR_DATA*)’:
firearms.cpp:303:47: warning: ‘%s’ directive writing up to 49151 bytes into a region of size 49126 [-Wformat-overflow=]
  303 |       sprintf(buf, "You place $p against $N's %s.", arg);
      |                                               ^~    ~~~
firearms.cpp:303:14: note: ‘sprintf’ output between 28 and 49179 bytes into a destination of size 49152
  303 |       sprintf(buf, "You place $p against $N's %s.", arg);
      |       ~~~~~~~^~~~~~~~~~~~~~~~~~~~~~~~~~~~~~~~~~~~~~~~~~~
firearms.cpp:305:47: warning: ‘%s’ directive writing up to 49151 bytes into a region of size 49126 [-Wformat-overflow=]
  305 |       sprintf(buf, "$n places $p against $N's %s.", arg);
      |                                               ^~    ~~~
firearms.cpp:305:14: note: ‘sprintf’ output between 28 and 49179 bytes into a destination of size 49152
  305 |       sprintf(buf, "$n places $p against $N's %s.", arg);
      |       ~~~~~~~^~~~~~~~~~~~~~~~~~~~~~~~~~~~~~~~~~~~~~~~~~~
firearms.cpp:307:47: warning: ‘%s’ directive writing up to 49151 bytes into a region of size 49126 [-Wformat-overflow=]
  307 |       sprintf(buf, "$n places $p against your %s.", arg);
      |                                               ^~    ~~~
firearms.cpp:307:14: note: ‘sprintf’ output between 28 and 49179 bytes into a destination of size 49152
  307 |       sprintf(buf, "$n places $p against your %s.", arg);
      |       ~~~~~~~^~~~~~~~~~~~~~~~~~~~~~~~~~~~~~~~~~~~~~~~~~~
firearms.cpp:280:45: warning: ‘%s’ directive writing up to 49151 bytes into a region of size 49126 [-Wformat-overflow=]
  280 |     sprintf(buf, "You place $p against $N's %s.", arg);
      |                                             ^~    ~~~
firearms.cpp:280:12: note: ‘sprintf’ output between 28 and 49179 bytes into a destination of size 49152
  280 |     sprintf(buf, "You place $p against $N's %s.", arg);
      |     ~~~~~~~^~~~~~~~~~~~~~~~~~~~~~~~~~~~~~~~~~~~~~~~~~~
firearms.cpp:282:45: warning: ‘%s’ directive writing up to 49151 bytes into a region of size 49126 [-Wformat-overflow=]
  282 |     sprintf(buf, "$n places $p against $N's %s.", arg);
      |                                             ^~    ~~~
firearms.cpp:282:12: note: ‘sprintf’ output between 28 and 49179 bytes into a destination of size 49152
  282 |     sprintf(buf, "$n places $p against $N's %s.", arg);
      |     ~~~~~~~^~~~~~~~~~~~~~~~~~~~~~~~~~~~~~~~~~~~~~~~~~~
firearms.cpp:284:45: warning: ‘%s’ directive writing up to 49151 bytes into a region of size 49126 [-Wformat-overflow=]
  284 |     sprintf(buf, "$n places $p against your %s.", arg);
      |                                             ^~    ~~~
firearms.cpp:284:12: note: ‘sprintf’ output between 28 and 49179 bytes into a destination of size 49152
  284 |     sprintf(buf, "$n places $p against your %s.", arg);
      |     ~~~~~~~^~~~~~~~~~~~~~~~~~~~~~~~~~~~~~~~~~~~~~~~~~~
firearms.cpp:270:67: warning: ‘%s’ directive writing up to 49151 bytes into a region of size 49104 [-Wformat-overflow=]
  270 |     sprintf(buf, "You emerge from hiding to place $p against $N's %s.", arg);
      |                                                                   ^~    ~~~
firearms.cpp:270:12: note: ‘sprintf’ output between 50 and 49201 bytes into a destination of size 49152
  270 |     sprintf(buf, "You emerge from hiding to place $p against $N's %s.", arg);
      |     ~~~~~~~^~~~~~~~~~~~~~~~~~~~~~~~~~~~~~~~~~~~~~~~~~~~~~~~~~~~~~~~~~~~~~~~~
firearms.cpp:272:67: warning: ‘%s’ directive writing up to 49151 bytes into a region of size 49104 [-Wformat-overflow=]
  272 |     sprintf(buf, "$n emerges from hiding to place $p against $N's %s.", arg);
      |                                                                   ^~    ~~~
firearms.cpp:272:12: note: ‘sprintf’ output between 50 and 49201 bytes into a destination of size 49152
  272 |     sprintf(buf, "$n emerges from hiding to place $p against $N's %s.", arg);
      |     ~~~~~~~^~~~~~~~~~~~~~~~~~~~~~~~~~~~~~~~~~~~~~~~~~~~~~~~~~~~~~~~~~~~~~~~~
firearms.cpp:274:66: warning: ‘%s’ directive writing up to 49151 bytes into a region of size 49105 [-Wformat-overflow=]
  274 |     sprintf(buf, "$n emerge from hiding to place $p against your %s.", arg);
      |                                                                  ^~    ~~~
firearms.cpp:274:12: note: ‘sprintf’ output between 49 and 49200 bytes into a destination of size 49152
  274 |     sprintf(buf, "$n emerge from hiding to place $p against your %s.", arg);
      |     ~~~~~~~^~~~~~~~~~~~~~~~~~~~~~~~~~~~~~~~~~~~~~~~~~~~~~~~~~~~~~~~~~~~~~~~
firearms.cpp: In function ‘void delayed_unload_clip(CHAR_DATA*)’:
firearms.cpp:1607:29: warning: ‘%s’ directive writing up to 49151 bytes into a region of size 49141 [-Wformat-overflow=]
 1607 |   sprintf(buf2, "You unload %s", buf);
      |                             ^~   ~~~
firearms.cpp:1607:10: note: ‘sprintf’ output between 12 and 49163 bytes into a destination of size 49152
 1607 |   sprintf(buf2, "You unload %s", buf);
      |   ~~~~~~~^~~~~~~~~~~~~~~~~~~~~~~~~~~~
firearms.cpp:1608:29: warning: ‘%s’ directive writing up to 49151 bytes into a region of size 49141 [-Wformat-overflow=]
 1608 |   sprintf(buf3, "$n unloads %s", buf);
      |                             ^~   ~~~
firearms.cpp:1608:10: note: ‘sprintf’ output between 12 and 49163 bytes into a destination of size 49152
 1608 |   sprintf(buf3, "$n unloads %s", buf);
      |   ~~~~~~~^~~~~~~~~~~~~~~~~~~~~~~~~~~~
firearms.cpp: In function ‘void do_load_firearm(CHAR_DATA*, char*, int)’:
firearms.cpp:1679:26: warning: ‘%s’ directive writing up to 49151 bytes into a region of size 49150 [-Wformat-overflow=]
 1679 |       sprintf(buffer, "#2%s", buf);
      |                          ^~   ~~~
firearms.cpp:1679:14: note: ‘sprintf’ output between 3 and 49154 bytes into a destination of size 49152
 1679 |       sprintf(buffer, "#2%s", buf);
      |       ~~~~~~~^~~~~~~~~~~~~~~~~~~~~
firearms.cpp:1687:26: warning: ‘%s’ directive writing up to 49151 bytes into a region of size 49150 [-Wformat-overflow=]
 1687 |       sprintf(buffer, "#2%s", buf);
      |                          ^~   ~~~
firearms.cpp:1687:14: note: ‘sprintf’ output between 3 and 49154 bytes into a destination of size 49152
 1687 |       sprintf(buffer, "#2%s", buf);
      |       ~~~~~~~^~~~~~~~~~~~~~~~~~~~~
firearms.cpp:1668:26: warning: ‘%s’ directive writing up to 49151 bytes into a region of size 49150 [-Wformat-overflow=]
 1668 |       sprintf(buffer, "#2%s", buf);
      |                          ^~   ~~~
firearms.cpp:1668:14: note: ‘sprintf’ output between 3 and 49154 bytes into a destination of size 49152
 1668 |       sprintf(buffer, "#2%s", buf);
      |       ~~~~~~~^~~~~~~~~~~~~~~~~~~~~
firearms.cpp:2104:26: warning: ‘%s’ directive writing up to 49151 bytes into a region of size 49150 [-Wformat-overflow=]
 2104 |       sprintf(buffer, "#2%s", buf);
      |                          ^~   ~~~
firearms.cpp:2104:14: note: ‘sprintf’ output between 3 and 49154 bytes into a destination of size 49152
 2104 |       sprintf(buffer, "#2%s", buf);
      |       ~~~~~~~^~~~~~~~~~~~~~~~~~~~~
firearms.cpp:2333:28: warning: ‘%s’ directive writing up to 49151 bytes into a region of size 49150 [-Wformat-overflow=]
 2333 |         sprintf(buffer, "#2%s", buf);
      |                            ^~   ~~~
firearms.cpp:2333:16: note: ‘sprintf’ output between 3 and 49154 bytes into a destination of size 49152
 2333 |         sprintf(buffer, "#2%s", buf);
      |         ~~~~~~~^~~~~~~~~~~~~~~~~~~~~
firearms.cpp:2321:30: warning: ‘%s’ directive writing up to 49151 bytes into a region of size 49150 [-Wformat-overflow=]
 2321 |           sprintf(buffer, "#2%s", buf);
      |                              ^~   ~~~
firearms.cpp:2321:18: note: ‘sprintf’ output between 3 and 49154 bytes into a destination of size 49152
 2321 |           sprintf(buffer, "#2%s", buf);
      |           ~~~~~~~^~~~~~~~~~~~~~~~~~~~~
firearms.cpp:2308:26: warning: ‘%s’ directive writing up to 49151 bytes into a region of size 49150 [-Wformat-overflow=]
 2308 |       sprintf(buffer, "#2%s", buf);
      |                          ^~   ~~~
firearms.cpp:2308:14: note: ‘sprintf’ output between 3 and 49154 bytes into a destination of size 49152
 2308 |       sprintf(buffer, "#2%s", buf);
      |       ~~~~~~~^~~~~~~~~~~~~~~~~~~~~
firearms.cpp:2299:26: warning: ‘%s’ directive writing up to 49151 bytes into a region of size 49150 [-Wformat-overflow=]
 2299 |       sprintf(buffer, "#2%s", buf);
      |                          ^~   ~~~
firearms.cpp:2299:14: note: ‘sprintf’ output between 3 and 49154 bytes into a destination of size 49152
 2299 |       sprintf(buffer, "#2%s", buf);
      |       ~~~~~~~^~~~~~~~~~~~~~~~~~~~~
firearms.cpp:2282:26: warning: ‘%s’ directive writing up to 49151 bytes into a region of size 49150 [-Wformat-overflow=]
 2282 |       sprintf(buffer, "#2%s", buf);
      |                          ^~   ~~~
firearms.cpp:2282:14: note: ‘sprintf’ output between 3 and 49154 bytes into a destination of size 49152
 2282 |       sprintf(buffer, "#2%s", buf);
      |       ~~~~~~~^~~~~~~~~~~~~~~~~~~~~
firearms.cpp:1917:26: warning: ‘%s’ directive writing up to 49151 bytes into a region of size 49150 [-Wformat-overflow=]
 1917 |       sprintf(buffer, "#2%s", buf);
      |                          ^~   ~~~
firearms.cpp:1917:14: note: ‘sprintf’ output between 3 and 49154 bytes into a destination of size 49152
 1917 |       sprintf(buffer, "#2%s", buf);
      |       ~~~~~~~^~~~~~~~~~~~~~~~~~~~~
firearms.cpp:1900:26: warning: ‘%s’ directive writing up to 49151 bytes into a region of size 49150 [-Wformat-overflow=]
 1900 |       sprintf(buffer, "#2%s", buf);
      |                          ^~   ~~~
firearms.cpp:1900:14: note: ‘sprintf’ output between 3 and 49154 bytes into a destination of size 49152
 1900 |       sprintf(buffer, "#2%s", buf);
      |       ~~~~~~~^~~~~~~~~~~~~~~~~~~~~
firearms.cpp: In function ‘void delayed_load_firearm(CHAR_DATA*)’:
firearms.cpp:2614:28: warning: ‘%s’ directive writing up to 49151 bytes into a region of size 49150 [-Wformat-overflow=]
 2614 |         sprintf(buffer, "#2%s", buf);
      |                            ^~   ~~~
firearms.cpp:2614:16: note: ‘sprintf’ output between 3 and 49154 bytes into a destination of size 49152
 2614 |         sprintf(buffer, "#2%s", buf);
      |         ~~~~~~~^~~~~~~~~~~~~~~~~~~~~
firearms.cpp:2602:30: warning: ‘%s’ directive writing up to 49151 bytes into a region of size 49150 [-Wformat-overflow=]
 2602 |           sprintf(buffer, "#2%s", buf);
      |                              ^~   ~~~
firearms.cpp:2602:18: note: ‘sprintf’ output between 3 and 49154 bytes into a destination of size 49152
 2602 |           sprintf(buffer, "#2%s", buf);
      |           ~~~~~~~^~~~~~~~~~~~~~~~~~~~~
firearms.cpp:2537:26: warning: ‘%s’ directive writing up to 49151 bytes into a region of size 49150 [-Wformat-overflow=]
 2537 |       sprintf(buffer, "#2%s", buf);
      |                          ^~   ~~~
firearms.cpp:2537:14: note: ‘sprintf’ output between 3 and 49154 bytes into a destination of size 49152
 2537 |       sprintf(buffer, "#2%s", buf);
      |       ~~~~~~~^~~~~~~~~~~~~~~~~~~~~
firearms.cpp: In function ‘void do_pointblank(CHAR_DATA*, char*, int)’:
firearms.cpp:212:55: warning: ‘%s’ directive writing up to 49151 bytes into a region of size 49118 [-Wformat-overflow=]
  212 |       sprintf(buf, "You attempt place $p against $N's %s.", arg);
      |                                                       ^~    ~~~
firearms.cpp:212:14: note: ‘sprintf’ output between 36 and 49187 bytes into a destination of size 49152
  212 |       sprintf(buf, "You attempt place $p against $N's %s.", arg);
      |       ~~~~~~~^~~~~~~~~~~~~~~~~~~~~~~~~~~~~~~~~~~~~~~~~~~~~~~~~~~
firearms.cpp:214:58: warning: ‘%s’ directive writing up to 49151 bytes into a region of size 49115 [-Wformat-overflow=]
  214 |       sprintf(buf, "$n attempts to place $p against your %s.", arg);
      |                                                          ^~    ~~~
firearms.cpp:214:14: note: ‘sprintf’ output between 39 and 49190 bytes into a destination of size 49152
  214 |       sprintf(buf, "$n attempts to place $p against your %s.", arg);
      |       ~~~~~~~^~~~~~~~~~~~~~~~~~~~~~~~~~~~~~~~~~~~~~~~~~~~~~~~~~~~~~
firearms.cpp:216:58: warning: ‘%s’ directive writing up to 49151 bytes into a region of size 49115 [-Wformat-overflow=]
  216 |       sprintf(buf, "$n attempts to place $p against $N's %s.", arg);
      |                                                          ^~    ~~~
firearms.cpp:216:14: note: ‘sprintf’ output between 39 and 49190 bytes into a destination of size 49152
  216 |       sprintf(buf, "$n attempts to place $p against $N's %s.", arg);
      |       ~~~~~~~^~~~~~~~~~~~~~~~~~~~~~~~~~~~~~~~~~~~~~~~~~~~~~~~~~~~~~
firearms.cpp:192:66: warning: ‘%s’ directive writing up to 49151 bytes into a region of size 49105 [-Wformat-overflow=]
  192 |     sprintf(buf, "You position yourself to place $p against $N's %s.", arg);
      |                                                                  ^~    ~~~
firearms.cpp:192:12: note: ‘sprintf’ output between 49 and 49200 bytes into a destination of size 49152
  192 |     sprintf(buf, "You position yourself to place $p against $N's %s.", arg);
      |     ~~~~~~~^~~~~~~~~~~~~~~~~~~~~~~~~~~~~~~~~~~~~~~~~~~~~~~~~~~~~~~~~~~~~~~~
firearms.cpp:194:56: warning: ‘%s’ directive writing up to 49151 bytes into a region of size 49115 [-Wformat-overflow=]
  194 |     sprintf(buf, "$n prepares to place $p against $N's %s.", arg);
      |                                                        ^~    ~~~
firearms.cpp:194:12: note: ‘sprintf’ output between 39 and 49190 bytes into a destination of size 49152
  194 |     sprintf(buf, "$n prepares to place $p against $N's %s.", arg);
      |     ~~~~~~~^~~~~~~~~~~~~~~~~~~~~~~~~~~~~~~~~~~~~~~~~~~~~~~~~~~~~~
firearms.cpp:196:56: warning: ‘%s’ directive writing up to 49151 bytes into a region of size 49115 [-Wformat-overflow=]
  196 |     sprintf(buf, "$n prepares to place $p against your %s.", arg);
      |                                                        ^~    ~~~
firearms.cpp:196:12: note: ‘sprintf’ output between 39 and 49190 bytes into a destination of size 49152
  196 |     sprintf(buf, "$n prepares to place $p against your %s.", arg);
      |     ~~~~~~~^~~~~~~~~~~~~~~~~~~~~~~~~~~~~~~~~~~~~~~~~~~~~~~~~~~~~~
firearms.cpp:183:77: warning: ‘%s’ directive writing up to 49151 bytes into a region of size 49094 [-Wformat-overflow=]
  183 |     sprintf(buf, "You position yourself to stealthily place $p against $N's %s.", arg);
      |                                                                             ^~    ~~~
firearms.cpp:183:12: note: ‘sprintf’ output between 60 and 49211 bytes into a destination of size 49152
  183 |     sprintf(buf, "You position yourself to stealthily place $p against $N's %s.", arg);
      |     ~~~~~~~^~~~~~~~~~~~~~~~~~~~~~~~~~~~~~~~~~~~~~~~~~~~~~~~~~~~~~~~~~~~~~~~~~~~~~~~~~~
firearms.cpp:94:35: warning: ‘%s’ directive writing up to 49151 bytes into a region of size 49136 [-Wformat-overflow=]
   94 |     sprintf(buf, "You don't see #5%s#0 here.\n", arg);
      |                                   ^~             ~~~
firearms.cpp:94:12: note: ‘sprintf’ output between 26 and 49177 bytes into a destination of size 49152
   94 |     sprintf(buf, "You don't see #5%s#0 here.\n", arg);
      |     ~~~~~~~^~~~~~~~~~~~~~~~~~~~~~~~~~~~~~~~~~~~~~~~~~
firearms.cpp: In function ‘void do_unload_firearm(CHAR_DATA*, char*, int)’:
firearms.cpp:2773:26: warning: ‘%s’ directive writing up to 49151 bytes into a region of size 49150 [-Wformat-overflow=]
 2773 |       sprintf(buffer, "#2%s", buf);
      |                          ^~   ~~~
firearms.cpp:2773:14: note: ‘sprintf’ output between 3 and 49154 bytes into a destination of size 49152
 2773 |       sprintf(buffer, "#2%s", buf);
      |       ~~~~~~~^~~~~~~~~~~~~~~~~~~~~
firearms.cpp:2860:26: warning: ‘%s’ directive writing up to 49151 bytes into a region of size 49150 [-Wformat-overflow=]
 2860 |       sprintf(buffer, "#2%s", buf);
      |                          ^~   ~~~
firearms.cpp:2860:14: note: ‘sprintf’ output between 3 and 49154 bytes into a destination of size 49152
 2860 |       sprintf(buffer, "#2%s", buf);
      |       ~~~~~~~^~~~~~~~~~~~~~~~~~~~~
firearms.cpp:2678:26: warning: ‘%s’ directive writing up to 49151 bytes into a region of size 49150 [-Wformat-overflow=]
 2678 |       sprintf(buffer, "#2%s", buf);
      |                          ^~   ~~~
firearms.cpp:2678:14: note: ‘sprintf’ output between 3 and 49154 bytes into a destination of size 49152
 2678 |       sprintf(buffer, "#2%s", buf);
      |       ~~~~~~~^~~~~~~~~~~~~~~~~~~~~
firearms.cpp: In function ‘void do_unload_clip(CHAR_DATA*, char*, int)’:
firearms.cpp:1448:24: warning: ‘%s’ directive writing up to 49151 bytes into a region of size 49150 [-Wformat-overflow=]
 1448 |     sprintf(buffer, "#2%s", buf);
      |                        ^~   ~~~
firearms.cpp:1448:12: note: ‘sprintf’ output between 3 and 49154 bytes into a destination of size 49152
 1448 |     sprintf(buffer, "#2%s", buf);
      |     ~~~~~~~^~~~~~~~~~~~~~~~~~~~~
firearms.cpp: In function ‘void firearm_aim(CHAR_DATA*, char*, int)’:
firearms.cpp:3542:60: warning: ‘%s’ directive writing up to 49151 bytes into a region of size 49118 [-Wformat-overflow=]
 3542 |     sprintf (buf, "You turn %sward and take aim at #5%s#0%s%s.", dirs[dir], char_short (target), (bodypart >= 0 ? "'s " : ""), (bodypart >= 0 ? arg3 : ""));
      |                                                            ^~
firearms.cpp:3542:13: note: ‘sprintf’ output 36 or more bytes (assuming 49187) into a destination of size 49152
 3542 |     sprintf (buf, "You turn %sward and take aim at #5%s#0%s%s.", dirs[dir], char_short (target), (bodypart >= 0 ? "'s " : ""), (bodypart >= 0 ? arg3 : ""));
      |     ~~~~~~~~^~~~~~~~~~~~~~~~~~~~~~~~~~~~~~~~~~~~~~~~~~~~~~~~~~~~~~~~~~~~~~~~~~~~~~~~~~~~~~~~~~~~~~~~~~~~~~~~~~~~~~~~~~~~~~~~~~~~~~~~~~~~~~~~~~~~~~~~~~~~~~~
firearms.cpp:3548:25: warning: ‘%s’ directive writing up to 49151 bytes into a region of size 49150 [-Wformat-overflow=]
 3548 |     sprintf (buffer, "#5%s", buf);
      |                         ^~   ~~~
firearms.cpp:3548:13: note: ‘sprintf’ output between 3 and 49154 bytes into a destination of size 49152
 3548 |     sprintf (buffer, "#5%s", buf);
      |     ~~~~~~~~^~~~~~~~~~~~~~~~~~~~~
firearms.cpp:3332:69: warning: ‘%s’ directive writing up to 49151 bytes into a region of size 49109 [-Wformat-overflow=]
 3332 |       sprintf (buf, "Switching targets, you now take aim at #5%s#0%s%s.", char_short (target), (bodypart >= 0 ? "'s " : ""), (bodypart >= 0 ? arg2 : ""));
      |                                                                     ^~
firearms.cpp:3332:15: note: ‘sprintf’ output 45 or more bytes (assuming 49196) into a destination of size 49152
 3332 |       sprintf (buf, "Switching targets, you now take aim at #5%s#0%s%s.", char_short (target), (bodypart >= 0 ? "'s " : ""), (bodypart >= 0 ? arg2 : ""));
      |       ~~~~~~~~^~~~~~~~~~~~~~~~~~~~~~~~~~~~~~~~~~~~~~~~~~~~~~~~~~~~~~~~~~~~~~~~~~~~~~~~~~~~~~~~~~~~~~~~~~~~~~~~~~~~~~~~~~~~~~~~~~~~~~~~~~~~~~~~~~~~~~~~~~~
firearms.cpp:3334:59: warning: ‘%s’ directive writing up to 49151 bytes into a region of size 49119 [-Wformat-overflow=]
 3334 |       sprintf (buf, "You take your time to aim at #5%s#0%s%s.", char_short (target), (bodypart >= 0 ? "'s " : ""), (bodypart >= 0 ? arg2 : ""));
      |                                                           ^~
firearms.cpp:3334:15: note: ‘sprintf’ output 35 or more bytes (assuming 49186) into a destination of size 49152
 3334 |       sprintf (buf, "You take your time to aim at #5%s#0%s%s.", char_short (target), (bodypart >= 0 ? "'s " : ""), (bodypart >= 0 ? arg2 : ""));
      |       ~~~~~~~~^~~~~~~~~~~~~~~~~~~~~~~~~~~~~~~~~~~~~~~~~~~~~~~~~~~~~~~~~~~~~~~~~~~~~~~~~~~~~~~~~~~~~~~~~~~~~~~~~~~~~~~~~~~~~~~~~~~~~~~~~~~~~~~~~
firearms.cpp:3336:46: warning: ‘%s’ directive writing up to 49151 bytes into a region of size 49132 [-Wformat-overflow=]
 3336 |     sprintf (buf, "%s#0 takes aim at #5%s#0%s%s with #2%s#0.", char_short (ch), char_short (target), (bodypart >= 0 ? "'s " : ""), (bodypart >= 0 ? arg2 : ""), obj_short_desc(firearm));
      |                                              ^~
firearms.cpp:3336:13: note: ‘sprintf’ output 32 or more bytes (assuming 49183) into a destination of size 49152
 3336 |     sprintf (buf, "%s#0 takes aim at #5%s#0%s%s with #2%s#0.", char_short (ch), char_short (target), (bodypart >= 0 ? "'s " : ""), (bodypart >= 0 ? arg2 : ""), obj_short_desc(firearm));
      |     ~~~~~~~~^~~~~~~~~~~~~~~~~~~~~~~~~~~~~~~~~~~~~~~~~~~~~~~~~~~~~~~~~~~~~~~~~~~~~~~~~~~~~~~~~~~~~~~~~~~~~~~~~~~~~~~~~~~~~~~~~~~~~~~~~~~~~~~~~~~~~~~~~~~~~~~~~~~~~~~~~~~~~~~~~~~~~~~~~~~~
firearms.cpp:3338:25: warning: ‘%s’ directive writing up to 49151 bytes into a region of size 49150 [-Wformat-overflow=]
 3338 |     sprintf (buffer, "#5%s", buf);
      |                         ^~   ~~~
firearms.cpp:3338:13: note: ‘sprintf’ output between 3 and 49154 bytes into a destination of size 49152
 3338 |     sprintf (buffer, "#5%s", buf);
      |     ~~~~~~~~^~~~~~~~~~~~~~~~~~~~~
firearms.cpp:3349:43: warning: ‘%s’ directive writing up to 49151 bytes into a region of size 49133 [-Wformat-overflow=]
 3349 |     sprintf (buf, "%s#0 takes aim at you%s%s with #2%s#0!",  char_short (ch), (bodypart >= 0 ? "r " : ""), (bodypart >= 0 ? arg2 : ""), obj_short_desc(firearm));
      |                                           ^~
firearms.cpp:3349:13: note: ‘sprintf’ output 31 or more bytes (assuming 49182) into a destination of size 49152
 3349 |     sprintf (buf, "%s#0 takes aim at you%s%s with #2%s#0!",  char_short (ch), (bodypart >= 0 ? "r " : ""), (bodypart >= 0 ? arg2 : ""), obj_short_desc(firearm));
      |     ~~~~~~~~^~~~~~~~~~~~~~~~~~~~~~~~~~~~~~~~~~~~~~~~~~~~~~~~~~~~~~~~~~~~~~~~~~~~~~~~~~~~~~~~~~~~~~~~~~~~~~~~~~~~~~~~~~~~~~~~~~~~~~~~~~~~~~~~~~~~~~~~~~~~~~~~~~~~
firearms.cpp:3351:25: warning: ‘%s’ directive writing up to 49151 bytes into a region of size 49150 [-Wformat-overflow=]
 3351 |     sprintf (buffer, "#5%s", buf);
      |                         ^~   ~~~
firearms.cpp:3351:13: note: ‘sprintf’ output between 3 and 49154 bytes into a destination of size 49152
 3351 |     sprintf (buffer, "#5%s", buf);
      |     ~~~~~~~~^~~~~~~~~~~~~~~~~~~~~
firearms.cpp:3324:110: warning: ‘%s’ directive writing up to 49151 bytes into a region of size 49065 [-Wformat-overflow=]
 3324 |       sprintf (buf, "#1You are about to aim at $N #1who is a fellow group member!#0 To confirm, type \'#6aim %s !#0\', without the quotes.", original);
      |                                                                                                              ^~                              ~~~~~~~~
firearms.cpp:3324:15: note: ‘sprintf’ output between 114 and 49265 bytes into a destination of size 49152
 3324 |       sprintf (buf, "#1You are about to aim at $N #1who is a fellow group member!#0 To confirm, type \'#6aim %s !#0\', without the quotes.", original);
      |       ~~~~~~~~^~~~~~~~~~~~~~~~~~~~~~~~~~~~~~~~~~~~~~~~~~~~~~~~~~~~~~~~~~~~~~~~~~~~~~~~~~~~~~~~~~~~~~~~~~~~~~~~~~~~~~~~~~~~~~~~~~~~~~~~~~~~~~~~~~~~~~~~
firearms.cpp: In function ‘void do_firearm_fire(CHAR_DATA*, char*, int)’:
firearms.cpp:6221:31: warning: ‘%s’ directive writing up to 49151 bytes into a region of size 49150 [-Wformat-overflow=]
 6221 |           sprintf (buffer, "#5%s", buf3);
      |                               ^~   ~~~~
firearms.cpp:6221:19: note: ‘sprintf’ output between 3 and 49154 bytes into a destination of size 49152
 6221 |           sprintf (buffer, "#5%s", buf3);
      |           ~~~~~~~~^~~~~~~~~~~~~~~~~~~~~~
firearms.cpp:6180:31: warning: ‘%s’ directive writing up to 49151 bytes into a region of size 49150 [-Wformat-overflow=]
 6180 |           sprintf (buffer, "#2%s", buf3);  // color.  There is no good way to do this.  It's ugly, but it works.
      |                               ^~   ~~~~
firearms.cpp:6180:19: note: ‘sprintf’ output between 3 and 49154 bytes into a destination of size 49152
 6180 |           sprintf (buffer, "#2%s", buf3);  // color.  There is no good way to do this.  It's ugly, but it works.
      |           ~~~~~~~~^~~~~~~~~~~~~~~~~~~~~~
firearms.cpp:6192:31: warning: ‘%s’ directive writing up to 49151 bytes into a region of size 49150 [-Wformat-overflow=]
 6192 |           sprintf (buffer, "#2%s", buf4);
      |                               ^~   ~~~~
firearms.cpp:6192:19: note: ‘sprintf’ output between 3 and 49154 bytes into a destination of size 49152
 6192 |           sprintf (buffer, "#2%s", buf4);
      |           ~~~~~~~~^~~~~~~~~~~~~~~~~~~~~~
firearms.cpp:6206:31: warning: ‘%s’ directive writing up to 49151 bytes into a region of size 49150 [-Wformat-overflow=]
 6206 |           sprintf (buffer, "#2%s", buf5);
      |                               ^~   ~~~~
firearms.cpp:6206:19: note: ‘sprintf’ output between 3 and 49154 bytes into a destination of size 49152
 6206 |           sprintf (buffer, "#2%s", buf5);
      |           ~~~~~~~~^~~~~~~~~~~~~~~~~~~~~~
firearms.cpp:6241:27: warning: ‘%s’ directive writing up to 49151 bytes into a region of size 49150 [-Wformat-overflow=]
 6241 |       sprintf (buffer, "#5%s", buf2);
      |                           ^~   ~~~~
firearms.cpp:6241:15: note: ‘sprintf’ output between 3 and 49154 bytes into a destination of size 49152
 6241 |       sprintf (buffer, "#5%s", buf2);
      |       ~~~~~~~~^~~~~~~~~~~~~~~~~~~~~~
firearms.cpp:6145:43: warning: ‘%s’ directive writing up to 49151 bytes into a region of size 49135 [-Wformat-overflow=]
 6145 |       sprintf (buf, "You %sfire #2%s#0, #2%s %s%s#0 shooting %sward.",
      |                                           ^~
 6146 |         (af ? "rise from cover and " : ""),
 6147 |         obj_short_desc(firearm), buf6, shell_name[firearm->o.firearm.caliber], (fired == 1 ? "" : "s"),  arg);
      |                                  ~~~~      
firearms.cpp:6145:15: note: ‘sprintf’ output 36 or more bytes (assuming 98338) into a destination of size 49152
 6145 |       sprintf (buf, "You %sfire #2%s#0, #2%s %s%s#0 shooting %sward.",
      |       ~~~~~~~~^~~~~~~~~~~~~~~~~~~~~~~~~~~~~~~~~~~~~~~~~~~~~~~~~~~~~~~~
 6146 |         (af ? "rise from cover and " : ""),
      |         ~~~~~~~~~~~~~~~~~~~~~~~~~~~~~~~~~~~
 6147 |         obj_short_desc(firearm), buf6, shell_name[firearm->o.firearm.caliber], (fired == 1 ? "" : "s"),  arg);
      |         ~~~~~~~~~~~~~~~~~~~~~~~~~~~~~~~~~~~~~~~~~~~~~~~~~~~~~~~~~~~~~~~~~~~~~~~~~~~~~~~~~~~~~~~~~~~~~~~~~~~~~
firearms.cpp:6148:46: warning: ‘%s’ directive writing up to 49151 bytes into a region of size 49135 [-Wformat-overflow=]
 6148 |       sprintf (buf2, "%s#0 %sfires #2%s#0, #2%s %s%s#0 shooting %sward.",
      |                                              ^~
 6149 |         char_short(ch), (af ? "rise from cover and " : ""),
 6150 |         obj_short_desc(firearm), buf6, shell_name[firearm->o.firearm.caliber], (fired == 1 ? "" : "s"),  arg);
      |                                  ~~~~         
firearms.cpp:6148:15: note: ‘sprintf’ output 36 or more bytes (assuming 98338) into a destination of size 49152
 6148 |       sprintf (buf2, "%s#0 %sfires #2%s#0, #2%s %s%s#0 shooting %sward.",
      |       ~~~~~~~~^~~~~~~~~~~~~~~~~~~~~~~~~~~~~~~~~~~~~~~~~~~~~~~~~~~~~~~~~~~
 6149 |         char_short(ch), (af ? "rise from cover and " : ""),
      |         ~~~~~~~~~~~~~~~~~~~~~~~~~~~~~~~~~~~~~~~~~~~~~~~~~~~
 6150 |         obj_short_desc(firearm), buf6, shell_name[firearm->o.firearm.caliber], (fired == 1 ? "" : "s"),  arg);
      |         ~~~~~~~~~~~~~~~~~~~~~~~~~~~~~~~~~~~~~~~~~~~~~~~~~~~~~~~~~~~~~~~~~~~~~~~~~~~~~~~~~~~~~~~~~~~~~~~~~~~~~
firearms.cpp:6152:27: warning: ‘%s’ directive writing up to 49151 bytes into a region of size 49150 [-Wformat-overflow=]
 6152 |       sprintf (buffer, "#5%s", buf2);
      |                           ^~   ~~~~
firearms.cpp:6152:15: note: ‘sprintf’ output between 3 and 49154 bytes into a destination of size 49152
 6152 |       sprintf (buffer, "#5%s", buf2);
      |       ~~~~~~~~^~~~~~~~~~~~~~~~~~~~~~
firearms.cpp:6130:46: warning: ‘%s’ directive writing up to 49151 bytes into a region of size 49135 [-Wformat-overflow=]
 6130 |       sprintf (buf2, "%s#0 %sfires #2%s#0, #2%s %s%s#0 shooting into #2the %s#0.",
      |                                              ^~
 6131 |         char_short(ch), (af ? "rises from cover and " : ""),
 6132 |         obj_short_desc(firearm), buf6, shell_name[firearm->o.firearm.caliber], (fired == 1 ? "" : "s"), arg);
      |                                  ~~~~         
firearms.cpp:6130:15: note: ‘sprintf’ output 45 or more bytes (assuming 98347) into a destination of size 49152
 6130 |       sprintf (buf2, "%s#0 %sfires #2%s#0, #2%s %s%s#0 shooting into #2the %s#0.",
      |       ~~~~~~~~^~~~~~~~~~~~~~~~~~~~~~~~~~~~~~~~~~~~~~~~~~~~~~~~~~~~~~~~~~~~~~~~~~~~
 6131 |         char_short(ch), (af ? "rises from cover and " : ""),
      |         ~~~~~~~~~~~~~~~~~~~~~~~~~~~~~~~~~~~~~~~~~~~~~~~~~~~~
 6132 |         obj_short_desc(firearm), buf6, shell_name[firearm->o.firearm.caliber], (fired == 1 ? "" : "s"), arg);
      |         ~~~~~~~~~~~~~~~~~~~~~~~~~~~~~~~~~~~~~~~~~~~~~~~~~~~~~~~~~~~~~~~~~~~~~~~~~~~~~~~~~~~~~~~~~~~~~~~~~~~~
firearms.cpp:6134:27: warning: ‘%s’ directive writing up to 49151 bytes into a region of size 49150 [-Wformat-overflow=]
 6134 |       sprintf (buffer, "#5%s", buf2);
      |                           ^~   ~~~~
firearms.cpp:6134:15: note: ‘sprintf’ output between 3 and 49154 bytes into a destination of size 49152
 6134 |       sprintf (buffer, "#5%s", buf2);
      |       ~~~~~~~~^~~~~~~~~~~~~~~~~~~~~~
firearms.cpp:6138:64: warning: ‘%s’ directive writing up to 49151 bytes into a region of size 49114 [-Wformat-overflow=]
 6138 |       sprintf (buf, "You %ssqueeze the trigger001 of #2%s#0, #2%s %s%s#0 shooting into #2the %s#0.",
      |                                                                ^~
 6139 |         (af ? "rise from cover and " : ""),
 6140 |         obj_short_desc(firearm), buf6, shell_name[firearm->o.firearm.caliber], (fired == 1 ? "" : "s"), arg);
      |                                  ~~~~                           
firearms.cpp:6138:15: note: ‘sprintf’ output 66 or more bytes (assuming 98368) into a destination of size 49152
 6138 |       sprintf (buf, "You %ssqueeze the trigger001 of #2%s#0, #2%s %s%s#0 shooting into #2the %s#0.",
      |       ~~~~~~~~^~~~~~~~~~~~~~~~~~~~~~~~~~~~~~~~~~~~~~~~~~~~~~~~~~~~~~~~~~~~~~~~~~~~~~~~~~~~~~~~~~~~~~
 6139 |         (af ? "rise from cover and " : ""),
      |         ~~~~~~~~~~~~~~~~~~~~~~~~~~~~~~~~~~~
 6140 |         obj_short_desc(firearm), buf6, shell_name[firearm->o.firearm.caliber], (fired == 1 ? "" : "s"), arg);
      |         ~~~~~~~~~~~~~~~~~~~~~~~~~~~~~~~~~~~~~~~~~~~~~~~~~~~~~~~~~~~~~~~~~~~~~~~~~~~~~~~~~~~~~~~~~~~~~~~~~~~~
firearms.cpp:6435:45: warning: ‘%s’ directive writing up to 49151 bytes into a region of size 49147 [-Wformat-overflow=]
 6435 |           sprintf (buf + strlen(buf), " and %s", buf6);
      |                                             ^~   ~~~~
firearms.cpp:6435:19: note: ‘sprintf’ output between 6 and 49157 bytes into a destination of size 49152
 6435 |           sprintf (buf + strlen(buf), " and %s", buf6);
      |           ~~~~~~~~^~~~~~~~~~~~~~~~~~~~~~~~~~~~~~~~~~~~
firearms.cpp:6436:47: warning: ‘%s’ directive writing up to 49151 bytes into a region of size 49147 [-Wformat-overflow=]
 6436 |           sprintf (buf2 + strlen(buf2), " and %s", buf6);
      |                                               ^~   ~~~~
firearms.cpp:6436:19: note: ‘sprintf’ output between 6 and 49157 bytes into a destination of size 49152
 6436 |           sprintf (buf2 + strlen(buf2), " and %s", buf6);
      |           ~~~~~~~~^~~~~~~~~~~~~~~~~~~~~~~~~~~~~~~~~~~~~~
firearms.cpp:6437:47: warning: ‘%s’ directive writing up to 49151 bytes into a region of size 49147 [-Wformat-overflow=]
 6437 |           sprintf (buf3 + strlen(buf3), " and %s", buf6);
      |                                               ^~   ~~~~
firearms.cpp:6437:19: note: ‘sprintf’ output between 6 and 49157 bytes into a destination of size 49152
 6437 |           sprintf (buf3 + strlen(buf3), " and %s", buf6);
      |           ~~~~~~~~^~~~~~~~~~~~~~~~~~~~~~~~~~~~~~~~~~~~~~
firearms.cpp:6429:42: warning: ‘%s’ directive writing up to 49151 bytes into a region of size 49150 [-Wformat-overflow=]
 6429 |           sprintf (buf + strlen(buf), ", %s", buf6);
      |                                          ^~   ~~~~
firearms.cpp:6429:19: note: ‘sprintf’ output between 3 and 49154 bytes into a destination of size 49152
 6429 |           sprintf (buf + strlen(buf), ", %s", buf6);
      |           ~~~~~~~~^~~~~~~~~~~~~~~~~~~~~~~~~~~~~~~~~
firearms.cpp:6430:44: warning: ‘%s’ directive writing up to 49151 bytes into a region of size 49150 [-Wformat-overflow=]
 6430 |           sprintf (buf2 + strlen(buf2), ", %s", buf6);
      |                                            ^~   ~~~~
firearms.cpp:6430:19: note: ‘sprintf’ output between 3 and 49154 bytes into a destination of size 49152
 6430 |           sprintf (buf2 + strlen(buf2), ", %s", buf6);
      |           ~~~~~~~~^~~~~~~~~~~~~~~~~~~~~~~~~~~~~~~~~~~
firearms.cpp:6431:44: warning: ‘%s’ directive writing up to 49151 bytes into a region of size 49150 [-Wformat-overflow=]
 6431 |           sprintf (buf3 + strlen(buf3), ", %s", buf6);
      |                                            ^~   ~~~~
firearms.cpp:6431:19: note: ‘sprintf’ output between 3 and 49154 bytes into a destination of size 49152
 6431 |           sprintf (buf3 + strlen(buf3), ", %s", buf6);
      |           ~~~~~~~~^~~~~~~~~~~~~~~~~~~~~~~~~~~~~~~~~~~
firearms.cpp:6527:45: warning: ‘%s’ directive writing up to 49151 bytes into a region of size 49147 [-Wformat-overflow=]
 6527 |           sprintf (buf + strlen(buf), " and %s", buf6);
      |                                             ^~   ~~~~
firearms.cpp:6527:19: note: ‘sprintf’ output between 6 and 49157 bytes into a destination of size 49152
 6527 |           sprintf (buf + strlen(buf), " and %s", buf6);
      |           ~~~~~~~~^~~~~~~~~~~~~~~~~~~~~~~~~~~~~~~~~~~~
firearms.cpp:6528:47: warning: ‘%s’ directive writing up to 49151 bytes into a region of size 49147 [-Wformat-overflow=]
 6528 |           sprintf (buf2 + strlen(buf2), " and %s", buf6);
      |                                               ^~   ~~~~
firearms.cpp:6528:19: note: ‘sprintf’ output between 6 and 49157 bytes into a destination of size 49152
 6528 |           sprintf (buf2 + strlen(buf2), " and %s", buf6);
      |           ~~~~~~~~^~~~~~~~~~~~~~~~~~~~~~~~~~~~~~~~~~~~~~
firearms.cpp:6529:47: warning: ‘%s’ directive writing up to 49151 bytes into a region of size 49147 [-Wformat-overflow=]
 6529 |           sprintf (buf3 + strlen(buf3), " and %s", buf6);
      |                                               ^~   ~~~~
firearms.cpp:6529:19: note: ‘sprintf’ output between 6 and 49157 bytes into a destination of size 49152
 6529 |           sprintf (buf3 + strlen(buf3), " and %s", buf6);
      |           ~~~~~~~~^~~~~~~~~~~~~~~~~~~~~~~~~~~~~~~~~~~~~~
firearms.cpp:6521:42: warning: ‘%s’ directive writing up to 49151 bytes into a region of size 49150 [-Wformat-overflow=]
 6521 |           sprintf (buf + strlen(buf), ", %s", buf6);
      |                                          ^~   ~~~~
firearms.cpp:6521:19: note: ‘sprintf’ output between 3 and 49154 bytes into a destination of size 49152
 6521 |           sprintf (buf + strlen(buf), ", %s", buf6);
      |           ~~~~~~~~^~~~~~~~~~~~~~~~~~~~~~~~~~~~~~~~~
firearms.cpp:6522:44: warning: ‘%s’ directive writing up to 49151 bytes into a region of size 49150 [-Wformat-overflow=]
 6522 |           sprintf (buf2 + strlen(buf2), ", %s", buf6);
      |                                            ^~   ~~~~
firearms.cpp:6522:19: note: ‘sprintf’ output between 3 and 49154 bytes into a destination of size 49152
 6522 |           sprintf (buf2 + strlen(buf2), ", %s", buf6);
      |           ~~~~~~~~^~~~~~~~~~~~~~~~~~~~~~~~~~~~~~~~~~~
firearms.cpp:6523:44: warning: ‘%s’ directive writing up to 49151 bytes into a region of size 49150 [-Wformat-overflow=]
 6523 |           sprintf (buf3 + strlen(buf3), ", %s", buf6);
      |                                            ^~   ~~~~
firearms.cpp:6523:19: note: ‘sprintf’ output between 3 and 49154 bytes into a destination of size 49152
 6523 |           sprintf (buf3 + strlen(buf3), ", %s", buf6);
      |           ~~~~~~~~^~~~~~~~~~~~~~~~~~~~~~~~~~~~~~~~~~~
firearms.cpp:6623:45: warning: ‘%s’ directive writing up to 49151 bytes into a region of size 49147 [-Wformat-overflow=]
 6623 |           sprintf (buf + strlen(buf), " and %s", buf6);
      |                                             ^~   ~~~~
firearms.cpp:6623:19: note: ‘sprintf’ output between 6 and 49157 bytes into a destination of size 49152
 6623 |           sprintf (buf + strlen(buf), " and %s", buf6);
      |           ~~~~~~~~^~~~~~~~~~~~~~~~~~~~~~~~~~~~~~~~~~~~
firearms.cpp:6624:47: warning: ‘%s’ directive writing up to 49151 bytes into a region of size 49147 [-Wformat-overflow=]
 6624 |           sprintf (buf2 + strlen(buf2), " and %s", buf6);
      |                                               ^~   ~~~~
firearms.cpp:6624:19: note: ‘sprintf’ output between 6 and 49157 bytes into a destination of size 49152
 6624 |           sprintf (buf2 + strlen(buf2), " and %s", buf6);
      |           ~~~~~~~~^~~~~~~~~~~~~~~~~~~~~~~~~~~~~~~~~~~~~~
firearms.cpp:6625:47: warning: ‘%s’ directive writing up to 49151 bytes into a region of size 49147 [-Wformat-overflow=]
 6625 |           sprintf (buf3 + strlen(buf3), " and %s", buf6);
      |                                               ^~   ~~~~
firearms.cpp:6625:19: note: ‘sprintf’ output between 6 and 49157 bytes into a destination of size 49152
 6625 |           sprintf (buf3 + strlen(buf3), " and %s", buf6);
      |           ~~~~~~~~^~~~~~~~~~~~~~~~~~~~~~~~~~~~~~~~~~~~~~
firearms.cpp:6617:42: warning: ‘%s’ directive writing up to 49151 bytes into a region of size 49150 [-Wformat-overflow=]
 6617 |           sprintf (buf + strlen(buf), ", %s", buf6);
      |                                          ^~   ~~~~
firearms.cpp:6617:19: note: ‘sprintf’ output between 3 and 49154 bytes into a destination of size 49152
 6617 |           sprintf (buf + strlen(buf), ", %s", buf6);
      |           ~~~~~~~~^~~~~~~~~~~~~~~~~~~~~~~~~~~~~~~~~
firearms.cpp:6618:44: warning: ‘%s’ directive writing up to 49151 bytes into a region of size 49150 [-Wformat-overflow=]
 6618 |           sprintf (buf2 + strlen(buf2), ", %s", buf6);
      |                                            ^~   ~~~~
firearms.cpp:6618:19: note: ‘sprintf’ output between 3 and 49154 bytes into a destination of size 49152
 6618 |           sprintf (buf2 + strlen(buf2), ", %s", buf6);
      |           ~~~~~~~~^~~~~~~~~~~~~~~~~~~~~~~~~~~~~~~~~~~
firearms.cpp:6619:44: warning: ‘%s’ directive writing up to 49151 bytes into a region of size 49150 [-Wformat-overflow=]
 6619 |           sprintf (buf3 + strlen(buf3), ", %s", buf6);
      |                                            ^~   ~~~~
firearms.cpp:6619:19: note: ‘sprintf’ output between 3 and 49154 bytes into a destination of size 49152
 6619 |           sprintf (buf3 + strlen(buf3), ", %s", buf6);
      |           ~~~~~~~~^~~~~~~~~~~~~~~~~~~~~~~~~~~~~~~~~~~
firearms.cpp:6714:45: warning: ‘%s’ directive writing up to 49151 bytes into a region of size 49147 [-Wformat-overflow=]
 6714 |           sprintf (buf + strlen(buf), " and %s", buf6);
      |                                             ^~   ~~~~
firearms.cpp:6714:19: note: ‘sprintf’ output between 6 and 49157 bytes into a destination of size 49152
 6714 |           sprintf (buf + strlen(buf), " and %s", buf6);
      |           ~~~~~~~~^~~~~~~~~~~~~~~~~~~~~~~~~~~~~~~~~~~~
firearms.cpp:6715:47: warning: ‘%s’ directive writing up to 49151 bytes into a region of size 49147 [-Wformat-overflow=]
 6715 |           sprintf (buf2 + strlen(buf2), " and %s", buf6);
      |                                               ^~   ~~~~
firearms.cpp:6715:19: note: ‘sprintf’ output between 6 and 49157 bytes into a destination of size 49152
 6715 |           sprintf (buf2 + strlen(buf2), " and %s", buf6);
      |           ~~~~~~~~^~~~~~~~~~~~~~~~~~~~~~~~~~~~~~~~~~~~~~
firearms.cpp:6716:47: warning: ‘%s’ directive writing up to 49151 bytes into a region of size 49147 [-Wformat-overflow=]
 6716 |           sprintf (buf3 + strlen(buf3), " and %s", buf6);
      |                                               ^~   ~~~~
firearms.cpp:6716:19: note: ‘sprintf’ output between 6 and 49157 bytes into a destination of size 49152
 6716 |           sprintf (buf3 + strlen(buf3), " and %s", buf6);
      |           ~~~~~~~~^~~~~~~~~~~~~~~~~~~~~~~~~~~~~~~~~~~~~~
firearms.cpp:6708:42: warning: ‘%s’ directive writing up to 49151 bytes into a region of size 49150 [-Wformat-overflow=]
 6708 |           sprintf (buf + strlen(buf), ", %s", buf6);
      |                                          ^~   ~~~~
firearms.cpp:6708:19: note: ‘sprintf’ output between 3 and 49154 bytes into a destination of size 49152
 6708 |           sprintf (buf + strlen(buf), ", %s", buf6);
      |           ~~~~~~~~^~~~~~~~~~~~~~~~~~~~~~~~~~~~~~~~~
firearms.cpp:6709:44: warning: ‘%s’ directive writing up to 49151 bytes into a region of size 49150 [-Wformat-overflow=]
 6709 |           sprintf (buf2 + strlen(buf2), ", %s", buf6);
      |                                            ^~   ~~~~
firearms.cpp:6709:19: note: ‘sprintf’ output between 3 and 49154 bytes into a destination of size 49152
 6709 |           sprintf (buf2 + strlen(buf2), ", %s", buf6);
      |           ~~~~~~~~^~~~~~~~~~~~~~~~~~~~~~~~~~~~~~~~~~~
firearms.cpp:6710:44: warning: ‘%s’ directive writing up to 49151 bytes into a region of size 49150 [-Wformat-overflow=]
 6710 |           sprintf (buf3 + strlen(buf3), ", %s", buf6);
      |                                            ^~   ~~~~
firearms.cpp:6710:19: note: ‘sprintf’ output between 3 and 49154 bytes into a destination of size 49152
 6710 |           sprintf (buf3 + strlen(buf3), ", %s", buf6);
      |           ~~~~~~~~^~~~~~~~~~~~~~~~~~~~~~~~~~~~~~~~~~~
firearms.cpp:6785:51: warning: ‘%s’ directive writing up to 49151 bytes into a region of size 49132 [-Wformat-overflow=]
 6785 |       sprintf(buf + strlen(buf), " %s across your %s",
      |                                                   ^~
......
 6791 |         buf7);
      |         ~~~~                                       
firearms.cpp:6785:14: note: ‘sprintf’ output 21 or more bytes (assuming 49172) into a destination of size 49152
 6785 |       sprintf(buf + strlen(buf), " %s across your %s",
      |       ~~~~~~~^~~~~~~~~~~~~~~~~~~~~~~~~~~~~~~~~~~~~~~~~
 6786 |         (!number(0,5) ? "glances" :
      |         ~~~~~~~~~~~~~~~~~~~~~~~~~~~
 6787 |         !number(0,4) ? "grazes" :
      |         ~~~~~~~~~~~~~~~~~~~~~~~~~
 6788 |         !number(0,3) ? "brushes" :
      |         ~~~~~~~~~~~~~~~~~~~~~~~~~~
 6789 |         !number(0,2) ? "scratches " :
      |         ~~~~~~~~~~~~~~~~~~~~~~~~~~~~~
 6790 |         !number(0,1) ? "scrapes" : "shaves"),
      |         ~~~~~~~~~~~~~~~~~~~~~~~~~~~~~~~~~~~~~
 6791 |         buf7);
      |         ~~~~~ 
firearms.cpp:6793:51: warning: ‘%s’ directive writing up to 49151 bytes into a region of size 49133 [-Wformat-overflow=]
 6793 |       sprintf(buf2 + strlen(buf2), " %s across %s %s",
      |                                                   ^~
......
 6800 |         buf7);
      |         ~~~~                                       
firearms.cpp:6793:14: note: ‘sprintf’ output 20 or more bytes (assuming 49171) into a destination of size 49152
 6793 |       sprintf(buf2 + strlen(buf2), " %s across %s %s",
      |       ~~~~~~~^~~~~~~~~~~~~~~~~~~~~~~~~~~~~~~~~~~~~~~~~
 6794 |         (!number(0,5) ? "glances" :
      |         ~~~~~~~~~~~~~~~~~~~~~~~~~~~
 6795 |         !number(0,4) ? "grazes" :
      |         ~~~~~~~~~~~~~~~~~~~~~~~~~
 6796 |         !number(0,3) ? "brushes" :
      |         ~~~~~~~~~~~~~~~~~~~~~~~~~~
 6797 |         !number(0,2) ? "scratches " :
      |         ~~~~~~~~~~~~~~~~~~~~~~~~~~~~~
 6798 |         !number(0,1) ? "scrapes" : "shaves"),
      |         ~~~~~~~~~~~~~~~~~~~~~~~~~~~~~~~~~~~~~
 6799 |         HSHR(target),
      |         ~~~~~~~~~~~~~
 6800 |         buf7);
      |         ~~~~~ 
firearms.cpp:6802:51: warning: ‘%s’ directive writing up to 49151 bytes into a region of size 49133 [-Wformat-overflow=]
 6802 |       sprintf(buf3 + strlen(buf3), " %s across %s %s",
      |                                                   ^~
......
 6809 |         buf7);
      |         ~~~~                                       
firearms.cpp:6802:14: note: ‘sprintf’ output 20 or more bytes (assuming 49171) into a destination of size 49152
 6802 |       sprintf(buf3 + strlen(buf3), " %s across %s %s",
      |       ~~~~~~~^~~~~~~~~~~~~~~~~~~~~~~~~~~~~~~~~~~~~~~~~
 6803 |         (!number(0,5) ? "glances" :
      |         ~~~~~~~~~~~~~~~~~~~~~~~~~~~
 6804 |         !number(0,4) ? "grazes" :
      |         ~~~~~~~~~~~~~~~~~~~~~~~~~
 6805 |         !number(0,3) ? "brushes" :
      |         ~~~~~~~~~~~~~~~~~~~~~~~~~~
 6806 |         !number(0,2) ? "scratches " :
      |         ~~~~~~~~~~~~~~~~~~~~~~~~~~~~~
 6807 |         !number(0,1) ? "scrapes" : "shaves"),
      |         ~~~~~~~~~~~~~~~~~~~~~~~~~~~~~~~~~~~~~
 6808 |         HSHR(target),
      |         ~~~~~~~~~~~~~
 6809 |         buf7);
      |         ~~~~~ 
firearms.cpp:6863:45: warning: ‘%s’ directive writing up to 49151 bytes into a region of size 49147 [-Wformat-overflow=]
 6863 |           sprintf (buf + strlen(buf), " and %s", buf6);
      |                                             ^~   ~~~~
firearms.cpp:6863:19: note: ‘sprintf’ output between 6 and 49157 bytes into a destination of size 49152
 6863 |           sprintf (buf + strlen(buf), " and %s", buf6);
      |           ~~~~~~~~^~~~~~~~~~~~~~~~~~~~~~~~~~~~~~~~~~~~
firearms.cpp:6864:47: warning: ‘%s’ directive writing up to 49151 bytes into a region of size 49147 [-Wformat-overflow=]
 6864 |           sprintf (buf2 + strlen(buf2), " and %s", buf6);
      |                                               ^~   ~~~~
firearms.cpp:6864:19: note: ‘sprintf’ output between 6 and 49157 bytes into a destination of size 49152
 6864 |           sprintf (buf2 + strlen(buf2), " and %s", buf6);
      |           ~~~~~~~~^~~~~~~~~~~~~~~~~~~~~~~~~~~~~~~~~~~~~~
firearms.cpp:6865:47: warning: ‘%s’ directive writing up to 49151 bytes into a region of size 49147 [-Wformat-overflow=]
 6865 |           sprintf (buf3 + strlen(buf3), " and %s", buf6);
      |                                               ^~   ~~~~
firearms.cpp:6865:19: note: ‘sprintf’ output between 6 and 49157 bytes into a destination of size 49152
 6865 |           sprintf (buf3 + strlen(buf3), " and %s", buf6);
      |           ~~~~~~~~^~~~~~~~~~~~~~~~~~~~~~~~~~~~~~~~~~~~~~
firearms.cpp:6857:42: warning: ‘%s’ directive writing up to 49151 bytes into a region of size 49150 [-Wformat-overflow=]
 6857 |           sprintf (buf + strlen(buf), ", %s", buf6);
      |                                          ^~   ~~~~
firearms.cpp:6857:19: note: ‘sprintf’ output between 3 and 49154 bytes into a destination of size 49152
 6857 |           sprintf (buf + strlen(buf), ", %s", buf6);
      |           ~~~~~~~~^~~~~~~~~~~~~~~~~~~~~~~~~~~~~~~~~
firearms.cpp:6858:44: warning: ‘%s’ directive writing up to 49151 bytes into a region of size 49150 [-Wformat-overflow=]
 6858 |           sprintf (buf2 + strlen(buf2), ", %s", buf6);
      |                                            ^~   ~~~~
firearms.cpp:6858:19: note: ‘sprintf’ output between 3 and 49154 bytes into a destination of size 49152
 6858 |           sprintf (buf2 + strlen(buf2), ", %s", buf6);
      |           ~~~~~~~~^~~~~~~~~~~~~~~~~~~~~~~~~~~~~~~~~~~
firearms.cpp:6859:44: warning: ‘%s’ directive writing up to 49151 bytes into a region of size 49150 [-Wformat-overflow=]
 6859 |           sprintf (buf3 + strlen(buf3), ", %s", buf6);
      |                                            ^~   ~~~~
firearms.cpp:6859:19: note: ‘sprintf’ output between 3 and 49154 bytes into a destination of size 49152
 6859 |           sprintf (buf3 + strlen(buf3), ", %s", buf6);
      |           ~~~~~~~~^~~~~~~~~~~~~~~~~~~~~~~~~~~~~~~~~~~
firearms.cpp:6934:41: warning: ‘%s’ directive writing up to 49151 bytes into a region of size 49141 [-Wformat-overflow=]
 6934 |       sprintf(buf + strlen(buf), " %s #2%s#0",
      |                                         ^~
......
 6937 |         buf7);
      |         ~~~~                             
firearms.cpp:6934:14: note: ‘sprintf’ output 14 or more bytes (assuming 49165) into a destination of size 49152
 6934 |       sprintf(buf + strlen(buf), " %s #2%s#0",
      |       ~~~~~~~^~~~~~~~~~~~~~~~~~~~~~~~~~~~~~~~~
 6935 |         (!number(0,2) ? "strikes" :
      |         ~~~~~~~~~~~~~~~~~~~~~~~~~~~
 6936 |         !number(0,1) ? "slams in to" : "thuds against"),
      |         ~~~~~~~~~~~~~~~~~~~~~~~~~~~~~~~~~~~~~~~~~~~~~~~~
 6937 |         buf7);
      |         ~~~~~ 
firearms.cpp:6938:46: warning: ‘%s’ directive writing up to 49151 bytes into a region of size 49137 [-Wformat-overflow=]
 6938 |       sprintf(buf2 + strlen(buf2), " %s %s #2%s#0",
      |                                              ^~
......
 6941 |         HSHR(target), buf7);
      |                       ~~~~                    
firearms.cpp:6938:14: note: ‘sprintf’ output 18 or more bytes (assuming 49169) into a destination of size 49152
 6938 |       sprintf(buf2 + strlen(buf2), " %s %s #2%s#0",
      |       ~~~~~~~^~~~~~~~~~~~~~~~~~~~~~~~~~~~~~~~~~~~~~
 6939 |         (!number(0,2) ? "strikes" :
      |         ~~~~~~~~~~~~~~~~~~~~~~~~~~~
 6940 |         !number(0,1) ? "slams in to" : "thuds against"),
      |         ~~~~~~~~~~~~~~~~~~~~~~~~~~~~~~~~~~~~~~~~~~~~~~~~
 6941 |         HSHR(target), buf7);
      |         ~~~~~~~~~~~~~~~~~~~
firearms.cpp:6942:46: warning: ‘%s’ directive writing up to 49151 bytes into a region of size 49137 [-Wformat-overflow=]
 6942 |       sprintf(buf3 + strlen(buf3), " %s %s #2%s#0",
      |                                              ^~
......
 6945 |         HSHR(target), buf7);
      |                       ~~~~                    
firearms.cpp:6942:14: note: ‘sprintf’ output 18 or more bytes (assuming 49169) into a destination of size 49152
 6942 |       sprintf(buf3 + strlen(buf3), " %s %s #2%s#0",
      |       ~~~~~~~^~~~~~~~~~~~~~~~~~~~~~~~~~~~~~~~~~~~~~
 6943 |         (!number(0,2) ? "strikes" :
      |         ~~~~~~~~~~~~~~~~~~~~~~~~~~~
 6944 |         !number(0,1) ? "slams in to" : "thuds against"),
      |         ~~~~~~~~~~~~~~~~~~~~~~~~~~~~~~~~~~~~~~~~~~~~~~~~
 6945 |         HSHR(target), buf7);
      |         ~~~~~~~~~~~~~~~~~~~
firearms.cpp:7000:45: warning: ‘%s’ directive writing up to 49151 bytes into a region of size 49147 [-Wformat-overflow=]
 7000 |           sprintf (buf + strlen(buf), " and %s", buf6);
      |                                             ^~   ~~~~
firearms.cpp:7000:19: note: ‘sprintf’ output between 6 and 49157 bytes into a destination of size 49152
 7000 |           sprintf (buf + strlen(buf), " and %s", buf6);
      |           ~~~~~~~~^~~~~~~~~~~~~~~~~~~~~~~~~~~~~~~~~~~~
firearms.cpp:7001:47: warning: ‘%s’ directive writing up to 49151 bytes into a region of size 49147 [-Wformat-overflow=]
 7001 |           sprintf (buf2 + strlen(buf2), " and %s", buf6);
      |                                               ^~   ~~~~
firearms.cpp:7001:19: note: ‘sprintf’ output between 6 and 49157 bytes into a destination of size 49152
 7001 |           sprintf (buf2 + strlen(buf2), " and %s", buf6);
      |           ~~~~~~~~^~~~~~~~~~~~~~~~~~~~~~~~~~~~~~~~~~~~~~
firearms.cpp:7002:47: warning: ‘%s’ directive writing up to 49151 bytes into a region of size 49147 [-Wformat-overflow=]
 7002 |           sprintf (buf3 + strlen(buf3), " and %s", buf6);
      |                                               ^~   ~~~~
firearms.cpp:7002:19: note: ‘sprintf’ output between 6 and 49157 bytes into a destination of size 49152
 7002 |           sprintf (buf3 + strlen(buf3), " and %s", buf6);
      |           ~~~~~~~~^~~~~~~~~~~~~~~~~~~~~~~~~~~~~~~~~~~~~~
firearms.cpp:6994:42: warning: ‘%s’ directive writing up to 49151 bytes into a region of size 49150 [-Wformat-overflow=]
 6994 |           sprintf (buf + strlen(buf), ", %s", buf6);
      |                                          ^~   ~~~~
firearms.cpp:6994:19: note: ‘sprintf’ output between 3 and 49154 bytes into a destination of size 49152
 6994 |           sprintf (buf + strlen(buf), ", %s", buf6);
      |           ~~~~~~~~^~~~~~~~~~~~~~~~~~~~~~~~~~~~~~~~~
firearms.cpp:6995:44: warning: ‘%s’ directive writing up to 49151 bytes into a region of size 49150 [-Wformat-overflow=]
 6995 |           sprintf (buf2 + strlen(buf2), ", %s", buf6);
      |                                            ^~   ~~~~
firearms.cpp:6995:19: note: ‘sprintf’ output between 3 and 49154 bytes into a destination of size 49152
 6995 |           sprintf (buf2 + strlen(buf2), ", %s", buf6);
      |           ~~~~~~~~^~~~~~~~~~~~~~~~~~~~~~~~~~~~~~~~~~~
firearms.cpp:6996:44: warning: ‘%s’ directive writing up to 49151 bytes into a region of size 49150 [-Wformat-overflow=]
 6996 |           sprintf (buf3 + strlen(buf3), ", %s", buf6);
      |                                            ^~   ~~~~
firearms.cpp:6996:19: note: ‘sprintf’ output between 3 and 49154 bytes into a destination of size 49152
 6996 |           sprintf (buf3 + strlen(buf3), ", %s", buf6);
      |           ~~~~~~~~^~~~~~~~~~~~~~~~~~~~~~~~~~~~~~~~~~~
firearms.cpp:7078:46: warning: ‘%s’ directive writing up to 49151 bytes into a region of size 49137 [-Wformat-overflow=]
 7078 |         sprintf(buf + strlen(buf), " %s your %s",
      |                                              ^~
......
 7081 |           buf7);
      |           ~~~~                                
firearms.cpp:7078:16: note: ‘sprintf’ output 16 or more bytes (assuming 49167) into a destination of size 49152
 7078 |         sprintf(buf + strlen(buf), " %s your %s",
      |         ~~~~~~~^~~~~~~~~~~~~~~~~~~~~~~~~~~~~~~~~~
 7079 |           (!number(0,2) ? "lodges in" :
      |           ~~~~~~~~~~~~~~~~~~~~~~~~~~~~~
 7080 |           !number(0,1) ? "ruptures" : "punctures"),
      |           ~~~~~~~~~~~~~~~~~~~~~~~~~~~~~~~~~~~~~~~~~
 7081 |           buf7);
      |           ~~~~~ 
firearms.cpp:7083:46: warning: ‘%s’ directive writing up to 49151 bytes into a region of size 49138 [-Wformat-overflow=]
 7083 |         sprintf(buf2 + strlen(buf2), " %s %s %s",
      |                                              ^~
......
 7087 |           buf7);
      |           ~~~~                                
firearms.cpp:7083:16: note: ‘sprintf’ output 15 or more bytes (assuming 49166) into a destination of size 49152
 7083 |         sprintf(buf2 + strlen(buf2), " %s %s %s",
      |         ~~~~~~~^~~~~~~~~~~~~~~~~~~~~~~~~~~~~~~~~~
 7084 |           (!number(0,2) ? "lodges in" :
      |           ~~~~~~~~~~~~~~~~~~~~~~~~~~~~~
 7085 |           !number(0,1) ? "ruptures" : "punctures"),
      |           ~~~~~~~~~~~~~~~~~~~~~~~~~~~~~~~~~~~~~~~~~
 7086 |           HSHR(target),
      |           ~~~~~~~~~~~~~
 7087 |           buf7);
      |           ~~~~~ 
firearms.cpp:7089:46: warning: ‘%s’ directive writing up to 49151 bytes into a region of size 49138 [-Wformat-overflow=]
 7089 |         sprintf(buf3 + strlen(buf3), " %s %s %s",
      |                                              ^~
......
 7093 |           buf7);
      |           ~~~~                                
firearms.cpp:7089:16: note: ‘sprintf’ output 15 or more bytes (assuming 49166) into a destination of size 49152
 7089 |         sprintf(buf3 + strlen(buf3), " %s %s %s",
      |         ~~~~~~~^~~~~~~~~~~~~~~~~~~~~~~~~~~~~~~~~~
 7090 |           (!number(0,2) ? "lodges in" :
      |           ~~~~~~~~~~~~~~~~~~~~~~~~~~~~~
 7091 |           !number(0,1) ? "ruptures" : "punctures"),
      |           ~~~~~~~~~~~~~~~~~~~~~~~~~~~~~~~~~~~~~~~~~
 7092 |           HSHR(target),
      |           ~~~~~~~~~~~~~
 7093 |           buf7);
      |           ~~~~~ 
firearms.cpp:7148:45: warning: ‘%s’ directive writing up to 49151 bytes into a region of size 49147 [-Wformat-overflow=]
 7148 |           sprintf (buf + strlen(buf), " and %s", buf6);
      |                                             ^~   ~~~~
firearms.cpp:7148:19: note: ‘sprintf’ output between 6 and 49157 bytes into a destination of size 49152
 7148 |           sprintf (buf + strlen(buf), " and %s", buf6);
      |           ~~~~~~~~^~~~~~~~~~~~~~~~~~~~~~~~~~~~~~~~~~~~
firearms.cpp:7149:47: warning: ‘%s’ directive writing up to 49151 bytes into a region of size 49147 [-Wformat-overflow=]
 7149 |           sprintf (buf2 + strlen(buf2), " and %s", buf6);
      |                                               ^~   ~~~~
firearms.cpp:7149:19: note: ‘sprintf’ output between 6 and 49157 bytes into a destination of size 49152
 7149 |           sprintf (buf2 + strlen(buf2), " and %s", buf6);
      |           ~~~~~~~~^~~~~~~~~~~~~~~~~~~~~~~~~~~~~~~~~~~~~~
firearms.cpp:7150:47: warning: ‘%s’ directive writing up to 49151 bytes into a region of size 49147 [-Wformat-overflow=]
 7150 |           sprintf (buf3 + strlen(buf3), " and %s", buf6);
      |                                               ^~   ~~~~
firearms.cpp:7150:19: note: ‘sprintf’ output between 6 and 49157 bytes into a destination of size 49152
 7150 |           sprintf (buf3 + strlen(buf3), " and %s", buf6);
      |           ~~~~~~~~^~~~~~~~~~~~~~~~~~~~~~~~~~~~~~~~~~~~~~
firearms.cpp:7142:42: warning: ‘%s’ directive writing up to 49151 bytes into a region of size 49150 [-Wformat-overflow=]
 7142 |           sprintf (buf + strlen(buf), ", %s", buf6);
      |                                          ^~   ~~~~
firearms.cpp:7142:19: note: ‘sprintf’ output between 3 and 49154 bytes into a destination of size 49152
 7142 |           sprintf (buf + strlen(buf), ", %s", buf6);
      |           ~~~~~~~~^~~~~~~~~~~~~~~~~~~~~~~~~~~~~~~~~
firearms.cpp:7143:44: warning: ‘%s’ directive writing up to 49151 bytes into a region of size 49150 [-Wformat-overflow=]
 7143 |           sprintf (buf2 + strlen(buf2), ", %s", buf6);
      |                                            ^~   ~~~~
firearms.cpp:7143:19: note: ‘sprintf’ output between 3 and 49154 bytes into a destination of size 49152
 7143 |           sprintf (buf2 + strlen(buf2), ", %s", buf6);
      |           ~~~~~~~~^~~~~~~~~~~~~~~~~~~~~~~~~~~~~~~~~~~
firearms.cpp:7144:44: warning: ‘%s’ directive writing up to 49151 bytes into a region of size 49150 [-Wformat-overflow=]
 7144 |           sprintf (buf3 + strlen(buf3), ", %s", buf6);
      |                                            ^~   ~~~~
firearms.cpp:7144:19: note: ‘sprintf’ output between 3 and 49154 bytes into a destination of size 49152
 7144 |           sprintf (buf3 + strlen(buf3), ", %s", buf6);
      |           ~~~~~~~~^~~~~~~~~~~~~~~~~~~~~~~~~~~~~~~~~~~
firearms.cpp:7219:44: warning: ‘%s’ directive writing up to 49151 bytes into a region of size 49131 [-Wformat-overflow=]
 7219 |       sprintf(buf + strlen(buf), " %s your %s",
      |                                            ^~
......
 7222 |         buf7);
      |         ~~~~                                
firearms.cpp:7219:14: note: ‘sprintf’ output 22 or more bytes (assuming 49173) into a destination of size 49152
 7219 |       sprintf(buf + strlen(buf), " %s your %s",
      |       ~~~~~~~^~~~~~~~~~~~~~~~~~~~~~~~~~~~~~~~~~
 7220 |         (!number(0,2) ? "shoots through" :
      |         ~~~~~~~~~~~~~~~~~~~~~~~~~~~~~~~~~~
 7221 |         !number(0,1) ? "stabs straight through" : "penetrates through"),
      |         ~~~~~~~~~~~~~~~~~~~~~~~~~~~~~~~~~~~~~~~~~~~~~~~~~~~~~~~~~~~~~~~~
 7222 |         buf7);
      |         ~~~~~ 
firearms.cpp:7224:44: warning: ‘%s’ directive writing up to 49151 bytes into a region of size 49132 [-Wformat-overflow=]
 7224 |       sprintf(buf2 + strlen(buf2), " %s %s %s",
      |                                            ^~
......
 7228 |         buf7);
      |         ~~~~                                
firearms.cpp:7224:14: note: ‘sprintf’ output 21 or more bytes (assuming 49172) into a destination of size 49152
 7224 |       sprintf(buf2 + strlen(buf2), " %s %s %s",
      |       ~~~~~~~^~~~~~~~~~~~~~~~~~~~~~~~~~~~~~~~~~
 7225 |         (!number(0,2) ? "shoots through" :
      |         ~~~~~~~~~~~~~~~~~~~~~~~~~~~~~~~~~~
 7226 |         !number(0,1) ? "stabs straight through" : "penetrates through"),
      |         ~~~~~~~~~~~~~~~~~~~~~~~~~~~~~~~~~~~~~~~~~~~~~~~~~~~~~~~~~~~~~~~~
 7227 |         HSHR(target),
      |         ~~~~~~~~~~~~~
 7228 |         buf7);
      |         ~~~~~ 
firearms.cpp:7230:44: warning: ‘%s’ directive writing up to 49151 bytes into a region of size 49132 [-Wformat-overflow=]
 7230 |       sprintf(buf3 + strlen(buf3), " %s %s %s",
      |                                            ^~
......
 7234 |         buf7);
      |         ~~~~                                
firearms.cpp:7230:14: note: ‘sprintf’ output 21 or more bytes (assuming 49172) into a destination of size 49152
 7230 |       sprintf(buf3 + strlen(buf3), " %s %s %s",
      |       ~~~~~~~^~~~~~~~~~~~~~~~~~~~~~~~~~~~~~~~~~
 7231 |         (!number(0,2) ? "shoots through" :
      |         ~~~~~~~~~~~~~~~~~~~~~~~~~~~~~~~~~~
 7232 |         !number(0,1) ? "stabs straight through" : "penetrates through"),
      |         ~~~~~~~~~~~~~~~~~~~~~~~~~~~~~~~~~~~~~~~~~~~~~~~~~~~~~~~~~~~~~~~~
 7233 |         HSHR(target),
      |         ~~~~~~~~~~~~~
 7234 |         buf7);
      |         ~~~~~ 
firearms.cpp:5587:109: warning: ‘%s’ directive writing up to 49151 bytes into a region of size 49064 [-Wformat-overflow=]
 5587 |     sprintf (buf, "#1You are about to attack $N #1who is a fellow group member!#0 To confirm, type \'#6fire %s !#0\', without the quotes.", original);
      |                                                                                                             ^~                              ~~~~~~~~
firearms.cpp:5587:13: note: ‘sprintf’ output between 115 and 49266 bytes into a destination of size 49152
 5587 |     sprintf (buf, "#1You are about to attack $N #1who is a fellow group member!#0 To confirm, type \'#6fire %s !#0\', without the quotes.", original);
      |     ~~~~~~~~^~~~~~~~~~~~~~~~~~~~~~~~~~~~~~~~~~~~~~~~~~~~~~~~~~~~~~~~~~~~~~~~~~~~~~~~~~~~~~~~~~~~~~~~~~~~~~~~~~~~~~~~~~~~~~~~~~~~~~~~~~~~~~~~~~~~~~~~~
firearms.cpp: In function ‘void do_overwatch(CHAR_DATA*, char*, int)’:
firearms.cpp:4239:35: warning: ‘%s’ directive writing up to 49151 bytes into a region of size 49058 [-Wformat-overflow=]
 4239 |           "To confirm, type \'#6o %s !#0\', without the quotes.", original);
      |                                   ^~                              ~~~~~~~~
firearms.cpp:4238:17: note: ‘sprintf’ output between 121 and 49272 bytes into a destination of size 49152
 4238 |         sprintf (buf, "Are you sure you want to add $N, a group member, to your overwatch list?"
      |         ~~~~~~~~^~~~~~~~~~~~~~~~~~~~~~~~~~~~~~~~~~~~~~~~~~~~~~~~~~~~~~~~~~~~~~~~~~~~~~~~~~~~~~~~
 4239 |           "To confirm, type \'#6o %s !#0\', without the quotes.", original);
      |           ~~~~~~~~~~~~~~~~~~~~~~~~~~~~~~~~~~~~~~~~~~~~~~~~~~~~~~~~~~~~~~~~~
if test -f ../bin || install -v -d ../bin; then \
g++ -Wno-write-strings  account.o act.comm.o act.informative.o act.movement.o act.offensive.o act.other.o arena.o auctions.o clan.o comm.o commands.o commerce.o constants.o control.o crafts.o create_mobile.o creation.o db.o destruction.o dwellings.o edit.o employment.o fight.o group.o guest.o guides.o handler.o hash.o item_card.o item_tossable.o limits.o magic.o mobact.o mobprogs.o mysql.o nanny.o net_link.o object_damage.o objects.o olc.o perception.o psionics.o roles.o roomprogs.o save.o server.o somatics.o staff.o transformation.o utility.o weather.o wounds.o traps.o electronic.o variables.o firearms.o  -o ../bin/server `mysql_config --cflags --libs` -lcrypt; fi
